time,R,phase_diff,phase_a,phase_b
0.0,0.9999216562386996,0.025035140787165847,-1.4989442088116736,-1.5239793495988394
0.01,0.9997273076523286,0.04670800720150936,-1.4049046894019288,-1.4516126966034382
0.02,0.999730225372076,0.04645744362504268,-1.4128389562285195,-1.4592963998535622
0.03,0.9983681391820004,0.11427352587635613,-1.3143549717464278,-1.4286284976227839
0.04,0.9987773220500987,0.09891115965613118,-1.3310509351162023,-1.4299620947723335
0.05,0.997013949199391,0.15459723330810957,-1.2165466154572468,-1.3711438487653564
0.06,0.9982259897337263,0.11914814419995313,-1.2449797864955021,-1.3641279306954552
0.07,0.9935596432380905,0.22710846204788118,-1.1125881250675187,-1.3396965871153999
0.08,0.99630398553505,0.172006824641759,-1.1552811724170802,-1.3272879970588392
0.09,0.9953689524528655,0.19255391767528454,-1.0073440787864862,-1.1998979964617709
0.1,0.9935975649269247,0.22643813501722412,-1.0655236239026307,-1.2919617589198549
0.11,0.9918102678489067,0.25613957519502845,-0.9075927213029582,-1.1637322964979866
0.12,0.9932855541951756,0.23189606726408366,-0.9806353359771999,-1.2125314032412835
0.13,0.986194077957915,0.33271978317517814,-0.8200567642296465,-1.1527765474048246
0.14,0.9897515267492444,0.2865802009910572,-0.9055859590254689,-1.192166160016526
0.15,0.9897561200722937,0.28651586168140497,-0.7497028172630948,-1.0362186789444998
0.16,0.9911949324752689,0.2656014982872405,-0.8442599026074715,-1.109861400894712
0.17,0.9911504955130448,0.26627185603889464,-0.6990092899882521,-0.9652811460271467
0.18,0.9871892909059583,0.32047658634449183,-0.7988576726778582,-1.11933425902235
0.19,0.9834816847980132,0.36402189359365383,-0.6681914499863147,-1.0322133435799685
0.2,0.9915327046637571,0.2604499425565608,-0.7698802732002235,-1.0303302157567842
0.21,0.9935963619890693,0.22645942922641327,-0.655860638122918,-0.8823200673493311
0.22,0.9980829150713892,0.12386114088661172,-0.756466425240495,-0.8803275661271067
0.23,0.9972602742945083,0.1480804547923459,-0.659660075087746,-0.8077405298800919
0.24,0.996036071051531,0.17813591460388645,-0.7568169898652373,-0.9349529044691237
0.25,0.9979248348796375,0.12886840531879779,-0.6767102059393828,-0.8055786112581805
0.26,0.9999855369489663,-0.010756611324060023,-0.7685622110198433,-0.7578055996957833
0.27,0.9997773145228549,0.042208410767476716,-0.7038920526001886,-0.7461004633676653
0.28,0.9988121870524138,-0.09749043735798567,-0.7890440739524468,-0.6915536365944611
0.29,0.9954462548278583,-0.1909388483117798,-0.7380487319245699,-0.5471098836127901
0.3,0.9927537980827376,-0.24091442642270341,-0.8155362222366765,-0.5746217958139732
0.31,0.9870020850570546,-0.32281475285004646,-0.776158884608994,-0.4533441317589475
0.32,0.9935795056252038,-0.22675760838852255,-0.8454231661750866,-0.6186655577865641
0.33,0.9871483941344371,-0.3209888208802477,-0.8154921470874456,-0.49450332620719784
0.34,0.9947131892678626,-0.2057469456476791,-0.8763425877008229,-0.6705956420531437
0.35,0.9726460442379657,-0.4688674011171324,-0.8537288088689406,-0.3848614077518082
0.36,0.9846681473731638,-0.35067011524205877,-0.9062824586447293,-0.5556123434026705
0.37,0.9642877822767005,-0.5361106299434595,-0.889022847958304,-0.35291221801484446
0.38,0.9709268503026244,-0.4834470135301701,-0.9336256320913766,-0.45017861856120645
0.39,0.8991579740389829,-0.9059094317981747,-0.9200021043272917,-0.01409267252911691
0.4,0.9723483246190985,-0.4714238802470012,-0.9571440800465827,-0.48572019979958153
0.41,0.9218021853822727,-0.7961847316853979,-0.9457169068754275,-0.1495321751900297
0.42,0.9525730766622982,-0.6184278364368474,-0.9759547387944042,-0.35752690235755674
0.43,0.9293131932189386,-0.756495292799412,-0.9655583257129607,-0.20906303291354875
0.44,0.9381296245259295,-0.7072148535659479,-0.9894534968075632,-0.28223864324161524
0.45,0.8894639325579754,-0.9492509997719729,-0.9791672179136235,-0.029916218141650675
0.46,0.9281531714866955,-0.7627530667941403,-0.9972426112276992,-0.23448954443355885
0.47,0.8683835759155107,-1.0377259814973663,-0.9863491243297975,0.051376857167568644
0.48,0.9337782833731195,-0.7319332797764903,-0.9990622101097822,-0.26712893033329205
0.49,0.9066790915325135,-0.8709058047162168,-0.9870026239499107,-0.11609681923369387
0.5,0.911708542206504,-0.846745175076847,-0.9947313264761165,-0.14798615139926952
0.51,0.8830894130829336,-0.9767800397802756,-0.9810628764892804,-0.004282836709004709
0.52,0.8905519156782615,-0.9444785548803916,-0.9840997997314342,-0.03962124485104272
0.53,0.8761852794150099,-1.0058135283115246,-0.9684585837768555,0.03735494453466907
0.54,0.9169753596312223,-0.8207295472656653,-0.9670098363023164,-0.14628028903665116
0.55,0.8665261676464823,-1.0451927550448854,-0.9490790674582069,0.09611368758667842
0.56,0.9198382642939333,-0.8062566378679477,-0.9432648007785598,-0.13700816291061224
0.57,0.8694917689763076,-1.033247714278139,-0.9227478518510757,0.11049986242706349
0.58,0.8904710447085594,-0.944834062326706,-0.9126024558097797,0.0322316065169263
0.59,0.8677853393441131,-1.040136203154802,-0.8891994384009755,0.15093676475382664
0.6,0.9152773622628179,-0.8292007993086261,-0.8746699970054881,-0.04546919769686201
0.61,0.9061234836742756,-0.8735364163742265,-0.848056500998802,0.025479915375424458
0.62,0.9066012808230194,-0.87127465916038,-0.8289986224902822,0.04227603667009785
0.63,0.8770007677486844,-1.0024243578497603,-0.7988054047446521,0.20361895310510805
0.64,0.9123518811671101,-0.843607872506541,-0.7749760129853684,0.06863185952117253
0.65,0.8823289192371457,-0.9800167408643042,-0.7407688594869156,0.23924788137738862
0.66,0.9353285993552195,-0.72321915248746,-0.71181616815732,0.011402984330140023
0.67,0.908327336643151,-0.8630577863276001,-0.6730760075480005,0.18998177877959976
0.68,0.915315865255249,-0.8290096133136537,-0.6385280183912969,0.1904815949223568
0.69,0.9338808874026588,-0.7313596212981152,-0.5946329869600112,0.13672663433810398
0.7,0.9509209317788262,-0.6291954604800017,-0.5538879891919516,0.07530747128805017
0.71,0.9541202190435202,-0.6081773638464779,-0.5041021728254931,0.10407519102098481
0.72,0.9673117761359452,-0.5127797139995995,-0.45642870232695676,0.05635101167264281
0.73,0.9627223880615133,-0.5478068680600602,-0.3999076795124878,0.14789918854757253
0.74,0.9623162484747636,-0.5508018636075402,-0.3444683284131637,0.2063335351943765
0.75,0.9434684745419754,-0.6757060866388787,-0.2803004999027838,0.395405586736095
0.76,0.9893611545844689,-0.29199675737016895,-0.21622467085027208,0.07577208651989689
0.77,0.974762258379868,-0.450285413315384,-0.14353971391648435,0.30674569939889973
0.78,0.9819518725486076,-0.3805541161240186,-0.0700832397728979,0.3104708763511207
0.79,0.9730051325156068,-0.46576563425969714,0.01172988117335302,0.47749551543305013
0.8,0.9962217358039012,-0.17391137535075837,0.09489529335796712,0.26880666870872555
0.81,0.9991624818608985,-0.08186012808803216,0.18582619387763005,0.2676863219656622
0.82,0.9994006606853609,0.0692473359571237,0.27818161075488396,0.20893427479776025
0.83,0.9995574730476058,-0.05950190548860902,0.3771241179707969,0.436626023459406
0.84,0.985662669271273,0.33907783369341693,0.47683243839026745,0.1377546046968505
0.85,0.9782486294904329,0.4179060640765154,0.5811975523271027,0.16329148825058729
0.86,0.9841382537236317,0.35669434591520666,0.6849034946772716,0.3282091487620649
0.87,0.9571099279449053,0.5878790406644395,0.7907232137353054,0.20284417307086586
0.88,0.9592205813212457,0.573129185527353,0.8940505442528066,0.32092135872545363
0.89,0.9370470568774768,0.7134410872883848,0.9968926879862656,0.28345160069788083
0.9,0.8946336421672563,0.9263715136655165,1.095691824040244,0.1693203103747275
0.91,0.8719537088939211,1.0232351254772987,1.1920462848826847,0.16881115940538619
0.92,0.8644979731322217,1.0532912043546823,1.2836575631841598,0.23036635882947745
0.93,0.8720993552895306,1.0226399928169465,1.371832966678073,0.3491929738611265
0.94,0.8289086093476574,1.1872850601875287,1.4554759249618388,0.26819086477431
0.95,0.7965410622124791,1.2984880983170148,1.535480770133459,0.23699267181644407
0.96,0.7905444213937783,1.3181976984159707,1.6117477875020794,0.2935500890861088
0.97,0.7668706639357373,1.3936906860503375,1.6845703728198034,0.2908796867694659
0.98,0.7302396915862271,1.5042472013618202,1.7546588161070125,0.25041161474519213
0.99,0.7631116714434903,1.4053639234820439,1.8215653352708865,0.41620141178884257
1.0,0.7171022115155006,1.5423213153821498,1.8867001703252966,0.3443788549431468
1.01,0.6878833383496009,1.6244550983562789,1.94879354017453,0.3243384418182511
1.02,0.6750750219650175,1.6594598779390115,2.0099103524525574,0.35045047451354594
1.03,0.6005131205094495,1.853307325946951,2.067912990965193,0.21460566501824224
1.04,0.6148731100836727,1.817142540733644,2.1255177699982433,0.30837522926459937
1.05,0.5958570044484803,1.8649279339813614,2.1796869417679243,0.31475900778656296
1.06,0.5420403186135804,1.995866362524568,2.2338130752190115,0.23794671269444348
1.07,0.6206950432341866,1.8023349169254692,2.2839270185951106,0.48159210166964145
1.08,0.5796831143582113,1.9049131641463892,2.3341444369782174,0.42923127283182816
1.09,0.5657722970907589,1.938853516725881,2.37952716615053,0.4406736494246493
1.1,0.5101666140780932,2.070835654749044,2.424980256830397,0.3541446020813529
1.11,0.5320714586089901,2.019502253701717,2.464547306873557,0.44504505317183973
1.12,0.46129245210949954,2.1826899630355547,2.5040070007522406,0.3213170377166859
1.13,0.4632101409741501,2.1783647490140945,2.5363207068192497,0.35795595780515527
1.14,0.4310091295703149,2.25037102032955,2.568242138188841,0.317871117859291
1.15,0.45581230769360503,2.195023396555528,2.5915746712355983,0.3965512746800702
1.16,0.44187398923718063,2.226219461983723,2.614166558578966,0.3879470965952436
1.17,0.4436737904469584,2.2222048849559735,2.6265935746192635,0.40438868966329006
1.18,0.38037815753590865,2.3611823420831453,2.63793972548202,0.2767573833988746
1.19,0.4374431446719288,2.236085917146197,2.6375357029230635,0.40144978577686685
1.2,0.39959756125269935,2.319437070695611,2.6358660548727424,0.31642898417713144
1.21,0.42900280302009264,2.254815569206694,2.6211343387616832,0.366318769554989
1.22,0.436182834889355,2.238887999699641,2.6053913467958854,0.36650334709624416
1.23,0.4693077248148191,2.1645793701276137,2.5760618483660456,0.4114824782384319
1.24,0.4131621844614742,2.289745138814273,2.546821044759227,0.2570759059449539
1.25,0.5053878071816071,2.0819299870171153,2.5048919397181937,0.4229619527010785
1.26,0.44794833074806306,2.2126541799069317,2.4652672505375968,0.2526130706306653
1.27,0.5790866131364462,1.9063768737530797,2.4155475095885657,0.509170635835486
1.28,0.47764841564440835,2.1456404602396906,2.37111543424322,0.2254749740035297
1.29,0.56522445960013,1.9401820112003474,2.320233798042753,0.3800517868424057
1.3,0.5463838131261883,1.9855117110083502,2.277344184072335,0.29183247306398463
1.31,0.581099051749409,1.9014356448814607,2.2314063837542206,0.32997073887276
1.32,0.5553066001519961,1.964129478452673,2.19492732264323,0.23079784419055713
1.33,0.5878516195189235,1.8847915184572865,2.157634275801171,0.27284275734388447
1.34,0.5949036920260591,1.8673009993982108,2.1298967522517773,0.26259575285356657
1.35,0.6629727869337475,1.6920272299472894,2.102354761741269,0.4103275317939795
1.36,0.6286962529053883,1.7818415466951074,2.083597890366984,0.30175634367187654
1.37,0.6655961734741648,1.685007934191146,2.0652450453757942,0.3802371111846482
1.38,0.5985682508972023,1.8581674116512739,2.0546043133626943,0.19643690171142056
1.39,0.6274035308815128,1.78516400157303,2.0442026389156713,0.2590386373426416
1.4,0.59294192633978,1.872177850233377,2.0404851657566976,0.16830731552332057
1.41,0.5837713044439014,1.8948608365076036,2.0367318312295013,0.14187099472189774
1.42,0.6126315664858251,1.8228209438762564,2.038821650672179,0.21600070679592245
1.43,0.665577055567822,1.6850591666132215,2.0406141928153256,0.3555550262021041
1.44,0.6353402078739191,1.7646946707641538,2.0476211330251624,0.2829264622610085
1.45,0.6314873627688485,1.7746527762532658,2.0541271698854535,0.27947439363218785
1.46,0.5780465382834602,1.9089272175300465,2.0654084009228026,0.15648118339275624
1.47,0.6282653877366288,1.7829494183616845,2.076051160945034,0.29310174258334937
1.48,0.6296853097062614,1.7792965332394195,2.091183804961908,0.31188727172248815
1.49,0.5970588165299332,1.8619333016218413,2.1056013049339986,0.24366800331215713
1.5,0.5672828445798281,1.9351873284454333,2.124343132487538,0.18915580404210458
1.51,0.6330119049127138,1.7707172773725255,2.1423454746112776,0.37162819723875207
1.52,0.5347925273974532,2.013068266547182,2.164598098514225,0.15152983196704303
1.53,0.48870963617566404,2.1203724105915596,2.186131051932407,0.06575864134084751
1.54,0.4530419741496724,2.2012433911068565,2.2119096306203216,0.010666239513465316
1.55,0.44722984029359675,2.2142611109603876,2.2370256825100223,0.022764571549634925
1.56,0.44809033392996434,2.2123365078913837,2.2664348335278595,0.054098325636476
1.57,0.4681122558366306,2.1672860351980385,2.295270166339969,0.1279841311419302
1.58,0.34835269356406756,2.4299663619418626,2.3284840985087376,-0.10148226343312483
1.59,0.38830273660553366,2.3440144703448116,2.361238904992611,0.017224434647799134
1.6,0.3362589085848132,2.45570933434208,2.3984830446047223,-0.05722628973735752
1.61,0.3235970617949375,2.4825353822548535,2.435402076914323,-0.04713330534053009
1.62,0.33507430398781374,2.4582244697605615,2.4769329765494454,0.018708506788884246
1.63,0.2431020012772424,2.650467627516992,2.5182827937634413,-0.13218483375355078
1.64,0.1952242588754469,2.748620446505591,2.564362652071963,-0.18425779443362794
1.65,0.21119276190961836,2.7160024828129012,2.6104016339407754,-0.10560084887212605
1.66,0.14024344822810828,2.860178076267935,2.6612634390265364,-0.19891463724139868
1.67,0.13524712436010808,2.8702669051023895,2.7122005624192123,-0.15806634268317735
1.68,0.012719910587486012,-3.11615214635412,2.7680001787251896,-0.3990329821002771
1.69,0.06402901432465254,3.013446962888873,2.8239394996253364,-0.18950746326353685
1.7,0.08804029844499192,-2.9652837900603193,2.8846928639568903,-0.43320865316237694
1.71,0.1318225275482108,-2.877177997222573,2.9455637379482935,-0.4604435720087199
1.72,0.18645895599760787,-2.766479348660781,3.011071975966653,-0.5056339825521523
1.73,0.19929784508620252,-2.7403099750322655,3.0765515242526553,-0.46632380789466565
1.74,0.27253442862208216,-2.5895402658900166,-3.1368601303177504,-0.5473198644277336
1.75,0.2924088176175387,-2.548103090154924,-3.0674157469337366,-0.5193126567788124
1.76,0.3763531901542677,-2.3698788151445047,-2.9942111947126073,-0.6243323795681024
1.77,0.3998034430504445,-2.318987863815157,-2.921799530767789,-0.6028116669526319
1.78,0.5022109155550901,-2.0892854376105747,-2.84634647836226,-0.7570610407516855
1.79,0.5114023161141471,-2.06796095520613,-2.772285318895756,-0.7043243636896263
1.8,0.5508204217751312,-1.974898846940667,-2.6960395704932485,-0.7211407235525815
1.81,0.5459161903359322,-1.9866281723651118,-2.6218515250911976,-0.6352233527260855
1.82,0.6455091213337703,-1.738213252240015,-2.5463899592078008,-0.8081767069677855
1.83,0.6752504085203171,-1.658984362236622,-2.4736233272835815,-0.8146389650469594
1.84,0.7113455155200811,-1.558771152079547,-2.4004512307130246,-0.8416800786334775
1.85,0.7190847823204524,-1.5366238279758233,-2.330490689499299,-0.7938668615234757
1.86,0.7809647006237885,-1.3491748534152974,-2.260871229189669,-0.9116963757743713
1.87,0.7820048970155358,-1.3458404838136748,-2.1948001477049326,-0.8489596638912579
1.88,0.8211706120336092,-1.2146741533654697,-2.1296572169610184,-0.9149830635955488
1.89,0.8453879527399765,-1.1270105623560747,-2.068204614048026,-0.9411940516919514
1.9,0.8471808333045423,-1.1202796361346454,-2.008110196307662,-0.8878305601730164
1.91,0.8821187568502548,-0.9809094720290245,-1.951672594000831,-0.9707631219718065
1.92,0.8961718593447918,-0.9194621253098763,-1.8968927752526976,-0.9774306499428213
1.93,0.9118282864473105,-0.8461620590586961,-1.8455958121509222,-0.9994337530922262
1.94,0.9240756200315772,-0.7843727259353285,-1.7961580875976886,-1.01178536166236
1.95,0.9293840300832149,-0.7561115646727784,-1.749923931153889,-0.9938123664811106
1.96,0.9379758274808211,-0.7081025902672029,-1.7056788583966964,-0.9975762681294935
1.97,0.9491240027560213,-0.6407079954849214,-1.6642807875224161,-1.0235727920374948
1.98,0.9531257066952462,-0.614785430972868,-1.6249475018348571,-1.0101620708619892
1.99,0.9592797353103818,-0.5727104824499101,-1.5880478492450085,-1.0153373667950985
2.0,0.9640796698489872,-0.5376798982662695,-1.5532446630324908,-1.0155647647662214
2.01,0.9667858513265863,-0.5169112731789015,-1.5204204271159116,-1.00350915393701
2.02,0.9703262260015111,-0.4884399815509641,-1.4896865078580972,-1.001246526307133
2.03,0.9735937700217212,-0.4606366912506245,-1.4604489713101942,-0.9998122800595697
2.04,0.969583746700815,-0.4945438926328753,-1.433263041906269,-0.9387191492733937
2.05,0.9717970314873012,-0.4761221907332135,-1.4070763165941889,-0.9309541258609754
2.06,0.9773458721218122,-0.4265225275623039,-1.382876025800613,-0.9563534982383091
2.07,0.9764467271793875,-0.4349373970923887,-1.3591767928823908,-0.924239395790002
2.08,0.9793671754165234,-0.4069807840057119,-1.3373796442625843,-0.9303988602568724
2.09,0.9780196440223192,-0.4201081193334614,-1.3155978391809149,-0.8954897198474534
2.1,0.9787911090416288,-0.4126430649896236,-1.2956223810277843,-0.8829793160381606
2.11,0.9769490742141855,-0.4302560329647947,-1.2752009230618355,-0.8449448900970409
2.12,0.9778524910536882,-0.42170840412645116,-1.256485798660583,-0.8347773945341319
2.13,0.9760663979985982,-0.43844895342195905,-1.236896957426266,-0.7984480040043069
2.14,0.9748071741054015,-0.44988284772626097,-1.218915462877964,-0.769032615151703
2.15,0.9758196603393743,-0.4407123422717599,-1.1996719568958987,-0.7589596146241387
2.16,0.9721375117336167,-0.4732259052750241,-1.1819406447574647,-0.7087147394824406
2.17,0.969963164279822,-0.49143398729208615,-1.1626006511044957,-0.6711666638124095
2.18,0.9685623435272749,-0.5028222154497339,-1.1446817355993764,-0.6418595201496424
2.19,0.9656057304855341,-0.526066604438875,-1.1248481375361157,-0.5987815330972406
2.2,0.9634323274696376,-0.5425328556988219,-1.1063465109473034,-0.5638136552484815
2.21,0.959361846985277,-0.5721287866358258,-1.0856615326720827,-0.5135327460362568
2.22,0.9543622892102126,-0.6065583688970143,-1.0662178092668742,-0.45965944036985984
2.23,0.9500585160697164,-0.6347459488632748,-1.0443545326067953,-0.4096085837435205
2.24,0.9417973772331785,-0.6857179822596823,-1.0236356616863582,-0.3379176794266758
2.25,0.9367285413934141,-0.7152631024622127,-1.0002878524991041,-0.2850247500368914
2.26,0.9288620105967275,-0.7589350456560013,-0.9779766253700903,-0.2190415797140889
2.27,0.9202742107752483,-0.8040312060204166,-0.9528479948278249,-0.1488167888074083
2.28,0.9094997447284007,-0.857434490348992,-0.9286324113169244,-0.07119792096793247
2.29,0.8997906814154208,-0.9030135675023934,-0.9014260882448295,0.0015874792575638688
2.3,0.8858139808445422,-0.9651022518428497,-0.874989222754889,0.09011302908796073
2.31,0.8705705158871211,-1.0288714213228989,-0.8453979633019727,0.18347345802092607
2.32,0.8543461980455316,-1.0930096357974313,-0.8164087995586611,0.2766008362387703
2.33,0.8362964964868211,-1.1606062326583526,-0.7841064040485242,0.3764998286098285
2.34,0.8171643879679196,-1.2286441702005961,-0.7522121680868775,0.4764320021137186
2.35,0.7979152874467623,-1.2939352510146331,-0.7168467760876459,0.5770884749269872
2.36,0.7762778777219348,-1.3641132691501459,-0.6816676476134614,0.6824456215366845
2.37,0.753434530290062,-1.435052651191689,-0.6428581017140774,0.7921945494776116
2.38,0.7331731963908217,-1.4956397210891696,-0.6039858891698483,0.8916538319193213
2.39,0.7120570418374589,-1.5567454027967753,-0.5613232660012046,0.9954221367955707
2.4,0.6925943782904314,-1.611433564814064,-0.5183267598228727,1.0931068049911914
2.41,0.672722005188296,-1.665829515334146,-0.47138452148438537,1.1944449938497608
2.42,0.6571017809623468,-1.7076576847991467,-0.423825815352255,1.2838318694468918
2.43,0.6430916678203572,-1.7445352803247267,-0.37218378626188636,1.3723514940628403
2.44,0.6317392144239381,-1.7740030742350152,-0.3196516991904341,1.4543513750445811
2.45,0.6207518710470056,-1.8021899534854138,-0.26294083493986287,1.5392491185455508
2.46,0.6138435754010716,-1.819752171852944,-0.20510897190350535,1.6146431999494386
2.47,0.6094357411306778,-1.8308952560400151,-0.14308449845289928,1.687810757587116
2.48,0.6065985378604022,-1.8380425592979628,-0.0798006896077391,1.7582418696902236
2.49,0.6077032153918506,-1.8352620497307668,-0.012448148314098163,1.8228139014166687
2.5,0.6098568161715217,-1.8298328387684237,0.0561442981622619,1.8859771369306857
2.51,0.6130896114545412,-1.8216616166841653,0.12847624549291398,1.9501378621770793
2.52,0.6178141312516744,-1.8096730532552032,0.20180106476921136,2.0114741180244144
2.53,0.6255426942567803,-1.7899387903596304,0.27826900339744476,2.0682077937570753
2.54,0.6297951211000408,-1.7790138077676894,0.3552056819914443,2.1342194897591336
2.55,0.6421715180657792,-1.7469372107732402,0.4343981922356499,2.18133540300889
2.56,0.6511588215274999,-1.7233719930772076,0.5132659451221879,2.2366379381993955
2.57,0.661533004788124,-1.695870338366101,0.5932623557979488,2.2891326941640497
2.58,0.6745185251365318,-1.6609679921930156,0.6719653400908977,2.3329333322839134
2.59,0.68243704190595,-1.639409517646401,0.7505689004576676,2.3899784181040684
2.6,0.6959838575651849,-1.6020143372242845,0.8269052539738481,2.4289195911981327
2.61,0.7085038267382202,-1.5668409714760205,0.9020019635451675,2.468842935021188
2.62,0.7196560020005511,-1.5349791467219815,0.9740353902478947,2.509014536969876
2.63,0.7319642267422484,-1.4991918957102979,1.0439372007723071,2.543129096482605
2.64,0.7464231141072191,-1.4562510765124077,1.110274948591197,2.5665260251036046
2.65,0.7592498552186281,-1.4172732793361642,1.173907662774183,2.591180942110347
2.66,0.7700112927430998,-1.3838749518608924,1.233789678800009,2.6176646306609013
2.67,0.7834574238204022,-1.3411726749178117,1.290690583644571,2.6318632585623827
2.68,0.7958061626902495,-1.3009172451459505,1.3439146041789056,2.644831849324856
2.69,0.8094638008477684,-1.2551159599894006,1.394109586948859,2.6492255469382595
2.7,0.8207583575217464,-1.2161181798148466,1.440884674630192,2.6570028544450386
2.71,0.8417269639604423,-1.1406447632452588,1.4847381410916711,2.62538290433693
2.72,0.8544721337036609,-1.092524895726883,1.525544856886992,2.618069752613875
2.73,0.8730130911010608,-1.0188991060610244,1.563637580781686,2.5825366868427104
2.74,0.8858088584608727,-0.9651243289229061,1.5991261784001485,2.5642505073230546
2.75,0.9029365806795324,-0.8884845233211741,1.6321725781941752,2.5206571015153494
2.76,0.9202199296180491,-0.8043086192834594,1.6630967362138596,2.467405355497319
2.77,0.9303833626496519,-0.7506782150111175,1.6918909451870627,2.4425691601981803
2.78,0.9452264589906183,-0.6650172875797284,1.7190630547795342,2.3840803423592627
2.79,0.9564321024554819,-0.5925401968945092,1.7444398262322958,2.336980023126805
2.8,0.9674454567761891,-0.5117243468387294,1.768695901008574,2.2804202478473035
2.81,0.9784429574590875,-0.41602828648295925,1.7914974623015232,2.2075257487844824
2.82,0.9818780526160487,-0.3813339491982182,1.8136659689026102,2.1949999181008284
2.83,0.987185441646413,-0.3205248331516306,1.834712113505848,2.1552369466574786
2.84,0.9896000692565532,-0.2886937107831808,1.855586331301075,2.144280042084256
2.85,0.9936476787618679,-0.2255492493392599,1.8756490698985533,2.101198319237813
2.86,0.9959833427883258,-0.17931757344001745,1.8959651916302303,2.0752827650702477
2.87,0.9969473045104894,-0.156313784763757,1.9157504820465632,2.07206426681032
2.88,0.998470205739895,-0.11064120261023985,1.9361736775623601,2.0468148801726
2.89,0.9989016957557373,-0.09374456137972938,1.9563118063755511,2.0500563677552806
2.9,0.9995273245229145,-0.06149554252448244,1.9774309312248373,2.03892647374932
2.91,0.9996329090036782,-0.054193243698491114,1.9984752534784016,2.0526684971768927
2.92,0.9999876392882778,-0.009944138851339266,2.020805014722142,2.030749153573481
2.93,0.9999880554447196,0.009775307282834543,2.0432370660477,2.0334617587648656
2.94,0.9999882412777367,0.009698967082335322,2.067225113196572,2.057526146114237
2.95,0.9998509430297601,0.03453238171731157,2.0914631636429513,2.0569307819256397
2.96,0.999816487043308,0.03831642674374093,2.1174990382256254,2.0791826114818845
2.97,0.9994653275903602,0.06540459079902126,2.143906991198143,2.0785024003991217
2.98,0.9992407192157039,0.07794238324849932,2.1723299889083934,2.094387605659894
2.99,0.9987746643409687,0.09901862378674192,2.201223863698377,2.102205239911635
3.0,0.9986362502535541,0.10446280976944068,2.2323273146501186,2.127864504880678
3.01,0.997999859955053,0.12651662849884412,2.2639770678800684,2.137460439381224
3.02,0.9982380455646079,0.11874248077396335,2.298007058720751,2.1792645779467876
3.03,0.9973011914114417,0.14697002118597174,2.3326320103806535,2.185661989194682
3.04,0.9970933572489242,0.15252676981736366,2.3697790626048114,2.217252292787448
3.05,0.9960878113756959,0.17696874659267967,2.4075356964180448,2.230566949825365
3.06,0.9960186249873719,0.17852775049910397,2.447918469813252,2.269390719314148
3.07,0.9956090957190971,0.18749125609081213,2.488880048391851,2.3013887923010388
3.08,0.9951779088328456,0.1964886070075838,2.5325209962521447,2.336032389244561
3.09,0.9940037868441068,0.21912946282846635,2.576649554116443,2.357520091287977
3.1,0.9937951572372604,0.22291289922494598,2.623443918447499,2.400531019222553
3.11,0.9933436994831607,0.23088868385901662,2.670557045883526,2.439668362024509
3.12,0.9925711255807,0.2439359049212122,2.7202388379173894,2.476302932996177
3.13,0.9924087211818156,0.2465912065649407,2.769976279497531,2.5233850729325904
3.14,0.9915026215896704,0.2609128589273917,2.8220877295191533,2.5611748705917616
3.15,0.9912149553602355,0.2652988909663319,2.873885636954499,2.608586745988167
3.16,0.9912065159889247,0.26542647761443083,2.927759039782243,2.662332562167812
3.17,0.9909039644703251,0.26996086708710276,2.980841301778821,2.710880434691718
3.18,0.9913195359603679,0.2637127467590834,3.0356023782714714,2.771889631512388
3.19,0.9919756946052812,0.2535359540139517,3.088996694884044,2.8354607408700923
3.2,0.9919739765943277,0.25356313010768955,-3.139590821259443,2.8900313558124537
3.21,0.9923092848541212,0.24820303403376956,-3.087011105138688,2.947971168007129
3.22,0.9930992604027574,0.23509472024659434,-3.033751750045175,3.0143388368878172
3.23,0.994198650295004,0.21553593993226516,-2.983209677686017,3.084439689561304
3.24,0.9947897139430317,0.2042511565183256,-2.9325281235077347,-3.1367792800260603
3.25,0.9960242535338413,0.1784014280079665,-2.8852890490089442,-3.0636904770169107
3.26,0.9968032817968645,0.15996056575011064,-2.838444642085157,-2.9984052078352676
3.27,0.998107499331012,0.12306414252361543,-2.795790966264189,-2.9188551087878043
3.28,0.9990196689499723,0.08856596487328307,-2.754058809461797,-2.84262477433508
3.29,0.9996682499289885,0.051518417340032936,-2.71731616290274,-2.768834580242773
3.3,0.9999765018131286,0.013710807095011417,-2.6820423729483847,-2.695753180043396
3.31,0.9997728766052715,-0.04262693915873278,-2.652674613299387,-2.610047674140654
3.32,0.9991753497595376,-0.08122874401245105,-2.6254061622742517,-2.5441774182618007
3.33,0.9976792676595881,-0.1362829565114243,-2.605195151402456,-2.4689121948910318
3.34,0.9952929255664176,-0.194129273096419,-2.5879009295291304,-2.3937716564327114
3.35,0.992385824855104,-0.2469632753748092,-2.5792313413799386,-2.3322680660051294
3.36,0.9874526770185208,-0.3171580092173473,-2.5746338540268088,-2.2574758448094614
3.37,0.9814018881722109,-0.3863267813522429,-2.5808965304641562,-2.1945697491119134
3.38,0.9731821359997813,-0.4642292104646666,-2.592901281639021,-2.1286720711743543
3.39,0.9625576321233605,-0.5490237477247,-2.6189347715047604,-2.0699110237800604
3.4,0.9468940700516557,-0.6547227947037921,-2.6529384971489645,-1.9982157024451723
3.41,0.9306855623693102,-0.7490277708931663,-2.7049932470007696,-1.9559654761076033
3.42,0.9063058510102201,-0.8726737880097681,-2.7670894871572456,-1.8944156991474774
3.43,0.8770850262397415,-1.0020735819324278,-2.85053365175513,-1.848460069822702
3.44,0.841366475960841,-1.1419794485746562,-2.9431039510794728,-1.8011245025048166
3.45,0.7951081205981818,-1.3032209777750179,-3.0550649198945514,-1.7518439421195335
3.46,0.7443563911124202,-1.4624516083693977,3.1152798695607533,-1.7054538292494354
3.47,0.6868308923489023,-1.6273531237038072,2.993684979430648,-1.662147204045131
3.48,0.6316907780058271,-1.7741280390772607,2.8843424422888715,-1.6247148258134543
3.49,0.5781956088331185,-1.9085618265903754,2.7784215546935442,-1.5962019258956668
3.5,0.5240368078216867,-2.038425037909238,2.6921915484464902,-1.5525687208238583
3.51,0.4782950931689933,-2.144168019879429,2.6143125969002843,-1.524704690399873
3.52,0.43124041338455266,-2.2498583620477928,2.555361624808817,-1.4779653203229766
3.53,0.4055364248134728,-2.3064614502418257,2.5039932105635225,-1.472730646374238
3.54,0.3687582082716301,-2.386247204905812,2.467647725636879,-1.4292903766368956
3.55,0.3404497378669746,-2.4468023196049797,2.4366505152967255,-1.3997324722778814
3.56,0.3313451015870231,-2.466134943102665,2.4169796849383927,-1.400070679138529
3.57,0.3012320280152798,-2.52962378748718,2.40075940720654,-1.352802112485867
3.58,0.2900370802735217,-2.553061487059817,2.393174485528959,-1.3369493345908108
3.59,0.2752558579130067,-2.583880991921662,2.387765737428096,-1.311538577829829
3.6,0.26769426741541447,-2.5995943279857863,2.389186906834474,-1.2944040723593262
3.61,0.261792853545821,-2.6118339003065385,2.3920074944040834,-1.2793439124689645
3.62,0.2564975859184876,-2.6227990387012916,2.4004778576816794,-1.2599084107966154
3.63,0.24901136217251882,-2.638273996057409,2.409909213716306,-1.2350020974058717
3.64,0.25430018493966977,-2.6273445915557225,2.424227331673007,-1.2316133839508567
3.65,0.24447189778544673,-2.6476425997848665,2.439289469112791,-1.196253238281929
3.66,0.2470018096204666,-2.642422714860289,2.458752291928868,-1.1820103003904296
3.67,0.2521796307285123,-2.6317286044384813,2.4788877709134316,-1.1725689318276737
3.68,0.25030020205736414,-2.635612023769928,2.503124293659917,-1.1444489897497414
3.69,0.2521344004646876,-2.631822085688091,2.528059653400256,-1.1233035680912393
3.7,0.25715619946247287,-2.6214360949338533,2.556923860697598,-1.1048253515481352
3.71,0.26228965540836896,-2.610804319591845,2.5865790812214904,-1.0858019063662514
3.72,0.27037063559839214,-2.5940366853955585,2.6200778853988917,-1.0690707363851364
3.73,0.274534249478544,-2.585382037768503,2.6545028346784294,-1.043300434732654
3.74,0.28244543806648054,-2.5689078730132398,2.6927420542299636,-1.021535379936383
3.75,0.29284196958098063,-2.5471971297578615,2.732065195340112,-1.0039229820816131
3.76,0.3026311832103007,-2.526688484997212,2.7752013610413657,-0.9812954611410086
3.77,0.3132534630040476,-2.504358663305602,2.819579785307977,-0.9592468585660074
3.78,0.3269443751134901,-2.4754557681103564,2.8677683467799713,-0.9399611922892586
3.79,0.3331616049395615,-2.462283113889763,2.9173306013459412,-0.903571591943882
3.8,0.3424557086708097,-2.4425338366291967,2.9706632950160077,-0.869988175534382
3.81,0.3594314586594665,-2.4062755239686164,3.025439048201172,-0.851470735009798
3.82,0.3731583795763233,-2.3767706967873883,3.083866495525248,-0.82254811486695
3.83,0.38164117667040887,-2.3584502226262116,-3.139483570015051,-0.7810333473888392
3.84,0.394154494001593,-2.3312972829571263,-3.076241547026161,-0.7449442640690346
3.85,0.4113169972602846,-2.2937957092937755,-3.0117764321756497,-0.7179807228818741
3.86,0.4212945352241481,-2.2718481757662725,-2.944319327761085,-0.6724711519948126
3.87,0.44281000267585024,-2.224132118024274,-2.87600825250264,-0.6518761344783659
3.88,0.4533992844347906,-2.2004417062490327,-2.8053147074413087,-0.6048730011922763
3.89,0.46428081195112614,-2.1759477982314617,-2.7343277055135267,-0.558379907282065
3.9,0.48021938042049905,-2.139783050245752,-2.6617494765537573,-0.5219664263080052
3.91,0.487307693665378,-2.1235847857240824,-2.589591476625251,-0.4660066909011686
3.92,0.5013450720927193,-2.091287396214863,-2.516752520731357,-0.42546512451649415
3.93,0.5103858229272511,-2.0703258729905922,-2.4451142663307954,-0.37478839334020325
3.94,0.51798727972918,-2.0526000943018348,-2.373720714499152,-0.3211206201973169
3.95,0.5240459434767222,-2.0384035849746445,-2.304261938662544,-0.2658583536878995
3.96,0.5267027383157596,-2.0321586982106634,-2.235876694319003,-0.2037179961083394
3.97,0.5292664249209584,-2.0261211903729914,-2.1700128833449788,-0.14389169297198726
3.98,0.5307977310055632,-2.0225095229157137,-2.1058730798193426,-0.0833635569036288
3.99,0.525883166223744,-2.034086415403432,-2.0446379392871927,-0.010551523883760622
4.0,0.5248938632889251,-2.0364118278234127,-1.9855692204374433,0.05084260738596943
4.01,0.5165080711902009,-2.0560568531799106,-1.9295808252007474,0.12647602797916324
4.02,0.5060790999565092,-2.0803273418475534,-1.8760086011662356,0.20431874068131795
4.03,0.49491392776360504,-2.1061211040412045,-1.8255155712927036,0.2806055327485007
4.04,0.48330778800510393,-2.1327343082832178,-1.7775338133396565,0.35520049494356115
4.05,0.4691974247488167,-2.16482918229668,-1.7324956697347382,0.43233351256194186
4.06,0.45314120343070885,-2.2010207701500493,-1.6899493005582855,0.511071469591764
4.07,0.43414647839843074,-2.2434114743941764,-1.65011463881013,0.5932968355840463
4.08,0.4171302802460353,-2.2810216864040416,-1.6126694910482466,0.6683521953557948
4.09,0.3981085799908535,-2.322684524157249,-1.5776364169442125,0.7450481072130364
4.1,0.37518884261255797,-2.3723916712850035,-1.544830206742549,0.8275614645424546
4.11,0.35610774785104893,-2.413394132093133,-1.5140891321065217,0.8993049999866113
4.12,0.33664488667550113,-2.4548895874447236,-1.4853678103711647,0.9695217770735588
4.13,0.3130526656840155,-2.5047815268548317,-1.458333080046075,1.046448446808757
4.14,0.2936175247155292,-2.5455747007061404,-1.4330795219470711,1.1124951787590693
4.15,0.2734416710527676,-2.5876541410662544,-1.4091161895928255,1.178537951473429
4.16,0.256568985394436,-2.622651295584586,-1.3866762194916311,1.2359750760929546
4.17,0.23944920250895785,-2.6579956327588885,-1.3651253727594719,1.2928702599994166
4.18,0.22610193991561592,-2.685444408161564,-1.3448328618558532,1.3406115463057109
4.19,0.21237763616424826,-2.7135777316605223,-1.325035796979975,1.3885419346805472
4.2,0.19616402351532905,-2.746703859905168,-1.3062359238064705,1.4404679360986974
4.21,0.185592483780006,-2.768243079296759,-1.2875554870312778,1.4806875922654812
4.22,0.17225233608157015,-2.7953611993792786,-1.2696240082542662,1.5257371911250124
4.23,0.1632697551427517,-2.813584697899928,-1.251460912429126,1.5621237854708023
4.24,0.15360828618759365,-2.8331549148778947,-1.233817449452781,1.5993374654251138
4.25,0.14569594601681707,-2.8491598768039252,-1.215620048277429,1.6335398285264962
4.26,0.1414281213897962,-2.8577848767027962,-1.1977344506337335,1.6600504260690627
4.27,0.1346914801103516,-2.871388456054704,-1.179001686652523,1.6923867694021808
4.28,0.13152376068092617,-2.87778077926993,-1.1603938170634904,1.7173869622064393
4.29,0.1297246522362749,-2.881410092808984,-1.1406722279841655,1.7407378648248184
4.3,0.1234524926659376,-2.8940561676432495,-1.1209064979210142,1.773149669722235
4.31,0.12098774436613184,-2.8990229010735797,-1.0997828862908692,1.7992400147827103
4.32,0.12335285504625151,-2.8942569777385527,-1.0784593269688174,1.815797650769735
4.33,0.12404624234411536,-2.8928594698579166,-1.055550895075656,1.8373085747822606
4.34,0.12577729095148987,-2.8893700424785567,-1.0322945297466748,1.8570755127318819
4.35,0.12948433835232626,-2.881894808784491,-1.0072381010564189,1.874656707728072
4.36,0.13364691145024407,-2.873496654886275,-0.9816880972259827,1.8918085576602919
4.37,0.13416327369247447,-2.872454545317998,-0.9541297182117414,1.9183248271062567
4.38,0.1387157310653285,-2.8632636727865393,-0.9259294748262497,1.9373341979602896
4.39,0.14483354545868038,-2.850903169395428,-0.8955154271425986,1.9553877422528296
4.4,0.14974245922252852,-2.8409770736259135,-0.8643045744159357,1.9766724992099776
4.41,0.15376674096050438,-2.8328341950197413,-0.8306747751636141,2.002159419856127
4.42,0.162428771800314,-2.815289421057047,-0.7960841507013908,2.019205270355656
4.43,0.16920261849260337,-2.801551521741843,-0.7588691665193698,2.0426823552224733
4.44,0.1757074428430016,-2.788343963559758,-0.720520245384286,2.067823718175472
4.45,0.18500839296280583,-2.7694318481493343,-0.6793437368289251,2.090088111320409
4.46,0.19095771663002425,-2.757317204040372,-0.6368547537144886,2.1204624503258835
4.47,0.19938943984485338,-2.7401230335329245,-0.5913440868545705,2.148778946678354
4.48,0.211255487999455,-2.7158741348010556,-0.5443461348058706,2.171527999995185
4.49,0.22113950438740457,-2.69562715712239,-0.4941550127988393,2.2014721443235508
4.5,0.22723323645154161,-2.683121350820006,-0.4423224880776225,2.240798862742383
4.51,0.24300218914184377,-2.650673422926155,-0.3871703556399366,2.2635030672862184
4.52,0.2523608128040395,-2.6313541285483626,-0.3302706021602196,2.301083526388143
4.53,0.2685818585070159,-2.597751668445974,-0.27000331897435875,2.327748349471615
4.54,0.2768283707944935,-2.5806088275446943,-0.20796889877795674,2.3726399287667377
4.55,0.2920634787351889,-2.5488252949143146,-0.14264204979328382,2.4061832451210305
4.56,0.3058565889480674,-2.519916644810557,-0.07566364379108251,2.444253001019475
4.57,0.3176329389552093,-2.4951284473893396,-0.005641567101179055,2.4894868802881605
4.58,0.3304552028751557,-2.4680209895894722,0.06573202430583229,2.5337530138953044
4.59,0.3444219803875373,-2.4383466039380535,0.1396831456770472,2.5780297496151006
4.6,0.35902178360642084,-2.4071534771423893,0.21446856281999924,2.6216220399623884
4.61,0.37241679476670114,-2.3783690834387756,0.2911328338610016,2.6695019172997774
4.62,0.3845794021937833,-2.3520883754706383,0.3679048761337292,2.7199932516043677
4.63,0.3965480274321154,-2.3260856198517494,0.4456611491150339,2.7717467689667834
4.64,0.40966601734939434,-2.2974168183870223,0.5226559222183154,2.8200727406053376
4.65,0.42201775756106946,-2.2702529891401824,0.5996409005951546,2.869893889735337
4.66,0.4310729257868433,-2.2502296174018683,0.674971658455914,2.9252012758577823
4.67,0.43854722514915184,-2.233629613579657,0.7493333727801144,2.9829629863597713
4.68,0.45058261189354387,-2.2067569607138244,0.8212591716335401,3.0280161323473647
4.69,0.4524500876873317,-2.202571027374952,0.8914154273260139,3.093986454700966
4.7,0.4612325711058194,-2.182824942079242,0.9585646900629277,3.1413896321421695
4.71,0.461934712921554,-2.1812419312190436,1.0233732298563323,-3.0785701461042105
4.72,0.46787072266136753,-2.1678326554651792,1.0848503403339276,-3.03050231138048
4.73,0.4693021392440876,-2.164592020958711,1.1436518119532926,-2.974941474267583
4.74,0.47183891353198143,-2.158842057115922,1.1990242729439045,-2.92531897711976
4.75,0.4812684006079553,-2.1373903785696458,1.2515871518972026,-2.894207776712738
4.76,0.47715960939859897,-2.1467530474935836,1.3008034222653704,-2.835628837420632
4.77,0.48455055821734044,-2.129894038067223,1.3472292438205058,-2.8060620252918578
4.78,0.48124932482033456,-2.137433901852775,1.39052264514716,-2.755228760179652
4.79,0.4859341342821267,-2.1267293343637963,1.431156365524461,-2.7252996072913294
4.8,0.48551124616437097,-2.1276969166893647,1.4689659635430932,-2.686522426947129
4.81,0.48695022164095075,-2.124403427035448,1.504328506730291,-2.6544533734138476
4.82,0.49315486860277086,-2.110167513181092,1.5372425533898348,-2.6357752406086594
4.83,0.500104225632875,-2.094154395240918,1.567982926873163,-2.6210479850655055
4.84,0.5011515720831213,-2.091734638168609,1.5966974179761526,-2.5947532510348252
4.85,0.49660956860993855,-2.1022161592662467,1.623554953211629,-2.557414194701711
4.86,0.5104409990872477,-2.0701975457679116,1.6488379912367361,-2.5641497701749385
4.87,0.5316934193465598,-2.020395100046711,1.672606963938229,-2.5901832431946463
4.88,0.5437130186730356,-1.9918828523577756,1.6952634834522264,-2.5960389713695844
4.89,0.5585338633761052,-1.9563582283628567,1.716757302156184,-2.610069776660546
4.9,0.5836208721019421,-1.8952313721980825,1.7375937743915062,-2.650360160589998
4.91,0.6082194898260965,-1.8339615556134798,1.757610470759012,-2.6916132808070947
4.92,0.6478162279431475,-1.7321640082426952,1.7774027601911113,-2.77361853874578
4.93,0.6909822292529192,-1.615898734376813,1.7966958267751996,-2.870590746027574
4.94,0.7106532503010545,-1.5607400729736376,1.816164374266334,-2.906280859939615
4.95,0.7666787943549729,-1.394288488566126,1.83542274485642,-3.0534740737570405
4.96,0.8099443967074185,-1.2534780440847417,1.8552179981479713,3.108696042232713
4.97,0.8442745432582495,-1.131172591519019,1.8750569642796764,3.0062295557986953
4.98,0.8785099422981852,-0.9961244089110645,1.8957556109194014,2.8918800198304657
4.99,0.8989945164457116,-0.906656168040014,1.9167180187370805,2.8233741867770945
5.0,0.9233820728640155,-0.787993946735622,1.9388283560919124,2.7268223028275345
5.01,0.9388352833138102,-0.7031279342773668,1.9613936010611956,2.6645215353385625
5.02,0.9582026286541814,-0.5802884180719771,1.9853670724799173,2.5656554905518942
5.03,0.969025637786167,-0.4990839458405279,2.009964638064729,2.509048583905257
5.04,0.9748278073355264,-0.44969779979137187,2.0362102834372227,2.4859080832285945
5.05,0.9798114737033772,-0.402560045952096,2.0632346950877176,2.4657947410398138
5.06,0.9881581067532672,-0.30809529788417533,2.092133667879695,2.4002289657638705
5.07,0.9900248157109572,-0.28272690138218154,2.121958311108997,2.4046852124911786
5.08,0.9921283951373765,-0.2511087990846592,2.1538762372437716,2.404985036328431
5.09,0.9946648566989076,-0.20668611992002187,2.1868640816267253,2.393550201546747
5.1,0.9962138394527562,-0.17409312751524858,2.222159512774618,2.3962526402898665
5.11,0.9975619007867584,-0.13968795450344687,2.25866911077228,2.398357065275727
5.12,0.9988576747758774,-0.09560513688639866,2.2976964644632005,2.393301601349599
5.13,0.9993818781959384,-0.07032413489857876,2.338081548019681,2.40840568291826
5.14,0.999643615339682,-0.05339706588700564,2.381186699601007,2.4345837654880125
5.15,0.9999923793948841,-0.007808003480983689,2.4257873207505316,2.4335953242315154
5.16,0.9999865820144827,0.010360700950954585,2.473293531127995,2.4629328301770403
5.17,0.9999044537379672,0.027647464055306086,2.5224161791947535,2.4947687151394473
5.18,0.9993270305712875,0.07337819423070172,2.5745975966043173,2.5012194023736156
5.19,0.9987635620493436,0.09946628900961893,2.628481483660677,2.529015194651058
5.2,0.9981038315382229,0.12318337574326903,2.685521605543084,2.562338229799815
5.21,0.997335107606517,0.14604319481302636,2.74428907837813,2.5982458835651037
5.22,0.9958284367369814,0.18274499866343957,2.8062232260442665,2.623478227380827
5.23,0.9943552784155935,0.21260367020128798,2.8698151377105168,2.657211467509229
5.24,0.9922410951487308,0.24930237218055668,2.9364603870790402,2.6871580148984835
5.25,0.9904075548218716,0.27724098344102227,3.0045633981000526,2.7273224146590302
5.26,0.9889408502626987,0.2977192529745834,3.075447354132539,2.7777281011579555
5.27,0.9869958384583387,0.32289248233112944,-3.135755676913177,2.82453714793528
5.28,0.9846078232847766,0.35136108053602505,-3.0614455412569654,2.870378685386596
5.29,0.9817661983399454,0.3825125838657393,-2.98656391372244,2.9141088095914074
5.3,0.9802386925209436,0.3982636064569196,-2.90998120662613,2.9749404940965367
5.31,0.9772200687941822,0.42770969603093506,-2.8334942131421688,3.0219813980064827
5.32,0.9751614404422166,0.446695169395096,-2.7560605720639066,3.080429565720584
5.33,0.9728890710946838,0.46677037383021935,-2.679464017805873,3.136950915543494
5.34,0.9714848572145682,0.47876258594673404,-2.6027218573519213,-3.0814844432986552
5.35,0.9706935296220918,0.48539257991952534,-2.5275404337648046,-3.01293301368433
5.36,0.9700972125272138,0.49033063816018485,-2.4529673055498256,-2.9432979437100104
5.37,0.9698900609657676,0.4920346780399725,-2.380571898733847,-2.8726065767738196
5.38,0.9696202914146934,0.4942451873032882,-2.309415805979073,-2.803660993282361
5.39,0.9693697561847459,0.4962894510042855,-2.2408898031178976,-2.737179254122183
5.4,0.9705094309346595,0.48692232505500455,-2.174074355338882,-2.6609966803938865
5.41,0.9711830695399103,0.48130162310375807,-2.1101607329558236,-2.5914623560595818
5.42,0.9728433573653716,0.46716553355342516,-2.04827130841552,-2.515436841968945
5.43,0.9743679515147405,0.4538043938501177,-1.9893918523122092,-2.443196246162327
5.44,0.9760185922254783,0.4388883852024167,-1.9327186671014758,-2.3716070523038923
5.45,0.9775498536161124,0.42459066825803093,-1.8790321594644523,-2.3036228277224833
5.46,0.9797426689140297,0.4032477770312683,-1.827634628345481,-2.2308824053767493
5.47,0.980809008949248,0.3924557502521247,-1.7791013274826464,-2.171557077734771
5.48,0.982463155673874,0.3751089676988728,-1.7328674670774535,-2.1079764347763263
5.49,0.9834276471400452,0.3646184860377652,-1.6893014740208399,-2.053919960058605
5.5,0.9853975653031618,0.342205929260635,-1.6479916716812524,-1.9901976009418874
5.51,0.9867016210582666,0.3265327964473843,-1.609097003070453,-1.9356297995178373
5.52,0.9885010209247365,0.30359294663477,-1.5723728881452916,-1.8759658347800616
5.53,0.9895935349722073,0.2887845476327382,-1.5377671604782317,-1.82655170811097
5.54,0.9908567662348589,0.2706614262519778,-1.5052112472781043,-1.775872673530082
5.55,0.9916466940263352,0.25868840823018346,-1.4744431712479344,-1.733131579478118
5.56,0.9926181436084817,0.24316177790359064,-1.4455752292714514,-1.688737007175042
5.57,0.9932850629313263,0.2319045599886516,-1.4181410117422857,-1.6500455717309372
5.58,0.9939567621469105,0.21998789909477393,-1.392435127025685,-1.6124230261204588
5.59,0.9945859661693581,0.20821001301119058,-1.3677964355355434,-1.576006448546734
5.6,0.9950356074563821,0.19936911540634528,-1.3447001151451474,-1.5440692305514927
5.61,0.9953753962293083,0.19241980493510358,-1.3223037613041908,-1.5147235662392944
5.62,0.9957523452144237,0.18440532078203553,-1.3012581890986534,-1.485663509880689
5.63,0.9960313542406486,0.17824193818154163,-1.2805558741210914,-1.458797812302633
5.64,0.99611031545197,0.17645869260509284,-1.261015096583655,-1.437473789188748
5.65,0.9961283624901234,0.17604859227437816,-1.2414807892677293,-1.4175293815421075
5.66,0.9965888944183227,0.16524034909621466,-1.2229273723882546,-1.3881677214844692
5.67,0.9965295034896472,0.16667347146331518,-1.2040701473556017,-1.3707436188189168
5.68,0.9969359164959288,0.1566052247363323,-1.186025517086298,-1.3426307418226304
5.69,0.9969203057964787,0.15700385360200397,-1.167396639184105,-1.324400492786109
5.7,0.9965171677399843,0.16696959786814364,-1.1494254582592596,-1.3163950561274032
5.71,0.9969998722660321,0.1549613903658944,-1.1306196673380478,-1.2855810577039422
5.72,0.9969285170572076,0.15679430006177683,-1.11232871618266,-1.269123016244437
5.73,0.9968727145947744,0.15821293882804663,-1.0929806107116218,-1.2511935495396684
5.74,0.9967858817091609,0.16039554925196842,-1.0740133834014334,-1.2344089326534018
5.75,0.996933030149062,0.15667900565727372,-1.0537902948690465,-1.2104693005263203
5.76,0.996785362950388,0.16040849959519607,-1.033818783453091,-1.194227283048287
5.77,0.9963617032808963,0.17065767050082825,-1.0124115775279376,-1.183069248028766
5.78,0.9960697835302198,0.1773762916498525,-0.991126588615024,-1.1685028802648765
5.79,0.9970477231773482,0.15372002143592656,-0.968239571952127,-1.1219595933880535
5.8,0.9960103878477317,0.17871245759424098,-0.9453405812345299,-1.1240530388287708
5.81,0.9956212391844129,0.18723162432213297,-0.9206813238020755,-1.1079129481242085
5.82,0.9961225324941368,0.17618117702957903,-0.8958665084129719,-1.072047685442551
5.83,0.9955175484020761,0.18943715232710734,-0.8691360676790284,-1.0585732200061357
5.84,0.9956452284287597,0.18671766749530097,-0.8420928944943998,-1.0288105619897008
5.85,0.9954285405185057,0.19131015182812855,-0.8129767526164577,-1.0042869044445863
5.86,0.9949789125755738,0.2005052607021314,-0.7833734226583207,-0.983878683360452
5.87,0.9948016945764798,0.20401598774580879,-0.7515334830010698,-0.9555494707468787
5.88,0.994055602595256,0.2181796703320761,-0.7190116901048981,-0.9371913604369743
5.89,0.9948587005040115,0.20289329292799754,-0.6840799748255776,-0.8869732677535752
5.9,0.9938254929860207,0.22236675266772432,-0.6482498846265746,-0.870616637294299
5.91,0.9938287556844866,0.22230793342571858,-0.6098251944300745,-0.8321331278557931
5.92,0.9931735703477371,0.23382404516213212,-0.5702643629423845,-0.8040884081045165
5.93,0.9926981182635592,0.24183937357385507,-0.5279141900904548,-0.7697535636643099
5.94,0.9925658996842484,0.24402179565222198,-0.48417341039965545,-0.7281952060518774
5.95,0.9925537286505853,0.24422171734499407,-0.4374449171673635,-0.6816666345123575
5.96,0.992543738581592,0.24438569285358896,-0.38906575159394313,-0.6334514444475321
5.97,0.9924456340933562,0.24599018714374993,-0.33751160244843764,-0.5835017895921876
5.98,0.9917575139103593,0.2569643421185431,-0.2840624443334829,-0.541026786452026
5.99,0.9907077760144026,0.2728611464682094,-0.22728928942446494,-0.5001504358926744
6.0,0.9904329690461734,0.2768728902870803,-0.1684284130518458,-0.4453013033389261
6.01,0.9903004484899881,0.27878697833431854,-0.1061765421475164,-0.38496352048183496
6.02,0.9895284234255028,0.2896881555448933,-0.0417497075138248,-0.33143786305871814
6.03,0.9892751331781392,0.29317697453678254,0.025991085318584132,-0.2671858892181984
6.04,0.9886660014054881,0.3014030319851891,0.09581817085237677,-0.2055848611328123
6.05,0.9881910661176835,0.30766539188973335,0.16866382739236452,-0.13900156449736883
6.06,0.9874350457669506,0.3173812315688329,0.24325646039085297,-0.07412477117797997
6.07,0.9868791668809653,0.32434089038922825,0.3202875525765603,-0.004053337812667996
6.08,0.9865522921305705,0.32836512073288476,0.39842559372492453,0.07006047299203973
6.09,0.9858463383123042,0.3368937633051255,0.4781157838891153,0.1412220205839898
6.1,0.985248254543745,0.3439553204738161,0.5579885675741826,0.21403324710036634
6.11,0.9855239510371164,0.34071818755709277,0.6382849759819915,0.29756678842489875
6.12,0.9845315293459312,0.35223304677244643,0.7176686120626056,0.36543556529015914
6.13,0.9846474442841233,0.3509074047162649,0.7962649945919761,0.4453575898757112
6.14,0.9848259490311602,0.3488562146956413,0.8728744219318603,0.524018207236219
6.15,0.9848439874374963,0.34864827169002804,0.9476094168817665,0.5989611451917386
6.16,0.9857467907234319,0.3380792517514998,1.0194990987269998,0.6814198469755001
6.17,0.985571350444885,0.3401585669797591,1.0887132038581901,0.748554636878431
6.18,0.9863249793583582,0.3311350479826615,1.1545517242534018,0.8234166762707402
6.19,0.986658599522412,0.32706173078390394,1.2172564699754782,0.8901947391915742
6.2,0.987357520336374,0.3183609090753158,1.2763863192908937,0.958025410215578
6.21,0.9876590879213986,0.31453303754143697,1.33222790648161,1.017694868940173
6.22,0.9887111195851696,0.30080138817373,1.3845575374998473,1.0837561493261174
6.23,0.9901217486878677,0.2813475800160963,1.4336658794083699,1.1523182993922736
6.24,0.9903579890555317,0.2779574879384916,1.4795020466483015,1.20154455870981
6.25,0.9911107030212247,0.2668707285676062,1.5223265576837952,1.255455829116189
6.26,0.9911373771778534,0.26646943334349227,1.5622263615639125,1.2957569282204202
6.27,0.9919490646519902,0.2539568707925192,1.599410236488825,1.3454533656963057
6.28,0.9923659817009636,0.24728527914333306,1.6340786586634493,1.3867933795201162
6.29,0.9933881787723019,0.23011510391864154,1.6663772958646546,1.436262191946013
6.3,0.9936279622147771,0.22589938383064959,1.6966028062695717,1.4707034224389222
6.31,0.9939879886454001,0.2194182322019329,1.7248322030913388,1.5054139708894059
6.32,0.9944641182619965,0.21054209946700198,1.7514442906498013,1.5409021911827994
6.33,0.9944045243950915,0.21167336402549777,1.776444386213725,1.5647710221882272
6.34,0.9944641001126602,0.21054244491595295,1.8002807749804475,1.5897383300644945
6.35,0.9947318248676364,0.20538368490609352,1.822884944917798,1.6175012600117045
6.36,0.9953967454355633,0.19197480178104406,1.8447630532511563,1.6527882514701122
6.37,0.9953573842303245,0.19279445090041333,1.8657712318006525,1.6729767809002392
6.38,0.9957010246443138,0.18551677206930559,1.8864635461349453,1.7009467740656397
6.39,0.9951413322728533,0.1972330048399509,1.906620133950834,1.709387129110883
6.4,0.9955787049025252,0.18813945719472056,1.9268353887102532,1.7386959315155326
6.41,0.9956493633973781,0.1866289353952535,1.94681398387664,1.7601850484813866
6.42,0.9956342423976672,0.18695321223639483,1.9671858293936961,1.7802326171573013
6.43,0.9949930232709797,0.20022308796978222,1.9875817999653183,1.787358711995536
6.44,0.9953236300707227,0.19349458329396096,2.0086651424247526,1.8151705591307916
6.45,0.9958003287285095,0.18336006343293107,2.029995355107141,1.84663529167421
6.46,0.9950546935883974,0.19898518145114774,2.0522689031192125,1.8532837216680647
6.47,0.994869298680853,0.2026838855186392,2.0749764922560776,1.8722926067374384
6.48,0.9949246400891619,0.20158688338147718,2.098848951623719,1.897262068242242
6.49,0.9951367504676548,0.19732605541948242,2.123310293717676,1.9259842382981935
6.5,0.9943545881853,0.21261668052933494,2.149127299043768,1.936510618514433
6.51,0.9947519116925567,0.2049914173359381,2.175658324313268,1.97066690697733
6.52,0.9942832566709657,0.21395697711300804,2.2037074105115892,1.9897504333985812
6.53,0.993133746342698,0.2345058745459671,2.232566777792723,1.9980609032467558
6.54,0.9936998757393795,0.2246196902853276,2.263078198309822,2.0384585080244944
6.55,0.9932012463317463,0.23334903484402944,2.294465427906683,2.0611163930626537
6.56,0.9932668024875954,0.23222001809013493,2.32760722277622,2.095387204686085
6.57,0.9931546589281506,0.23414807523203635,2.3616545013604093,2.127506426128373
6.58,0.9933175869068596,0.23134163178715283,2.397520866748377,2.1661792349612243
6.59,0.9926389190849197,0.24281893835740043,2.434277945748688,2.1914590073912876
6.6,0.9924606755265225,0.24574486175967222,2.47287075980988,2.2271258980502076
6.61,0.9921072131014407,0.25144687690038486,2.5122833135211597,2.260836436620775
6.62,0.991854677860036,0.25544320595322845,2.553487803050725,2.2980445970974968
6.63,0.9914647379183883,0.26149465120863274,2.595370957201959,2.3338763059933263
6.64,0.991535683619132,0.26040405806131167,2.6389280581003383,2.3785240000390266
6.65,0.9919123917686968,0.25453539434474115,2.6829385582850778,2.4284031639403367
6.66,0.9915908892392057,0.2595522727253807,2.72841839227871,2.4688661195533292
6.67,0.991555790921849,0.26009413715306134,2.774030708890618,2.5139365717375566
6.68,0.9922624981256676,0.24895783851600758,2.8208131705075252,2.5718553319915176
6.69,0.993034156938145,0.23620237559416282,2.86730585901461,2.631103483420447
6.7,0.99407992511449,0.2177324107978991,2.9145744550676493,2.6968420442697503
6.71,0.9939739196672219,0.21967507553506013,2.961032014962514,2.7413569394274537
6.72,0.9949477574987801,0.20112687407602747,3.0077845269847,2.8066576529086724
6.73,0.9960999012808526,0.1766949119220813,3.0531157635788357,2.8764208516567544
6.74,0.9969493333138646,0.15626180707377424,3.0981894638947125,2.9419276568209383
6.75,0.997885632937146,0.13008036207180404,3.1411562032752096,3.0110758412034055
6.76,0.9985128670710173,0.1090871823555324,-3.099927812085531,3.074170312738523
6.77,0.9993093269953026,0.07433720598518168,-3.0606855940216398,-3.1350228000068214
6.78,0.9997829342093855,0.041672402762052745,-3.022963997718361,-3.064636400480414
6.79,0.9999999242233395,-0.0007785970019260417,-2.988925432601925,-2.988146835599999
6.8,0.9996516920945938,-0.05278849321714361,-2.9571188756734688,-2.904330382456325
6.81,0.9988217922003009,-0.09709538545937323,-2.92991974036244,-2.832824354903067
6.82,0.9972226472030635,-0.14909431551091107,-2.905752309258572,-2.756657993747661
6.83,0.9944809818802042,-0.21022087808766043,-2.887272695640507,-2.6770518175528464
6.84,0.9911125666180303,-0.26684271146608163,-2.872766526777755,-2.6059238153116735
6.85,0.9858753335365859,-0.336547688285417,-2.8652594301042993,-2.5287117418188823
6.86,0.9796319871515432,-0.4043516640670868,-2.8628657531127195,-2.4585140890456327
6.87,0.9704310802683453,-0.48757194297821543,-2.8690700483079943,-2.381498105329779
6.88,0.959285240045494,-0.5726715037567098,-2.881719960509809,-2.309048456753099
6.89,0.9456981166972113,-0.6621212908873814,-2.9047803607923424,-2.242659069904961
6.9,0.9283322624935088,-0.7617901472242932,-2.935574403549368,-2.173784256325075
6.91,0.9069616537387358,-0.8695651133481402,-2.9783414109574133,-2.108776297609273
6.92,0.8822246692560662,-0.9804596689370576,-3.0293132046338767,-2.048853535696819
6.93,0.8514871892672934,-1.1039628286527838,-3.09238083343594,-1.9884180047831563
6.94,0.8187081085283439,-1.2232775787318755,3.121309351290626,-1.938598377157085
6.95,0.7747840352457075,-1.368845795137647,3.042639417718623,-1.8717000943233164
6.96,0.7298920270995503,-1.505264691293861,2.9625285005480717,-1.8153921153376538
6.97,0.689119405364662,-1.6210463618675497,2.8792277188159394,-1.7829112264960973
6.98,0.6430540429867392,-1.7446335425023878,2.8009533964373206,-1.7375983682398781
6.99,0.59566065880576,-1.8654168647493015,2.7255541425925736,-1.6922142998377114
7.0,0.5459262114891228,-1.9866042508651696,2.6596088268764992,-1.6369722294379176
7.01,0.5093755560857426,-2.0726746615541183,2.5997544482947323,-1.610756197330736
7.02,0.47817858317588724,-2.1444333487178775,2.55042000637689,-1.5883319520848191
7.03,0.43627777277177227,-2.238676987954299,2.507564003756348,-1.5369443154689393
7.04,0.4035184987718835,-2.3108745057906184,2.4741888333785558,-1.4981219680104125
7.05,0.3844243277424677,-2.352424352902748,2.4463393237509155,-1.4844216305259232
7.06,0.3495476812835383,-2.427416078718274,2.4263226523750006,-1.4294465760863118
7.07,0.33783166783976387,-2.4523683278054937,2.4106320962012706,-1.420184883172822
7.08,0.3203711553737883,-2.4893501175287587,2.401267367831501,-1.3925678218193265
7.09,0.3069272749114678,-2.517667080973347,2.395219028525473,-1.3702991976807661
7.1,0.3035666704542125,-2.5247251535261763,2.3943384146780864,-1.364121738975324
7.11,0.28659279236843055,-2.560255559282975,2.396041564032597,-1.3268881838640143
7.12,0.27451465256548957,-2.585422797581777,2.4020903970681804,-1.295672112529629
7.13,0.27224501662803996,-2.590141837087484,2.410234283084798,-1.282809187007305
7.14,0.26897602463690146,-2.596933218778378,2.42216799597994,-1.2640840924212686
7.15,0.2667951158058986,-2.601460506625013,2.4358950604329537,-1.2458297401216198
7.16,0.262005496903632,-2.6113932321744167,2.453052948658452,-1.218739126346718
7.17,0.2677382975703631,-2.599502931502281,2.4718388245316176,-1.2118435511456878
7.18,0.26914117772243523,-2.596590265807124,2.493838287164002,-1.1927567542084605
7.19,0.26524191100484584,-2.6046830308925726,2.517397536708758,-1.1611047395782559
7.2,0.27396565090882347,-2.586564575254628,2.5440534718555656,-1.152567260069393
7.21,0.27589747344454607,-2.5825460715042015,2.5722683340729584,-1.1283709016024268
7.22,0.28816465455311374,-2.556973382512175,2.603531428787926,-1.1226804958794854
7.23,0.28874520429348727,-2.5557607376907647,2.6363957449262045,-1.0910288245626174
7.24,0.3072990897768278,-2.5168856888993187,2.6723015726608295,-1.093998045619438
7.25,0.30959299127996276,-2.5120627256204062,2.7098718927332723,-1.0612506888259077
7.26,0.3186056129317277,-2.49307650220227,2.750493365327494,-1.0396154396498225
7.27,0.3331845430392957,-2.462234457755462,2.792840291578343,-1.0281105578457816
7.28,0.33348016888722815,-2.461607340856475,2.8382372863733485,-0.9833406799497632
7.29,0.3535426111525758,-2.418881453139851,2.8853916664974415,-0.9789121875422943
7.3,0.35977899509924716,-2.405530620416787,2.9355535716702703,-0.9421011150925293
7.31,0.3750472715692056,-2.372697117993129,2.9874446773498313,-0.9230435118366261
7.32,0.3896496391170252,-2.3410903869815716,3.042224924048396,-0.899869996149619
7.33,0.4016097215813988,-2.315044911836816,3.098612137097304,-0.8695282582454664
7.34,0.4168606279040281,-2.2816150405698763,-3.1255259222182903,-0.8439108816484139
7.35,0.42745697350132716,-2.258236796256239,-3.0651195322449616,-0.8068827359887225
7.36,0.44534717354317993,-2.218468710041794,-3.002420981907907,-0.7839522718661128
7.37,0.4575687069604099,-2.1910747698583664,-2.938756385425214,-0.747681615566848
7.38,0.47221629591377695,-2.157985910710415,-2.873316431480549,-0.715330520770134
7.39,0.4882352962579868,-2.121459623924144,-2.807444824886574,-0.6859852009624299
7.4,0.5005254000713261,-2.0931815302540704,-2.740444792030767,-0.6472632617766964
7.41,0.5113940993151909,-2.0679800786311513,-2.673652584581454,-0.6056725059503025
7.42,0.5266875354591944,-2.032194467354844,-2.606457169972215,-0.5742627026173713
7.43,0.5354072010837492,-2.0116130538167845,-2.540147823326561,-0.5285347695097766
7.44,0.5468773616023307,-1.9843329102143055,-2.4741632565940024,-0.48983034637969697
7.45,0.5541937690438536,-1.9668044991467446,-2.4097017356778605,-0.4428972365311159
7.46,0.5569863835476386,-1.9600870868272664,-2.3462184078490225,-0.386131321021756
7.47,0.5628908215209142,-1.9458342816401557,-2.284784572575619,-0.3389502909354633
7.48,0.5638382113466008,-1.9435409380246074,-2.2248521135056465,-0.2813111754810391
7.49,0.5655745878336591,-1.93933302733137,-2.1673456203870214,-0.22801259305565139
7.5,0.5635385434090606,-1.9442665372077241,-2.111711490451975,-0.1674449532442509
7.51,0.5612255914578981,-1.9498609662116868,-2.0587240607286628,-0.10886309451697593
7.52,0.5551576622288562,-1.9644876334191936,-2.0078356584311314,-0.04334802501193786
7.53,0.5452162195764831,-1.9882986120745196,-1.959677118362547,0.028621493711972572
7.54,0.5378374327708795,-2.0058529954778255,-1.913724451920041,0.09212854355778459
7.55,0.522474760246104,-2.042091061438811,-1.8704752140608298,0.17161584737798108
7.56,0.5088060941879868,-2.0739978948465527,-1.8294469865740564,0.24455090827249626
7.57,0.49258018027063233,-2.1114884773705778,-1.7910133588490496,0.32047511852152827
7.58,0.4748461057170918,-2.1520143390303694,-1.7547482906051974,0.3972660484251718
7.59,0.45340475196599206,-2.2004294376669074,-1.720908391044118,0.4795210466227892
7.6,0.43230439376245083,-2.24749915801317,-1.6891350624514843,0.5583640955616859
7.61,0.40970251855038586,-2.2973367918462166,-1.6595730603037824,0.6377637315424342
7.62,0.3854547190858778,-2.350191511294349,-1.6319391941332697,0.7182523171610793
7.63,0.3601594297308917,-2.4047150807797224,-1.6062707517950046,0.798444328984718
7.64,0.33770438780334916,-2.4526387826771248,-1.5823657570891847,0.8702730255879402
7.65,0.3119416495663068,-2.50712070852971,-1.5601586384275055,0.9469620701022048
7.66,0.2865023850088914,-2.5604442881568588,-1.5395330022231872,1.0209112859336713
7.67,0.26215094012776846,-2.6110918100067066,-1.5203257184026746,1.090766091604032
7.68,0.23951839954575507,-2.657853090764539,-1.502509255481496,1.1553438352830427
7.69,0.21893854030336243,-2.7001396835589606,-1.4858288804940756,1.2143108030648848
7.7,0.1964764467704967,-2.7460666124503623,-1.4703481610494669,1.2757184514008952
7.71,0.17572384334436675,-2.78831064413898,-1.4557269797399626,1.3325836643990174
7.72,0.15468441186269893,-2.8309766285940525,-1.4421210920195404,1.388855536574512
7.73,0.13756890983677436,-2.8655795188112343,-1.4291109498940728,1.4364685689171615
7.74,0.12000684376626107,-2.9009991016344387,-1.4169443318544235,1.4840547697800155
7.75,0.1091473224823669,-2.922862239399946,-1.4051274851196192,1.5177347542803268
7.76,0.09407220358719187,-2.953169635654028,-1.3939987895782682,1.5591708460757598
7.77,0.07807750514829966,-2.985278550465211,-1.3829945149939964,1.6022840354712145
7.78,0.07029520953593892,-3.000886190323014,-1.3725410934913953,1.628345096831619
7.79,0.05721842699240399,-3.0270932640366426,-1.3620080097880796,1.665085254248563
7.8,0.04657167385371641,-3.0484156028865894,-1.3519063026090823,1.696509300277507
7.81,0.03606920163466618,-3.0694385992980986,-1.341540994229742,1.7278976050683565
7.82,0.027561591762595573,-3.086462488703002,-1.3315036570239975,1.7549588316790048
7.83,0.020707392164257692,-3.1001749089404242,-1.3210365977196563,1.779138311220768
7.84,0.013765009855577551,-3.114061764427145,-1.3108074639926446,1.8032543004345005
7.85,0.01002177541863015,-3.1215487672217477,-1.2999973619827232,1.8215514052390245
7.86,0.0032505948633767506,-3.1350914524139926,-1.289345339501928,1.8457461129120645
7.87,0.0032435776751950016,3.135105486864343,-1.2779729145939585,1.8701069057212851
7.88,0.006309175020586439,3.1289742198334336,-1.266685718636544,1.887525368709609
7.89,0.010941691292121053,3.1197088343333794,-1.254547666176576,1.908928806669631
7.9,0.0148031863435775,3.111985199500577,-1.2424259995503113,1.9287741081286982
7.91,0.016874795419870074,3.1078414607963842,-1.229329587089035,1.9460142592941674
7.92,0.025579642434165148,3.090427788003697,-1.2161820670364967,1.9765754521393928
7.93,0.02787059828944153,3.085844238136768,-1.2019405141633874,1.9954005548794311
7.94,0.026371334785604134,3.0888438688134534,-1.1875793727750423,2.006762065591091
7.95,0.027640080723710846,3.0863054509531724,-1.1720079218449162,2.024871934381498
7.96,0.030282798770927318,3.0810177953000952,-1.1562452967160923,2.045922215163399
7.97,0.03363378628402423,3.074312392027566,-1.13915770927238,2.0697152058796404
7.98,0.038651949091454064,3.0642694941299977,-1.1218022038484152,2.0971136092011737
7.99,0.04405783606135017,3.0534484497533154,-1.103007317364494,2.126729540061777
8.0,0.04615548061275874,3.0492488854606927,-1.0838604438614747,2.150075977857419
8.01,0.04995326997417373,3.041644516964914,-1.0631583909584008,2.178382399256272
8.02,0.0524263423897517,3.0366918776648055,-1.0420105055458322,2.204482923968949
8.03,0.05226771803019848,3.0370095619439033,-1.0191882246662196,2.226987520569464
8.04,0.0596068841521665,3.0223081781424197,-0.9958136162399437,2.265063512797223
8.05,0.0604492782690203,3.020620346171823,-0.9706393615485605,2.291925599459203
8.06,0.06672096667651306,3.008051514410899,-0.9447902575423829,2.3303435352263047
8.07,0.07057172864667663,3.000331775198291,-0.9170069467649202,2.3658465852163753
8.08,0.0713667344775045,2.998737744152788,-0.8884063595790236,2.396041203447775
8.09,0.08063831883625037,2.9801407178943418,-0.8577237986869038,2.4453207905983407
8.1,0.07780786510761088,2.985819476129842,-0.8260573850000656,2.471308446049679
8.11,0.08411410096596933,2.9731654432045063,-0.7921437252438174,2.5178761387312627
8.12,0.08300159248084865,2.975398268643231,-0.7570512362494479,2.5507358022869075
8.13,0.08441364215613209,2.972564222565971,-0.7195245461252826,2.591096538488333
8.14,0.09035388393223469,2.960638100279447,-0.6805921344005916,2.641955072499548
8.15,0.0916781798821548,2.957978469187465,-0.6390138665990209,2.6861929713931003
8.16,0.09025639530238778,2.96083387745662,-0.5957696831677111,2.7265817465552558
8.17,0.08812119477684295,2.9651213661095692,-0.5496433214797086,2.7684206195903087
8.18,0.09187320133621285,2.9575867732064585,-0.5015607545312305,2.8240377794418974
8.19,0.09005771734358034,2.9612328581999625,-0.4503413243714362,2.871611124608188
8.2,0.08750896746815706,2.966350569412752,-0.39685716596286075,2.9199775718039738
8.21,0.0814135173516401,2.9785852062934937,-0.33998076712635505,2.964619333759738
8.22,0.07477188371920351,2.9919091886589566,-0.2805395323075267,3.010736586213103
8.23,0.07065216611012864,3.0001704977003048,-0.21748621674914845,3.0655285927301335
8.24,0.0564369222542644,3.028658803461835,-0.15162575424195351,3.102900749475798
8.25,0.04150766110130962,3.0585534752317955,-0.08203188747795763,-3.140585362709753
8.26,0.025430233136415403,3.090726703837943,-0.009525789797144248,-3.1002524936350873
8.27,0.0067202967537434545,3.128151958912033,0.06664202815958734,-3.0615099307524454
8.28,0.013383878760121797,-3.1148240968617076,0.1455808441663968,-3.022780366151482
8.29,0.04109014838267966,-3.0593892136968917,0.22779956411844587,-2.9959965293642488
8.3,0.06782073492015843,-3.005846983999634,0.3122842958457254,-2.965054027334227
8.31,0.10085579937393267,-2.939537515230209,0.39925464176001524,-2.9443931501893625
8.32,0.12193995914163372,-2.897104265592272,0.4875519970921783,-2.8985290444951364
8.33,0.1662426200405212,-2.807556587461108,0.5771124554427524,-2.898516264275726
8.34,0.19513344384925305,-2.748805638226967,0.6666839879223729,-2.8676956810302463
8.35,0.2378431245898341,-2.661303360566135,0.7560119235362702,-2.865870023077181
8.36,0.2797156576242952,-2.574596789545913,0.8438871453049988,-2.8647013723286747
8.37,0.32450734432557465,-2.4806109745194855,0.93002533557193,-2.872548997088171
8.38,0.3663697231251334,-2.391383743882576,1.0134283888748845,-2.8783731744221264
8.39,0.4226127385130298,-2.2689402159902143,1.093930614618382,-2.92031447657099
8.4,0.45650434538542306,-2.1934680784652607,1.1708535515364613,-2.9188636771778644
8.41,0.5155871239560452,-2.058207192735984,1.244207566904323,-2.9807705475392794
8.42,0.558123410211333,-1.9573477253315437,1.3136383281962585,-3.0121992536517843
8.43,0.6189293932368436,-1.8068348231530076,1.3792956548640873,-3.0970548291624915
8.44,0.6645738256984416,-1.6877459960956627,1.441082822029473,3.1288288181251356
8.45,0.717454664498708,-1.5413096628297962,1.49921252141594,3.040522184245736
8.46,0.7637680051416712,-1.403331549308771,1.5537660116458958,2.957097560954667
8.47,0.8028143339080388,-1.2775915496650727,1.6049506228931674,2.88254217255824
8.48,0.8354273549526364,-1.1637728543794954,1.6529656100428065,2.816738464422302
8.49,0.8733421432701587,-1.0175488771367285,1.6979698757521284,2.715518752888857
8.5,0.8908559628479423,-0.9431408600682011,1.740244872974663,2.683385733042864
8.51,0.9196755195638446,-0.8070859346797308,1.779879767547281,2.586965702227012
8.52,0.9320435451660287,-0.7415680410662671,1.8172193813259938,2.558787422392261
8.53,0.9442476946021944,-0.6709885335512321,1.8522751390659935,2.5232636726172255
8.54,0.9519899872733052,-0.6222486219575121,1.8854455468240094,2.5076941687815215
8.55,0.9659107735752671,-0.5237150814175902,1.9166628906898002,2.4403779721073904
8.56,0.970875297910048,-0.48387754804302774,1.94637373193951,2.4302512799825378
8.57,0.9768744234543731,-0.4309548688671366,1.97443254575619,2.4053874146233265
8.58,0.979099879971258,-0.40961768548532657,2.001329813732277,2.4109474992176034
8.59,0.9823572797855978,-0.37624293506371664,2.0268444093931723,2.403087344456889
8.6,0.9850769436596655,-0.3459516847715873,2.0515071016060795,2.397458786377667
8.61,0.9870234189341804,-0.322549144987168,2.0750235448462027,2.3975726898333707
8.62,0.9883082489435413,-0.3061320655837924,2.0979614563106295,2.404093521894422
8.63,0.9897234408134534,-0.28697329296502394,2.119955639613668,2.406928932578692
8.64,0.9898900400561035,-0.2846336766505196,2.141607807456377,2.4262414841068964
8.65,0.9894661117918029,-0.2905502935417767,2.1624842543445055,2.4530345478862823
8.66,0.9900921577908812,-0.2817693590690409,2.1832182597375422,2.464987618806583
8.67,0.9914519383741969,-0.26169092744884714,2.2033099267568192,2.4650008542056665
8.68,0.990661496798139,-0.2735408432090036,2.2234222756993014,2.496963118908305
8.69,0.9907444135170271,-0.27232186066461317,2.242991476907325,2.5153133375719383
8.7,0.9898863518453263,-0.2846856782940117,2.2627090690673097,2.5473947473613214
8.71,0.9893718606609785,-0.29184953798860935,2.2819494217822403,2.5737989597708495
8.72,0.9882352922944294,-0.3070875889211897,2.301431918898,2.6085195078191896
8.73,0.9872240664630832,-0.32004038096320453,2.3204710621303426,2.6405114430935472
8.74,0.985972167448577,-0.3353893554989389,2.339813883064095,2.675203238563034
8.75,0.9848453912397409,-0.348632083800132,2.3587166995227853,2.7073487833229173
8.76,0.9822096794868288,-0.37781817267981843,2.377954407821516,2.7557725805013344
8.77,0.9807388691068692,-0.3931745904356593,2.396726569319626,2.789901159755285
8.78,0.9773946074963327,-0.4260617509861558,2.4158365462095666,2.8418982971957223
8.79,0.9740768691402889,-0.45638503981564194,2.4344283559592093,2.890813395774851
8.8,0.9705166334651779,-0.48686256508234577,2.453334818845754,2.9401973839281
8.81,0.9668476947995482,-0.5164271201508118,2.471645494983458,2.9880726151342696
8.82,0.9616124133579009,-0.5559549145084275,2.490224085126705,3.0461789996351323
8.83,0.9571175139445182,-0.5878266715056495,2.5081067796841165,3.095933451189766
8.84,0.950579452572841,-0.6313988526470282,2.526190071064866,-3.125596383467692
8.85,0.9438925234933971,-0.6731427543582286,2.5434580222172984,-3.0665845306040596
8.86,0.9345043464225222,-0.7278645830806518,2.560842377665781,-2.9944783464331537
8.87,0.9260219744371416,-0.7741244532517914,2.5772766369139184,-2.9317842170138766
8.88,0.917869840527522,-0.8162336840266653,2.5937308485847064,-2.873220774568215
8.89,0.9079838311875766,-0.8646988693357952,2.609090003406277,-2.809396434437514
8.9,0.898557246519264,-0.9086509755521417,2.6243661000562484,-2.7501682315711964
8.91,0.8844487912223706,-0.9709697548068335,2.638398324774391,-2.673817227598362
8.92,0.871552870610822,-1.024871383906213,2.652244805762646,-2.6060691175107276
8.93,0.8573452381993153,-1.0814129691391396,2.6647024138273925,-2.5370699242130543
8.94,0.8442468776888421,-1.1312758342199436,2.676879969983566,-2.475029502976077
8.95,0.830341196363615,-1.1821532826078942,2.6875363937564356,-2.4134956308152566
8.96,0.8138608245374038,-1.2400606908208072,2.6978358757508394,-2.34528874060794
8.97,0.7984865806315701,-1.2920384994300707,2.7065046355776086,-2.2846421721719072
8.98,0.7835886916439256,-1.340750158977562,2.714766597508211,-2.2276685506938136
8.99,0.7662635949699513,-1.3955813834840678,2.7213213068536404,-2.1662826168418783
9.0,0.749925484657861,-1.4456937944545059,2.727455861793124,-2.1100356509319567
9.01,0.7307634686965369,-1.5027132469724165,2.731849644842974,-2.048622415364196
9.02,0.7161492177076948,-1.5450540797687589,2.7358546494960865,-2.002276577914741
9.03,0.7027229978179629,-1.5831574182567167,2.738136602177444,-1.961891286745426
9.04,0.686176137351763,-1.629154062309669,2.7401114837696636,-1.9139197611002539
9.05,0.6689432646146133,-1.676020211076681,2.740437210074708,-1.8667278860281975
9.06,0.6528372056392125,-1.7189448249126762,2.7405893562367916,-1.8236511260301187
9.07,0.641535782300441,-1.7485953049457483,2.7392225227546283,-1.7953674794792098
9.08,0.6228721697334427,-1.7967752671279975,2.7378634700432207,-1.7485465700083682
9.09,0.6115326285447547,-1.8256002716812043,2.7351661276450394,-1.7224189078533427
9.1,0.5930224950945094,-1.8719777330005805,2.7326961102192255,-1.6785114639597805
9.11,0.5841818529511011,-1.8938493473860245,2.729107386006257,-1.6602285737873048
9.12,0.5750403243734041,-1.9162857816718772,2.7259890751001152,-1.640910450407594
9.13,0.5559230116228663,-1.9626467217138492,2.72199440122854,-1.598544184237197
9.14,0.5464056099276322,-1.9854596606730854,2.7187192652076497,-1.5790063812988513
9.15,0.5317275086030533,-2.0203145989200837,2.7148147258548647,-1.548055982404638
9.16,0.528803451411885,-2.0272123369618633,2.7118673728947966,-1.5441055973229265
9.17,0.5237750865641378,-2.0390395685438043,2.708525000110944,-1.5356207385248382
9.18,0.5121353216969095,-2.06625455121875,2.7063512646295527,-1.510579491331284
9.19,0.49774395929359005,-2.0996012989166033,2.7039906132150646,-1.4795933950479185
9.2,0.49732257240062117,-2.1005728578078857,2.7029738180781853,-1.4796386312935155
9.21,0.4814534410111268,-2.1369681637210163,2.7019431279064814,-1.444274015552089
9.22,0.4853574185558591,-2.1280488149767547,2.70239050648137,-1.4527459857214617
9.23,0.4725037919938213,-2.1573335525830415,2.702958114548735,-1.4228936400478098
9.24,0.4687997222962538,-2.165729777730608,2.7050968345248454,-1.4123586949241331
9.25,0.4667899758737802,-2.170277555304106,2.7074512419840056,-1.405456509891475
9.26,0.4575005195089981,-2.1912281393576296,2.7114316894777426,-1.3805254783442145
9.27,0.45807180381898427,-2.189943000381279,2.7156874344736175,-1.37755487232469
9.28,0.465027089829551,-2.1742622321916296,2.721590719007542,-1.3873323559804152
9.29,0.4530382952879071,-2.201251644393522,2.727797009417663,-1.3541366533684016
9.3,0.45624707844348156,-2.1940463447112717,2.735643870162458,-1.3534950923058569
9.31,0.45338512182238877,-2.200473485528134,2.7437934669139152,-1.3389183547375374
9.32,0.4680647515857785,-2.1673935496045726,2.7535524965058995,-1.3622392610691145
9.33,0.45969522917515004,-2.186288679001063,2.7635891881384187,-1.3333074400401048
9.34,0.45721773290215145,-2.1918641278998967,2.7751831604431576,-1.316138018836532
9.35,0.447072018093708,-2.2146139997673457,2.7870070136274068,-1.2815642937848337
9.36,0.4574062343724619,-2.1914401986767262,2.800316867570732,-1.2914282409321283
9.37,0.4605299547343118,-2.1844083711305,2.813787115045049,-1.2849898210040374
9.38,0.45982064051073485,-2.1860062351212974,2.8286537168300585,-1.2685253552282303
9.39,0.4587420369056911,-2.188434727348445,2.8435896170826274,-1.2511609627485143
9.4,0.4632520943362932,-2.178270071545636,2.8598138004875873,-1.2451014351463632
9.41,0.45530523727050654,-2.1961626173672117,2.8759941001876848,-1.21102858962469
9.42,0.46637597741938913,-2.171213697814535,2.8933357088184612,-1.21863590054659
9.43,0.4616667850134152,-2.1818460638827633,2.910497502607527,-1.1908417406892962
9.44,0.4616304340582744,-2.1819280218944774,2.9286742681748845,-1.1725830171102247
9.45,0.46874949987227454,-2.1658434908768482,2.9465121137117607,-1.1708297025909775
9.46,0.46755271048805136,-2.168552236835108,2.965199224718268,-1.1494338456262105
9.47,0.47972926119713466,-2.1409004080279246,2.9833653508349176,-1.158919548316744
9.48,0.47626770847612176,-2.1487822659254125,3.00219650782284,-1.1322065334313343
9.49,0.47784638939196683,-2.14518975023871,3.0203028597884622,-1.117692697152414
9.5,0.47361681967946856,-2.1548069013636266,3.0388734874165064,-1.0895049183994534
9.51,0.47158060047399214,-2.1594279645114502,3.056496202263831,-1.0672611404043049
9.52,0.4686153585273333,-2.166147195647578,3.0743693203451223,-1.0426687911868862
9.53,0.47116788728697506,-2.1603638928866005,3.0910560539754637,-1.0317653603175225
9.54,0.4655012835837301,-2.1731908159356705,3.1077711483755928,-1.0022233428683234
9.55,0.4585930373071399,-2.188770082436623,3.1230515451798526,-0.9713636795631105
9.56,0.4577728855201578,-2.19061548840171,3.1381366929632324,-0.9544331258146441
9.57,0.4514732095779903,-2.2047612454743413,-3.1316490402563235,-0.9268877947819821
9.58,0.437137549592541,-2.2367655305242184,-3.1186614880268335,-0.8818959575026153
9.59,0.4315272026599352,-2.249222584416348,-3.1076036636021365,-0.8583810791857885
9.6,0.4179123719982071,-2.2793002820064383,-3.0971573461268522,-0.817857064120414
9.61,0.41019326179112403,-2.296260729051317,-3.088866506918257,-0.79260577786694
9.62,0.397986130642249,-2.322951483036711,-3.081356539885461,-0.7584050568487503
9.63,0.3838219949957868,-2.353729117542081,-3.0761948632308584,-0.7224657456887773
9.64,0.3700586918017812,-2.3834482601330897,-3.07193782308,-0.6884895629469102
9.65,0.34190601023357564,-2.443703863223018,-3.070171308097238,-0.62646744487422
9.66,0.32842713854379774,-2.4723169357702908,-3.0693696617448327,-0.597052725974542
9.67,0.3061973291204927,-2.5192008212858505,-3.071129952197061,-0.5519291309112109
9.68,0.2825724340150596,-2.568643095307805,-3.073832719716049,-0.505189624408244
9.69,0.25275772881084047,-2.630533699383966,-3.079077138723067,-0.4485434393391011
9.7,0.22730872531388782,-2.682966316077432,-3.0851418159787096,-0.4021754999012773
9.71,0.19370541465391883,-2.7517172549407767,-3.093618709441236,-0.34190145450045967
9.72,0.1585822590634658,-2.8230835024918424,-3.1026835096388017,-0.27960000714695926
9.73,0.12218159477293226,-2.896617353505534,-3.1139138157989272,-0.21729646229339314
9.74,0.07996423423838758,-2.9814932549478814,-3.1253921466049976,-0.14389889165711603
9.75,0.04307549499535919,-3.0554149991601487,-3.1386792786615794,-0.08326427950143052
9.76,0.0004740918915890165,-3.140644469771096,3.1313982618362735,-0.011142575572217275
9.77,0.04544463566220557,3.050672068842561,3.1169225509604392,0.06625048211787818
9.78,0.09097856447427045,2.9593835721949744,3.1031038519611114,0.14372027976613697
9.79,0.14070102921504282,2.859253749229446,3.088400531463319,0.2291467822338735
9.8,0.19074101987248507,2.757758712780728,3.074834276002877,0.31707556322214897
9.81,0.2362981192584829,2.664484045238503,3.0608606078067884,0.3963765625682853
9.82,0.28648736912262207,2.5604756338867936,3.0484593068149213,0.4879836729281279
9.83,0.33448851644750605,2.459467789623674,3.036078013008094,0.5766102233844199
9.84,0.38247931446742384,2.3566363412197173,3.0256242548489545,0.6689879136292374
9.85,0.42653086539332075,2.260285131498356,3.0155387240246645,0.7552535925263084
9.86,0.46901522286983455,2.1652418043712576,3.0076382281993457,0.8423964238280883
9.87,0.5112587862384824,2.06829498482688,3.0003631439621685,0.9320681591352888
9.88,0.5483297089029394,1.9808614583767379,2.9954326841409262,1.0145712257641883
9.89,0.5834964397251433,1.8955378290926728,2.9912968628257306,1.0957590337330578
9.9,0.6132543468293051,1.821244538409438,2.989579141651074,1.168334603241636
9.91,0.642150515971791,1.7469920057691486,2.988749467110099,1.2417574613409503
9.92,0.6682849733443625,1.6777907406392403,2.990342475227719,1.3125517345884787
9.93,0.6934493224268015,1.6090617388652557,2.9928563538353377,1.383794614970082
9.94,0.7132550264330781,1.5533299732573895,2.9977458487396187,1.4444158754822292
9.95,0.729036651662529,1.5077657208829587,3.0035425165297687,1.49577679564681
9.96,0.7449202550263867,1.4607620476908658,3.0116301517115636,1.5508681040206977
9.97,0.7614434665943166,1.4105186752619803,3.0205754339234554,1.6100567586614751
9.98,0.772637680562528,1.3756215760131931,3.0316991390616885,1.6560775630484954
9.99,0.7808867567768182,1.3494244239113247,3.0436018899907227,1.694177466079398
10.0,0.791852739349343,1.3139190637616025,3.0575480689102794,1.743629005148677
10.01,0.7981000173562067,1.2933221895796476,3.0721688478740927,1.778846658294445
10.02,0.8040588497089739,1.2734110408251262,3.088677655975108,1.8152666151499819
10.03,0.8105787225463893,1.25131336155047,3.105731380180049,1.854418018629579
10.04,0.8147949639600132,1.2368417662521,3.124497101201454,1.8876553349493541
10.05,0.8191731366509027,1.2216569276430798,-3.1395334459856024,1.9219949335509043
10.06,0.8187211101524026,1.2232322927363914,-3.118864694891254,1.9410883195519408
10.07,0.823516254919063,1.206429196683967,-3.0979904319957234,1.978765678499896
10.08,0.8243444286492949,1.2035063546438944,-3.0758235234209703,2.0038554291147217
10.09,0.8253615757368873,1.1999080419881618,-3.0536632863928808,2.029613978798544
10.1,0.8253099656151699,1.20009084843682,-3.030455566935508,2.0526388918072582
10.11,0.8262070656803983,1.1969097744113222,-3.0074951592127324,2.078780373555532
10.12,0.8256861366655498,1.1987578654775877,-2.9837551829600684,2.1006722587419304
10.13,0.826116503904373,1.1972312386580992,-2.960529747368227,2.12542432115326
10.14,0.8238496276316161,1.2052533836875268,-2.936812480192161,2.141119443299899
10.15,0.8229903379651139,1.2082820801906782,-2.9138999357918705,2.161003291197038
10.16,0.8225144625271931,1.2099565192909119,-2.8907984016532775,2.182430386235397
10.17,0.8217418550845875,1.2126707456562082,-2.8688095929483235,2.2017049685750547
10.18,0.8222330982144346,1.21094558871061,-2.8469436383690847,2.2252960800998918
10.19,0.8205295635168851,1.2169189430800806,-2.826510131578058,2.2397562325214477
10.2,0.822483531147646,1.2100652858103584,-2.806513404613243,2.266606616755985
10.21,0.8219748401439515,1.211852812058314,-2.788274046164953,2.2830584489563193
10.22,0.8237521599913418,1.2055972581216616,-2.7707801776412184,2.3068078714167064
10.23,0.8235635478878396,1.2062624544254066,-2.7553670872809763,2.3215557654732035
10.24,0.8235872125434772,1.2061790116521147,-2.740995275075754,2.3360110204517177
10.25,0.8269950365403533,1.1941095338894832,-2.7290188072918764,2.360056965998227
10.26,0.8317666354145642,1.177027561978729,-2.718357558727946,2.3878001864729117
10.27,0.8329023657172966,1.1729294712779328,-2.710388051642135,2.3998677842595186
10.28,0.8336803813779191,1.1701148249567541,-2.703973965869266,2.4090965163535665
10.29,0.8386953707918106,1.15182622317856,-2.700516163049978,2.4308429209510485
10.3,0.8444775695000033,1.1304146787097404,-2.698802843130363,2.4539677853394832
10.31,0.8500256228510294,1.109524781606588,-2.7002574283547554,2.473403097218243
10.32,0.855773087459881,1.0875060218293997,-2.7035688602330294,2.4921104251171573
10.33,0.8597368283767234,1.0720843117327952,-2.7101758768447546,2.5009251186020367
10.34,0.8683177927345435,1.0379912626331798,-2.718640544733873,2.526553499812534
10.35,0.8769366009636487,1.0026914148288182,-2.73040359638601,2.5500902959647584
10.36,0.8825894077360223,0.9789091957073108,-2.7438724251538966,2.560403686318379
10.37,0.8927414208744245,0.9348060227847836,-2.7604725637524767,2.587906720642326
10.38,0.8969920091080319,0.9157583897229865,-2.778436788206237,2.588990129250363
10.39,0.9051316238301984,0.8782142001022979,-2.799160522747275,2.6058105843300137
10.4,0.9140809492599347,0.8351210232929842,-2.820701628066054,2.6273626558205483
10.41,0.9216223391555766,0.7971120745688293,-2.844421559568073,2.6416516730426842
10.42,0.928959623706835,0.7584078396664656,-2.868233419465252,2.656544048047869
10.43,0.9354139319843834,0.7227365937587219,-2.8934780453814986,2.666970668039366
10.44,0.9391634006937608,0.7012198237622947,-2.9179860771981385,2.6639794062191533
10.45,0.9460907387875789,0.6597012383515584,-2.9431054229693916,2.6803786458586365
10.46,0.9542506431132882,0.60730559134875,-2.966665867519427,2.7092138483114097
10.47,0.9579107234412827,0.5823255935656244,-2.9900515293834293,2.7108081842305327
10.48,0.9615466390396218,0.5564340982478659,-3.0111694492063386,2.715581759725382
10.49,0.9656431721171554,0.5257785267095783,-3.0314554906399813,2.725951289830027
10.5,0.9691079579433776,0.4984168417286188,-3.0489485894085067,2.735819876042461
10.51,0.9694656489427356,0.4955079816263009,-3.065131271229881,2.722546054323405
10.52,0.9735650202368019,0.46088849716841446,-3.078198484761829,2.744098325249343
10.53,0.974049475274117,0.45662716746618437,-3.0896578360410616,2.7369003036723405
10.54,0.9758350627974831,0.44057138628968917,-3.0978594843241063,2.744754436565791
10.55,0.9774375602454592,0.42565523993876314,-3.104308120069551,2.7532219471712724
10.56,0.976727081216174,0.4323309353036387,-3.1074943617643007,2.743360010111647
10.57,0.97535147051987,0.4449760326059014,-3.108894760035707,2.729314514537978
10.58,0.9757045679709532,0.44176421242426694,-3.107121350429207,2.734299744326113
10.59,0.975197774546015,0.4463669706939853,-3.1036050146135623,2.733213321872039
10.6,0.9743591522858442,0.45388261642774963,-3.097061617771337,2.7322410729805
10.61,0.9730737317686534,0.46517077110562277,-3.088867471765557,2.729147064308407
10.62,0.9705741365571466,0.4863851992309101,-3.0778284140834367,2.7189716938652397
10.63,0.9686891215505452,0.5018019673023166,-3.0652645624646624,2.7161187774126074
10.64,0.9661557765017241,0.5218189008287315,-3.050061786123158,2.711304620227697
10.65,0.9654712265291258,0.5271002157665119,-3.0334875219484974,2.722597569464577
10.66,0.9616496701615763,0.5556833100247698,-3.0145008753465143,2.7130011218083023
10.67,0.9573632663754675,0.5861276874291091,-2.994323141005969,2.702734478744508
10.68,0.9536549126277435,0.6112777200171287,-2.971981905490098,2.69992568167236
10.69,0.9503922476523128,0.6326036427204487,-2.9486600836349086,2.701921580824229
10.7,0.9473426927474815,0.6519266242129327,-2.9234498634363586,2.707808819530295
10.71,0.9442373804179957,0.6710511860156371,-2.897503311369681,2.714630809794268
10.72,0.9373016161587844,0.7119817144642491,-2.869973111301297,2.7012304814140404
10.73,0.9317291724457463,0.7433013153551619,-2.841986671721041,2.6978973201033836
10.74,0.9284694424668634,0.7610517872001522,-2.812751918373915,2.709381601605519
10.75,0.9221723500013435,0.7942728227552658,-2.783375740073358,2.7055367443509626
10.76,0.9183228401548217,0.8139478674265284,-2.7531143093677906,2.7161231303852675
10.77,0.9104557789303312,0.8528232702460887,-2.7230558815332,2.7073061554002975
10.78,0.9063149113203168,0.8726309104051426,-2.6924960291979296,2.718058367576514
10.79,0.902956695439863,0.8883909124554946,-2.6625044109404965,2.732289983783595
10.8,0.8978992077598764,0.9116452674539375,-2.632405734710611,2.739134305015038
10.81,0.8921391795554806,0.9374757388216322,-2.6032502246681246,2.7424593436898297
10.82,0.8877707222737021,0.9566345139838701,-2.5743809051241335,2.752169888071583
10.83,0.8849825755305841,0.9686794776502572,-2.5468281855810804,2.767677643948249
10.84,0.878753544811357,0.9951040841457338,-2.519943028502632,2.768138194531221
10.85,0.8775369319943942,1.0001903358009614,-2.4947374388660792,2.788257532512546
10.86,0.875305008901915,1.0094602549013658,-2.470561119224222,2.8031639330539986
10.87,0.8722176800894809,1.0221562677673377,-2.448411837658045,2.812617201754204
10.88,0.872524833442771,1.0208996155469559,-2.4276301790004253,2.8346555126322053
10.89,0.8700337245282594,1.031051205085517,-2.4092069558826985,2.842927146211371
10.9,0.8697159600998776,1.0323395983589927,-2.392466536267125,2.8583791725534686
10.91,0.871766019863863,1.0240015857647107,-2.3784028264597605,2.8807808949551155
10.92,0.8697409171939268,1.0322384613895903,-2.366316292538936,2.88463055325106
10.93,0.873364247180311,1.0174581176248865,-2.3572156734202077,2.9085115161344923
10.94,0.8788285381666956,0.9947897828396915,-2.350367169736776,2.938028354603119
10.95,0.879888232537089,0.9903387760588986,-2.3468058664794844,2.9460406646412034
10.96,0.8834081125908276,0.9754207035419833,-2.345747792009326,2.9620168116282772
10.97,0.8910729687123659,0.9421850407447712,-2.3482626773904465,2.992737589044369
10.98,0.8956218176882169,0.9219383305177761,-2.353491339504308,3.0077556371575023
10.99,0.9009876487743399,0.8975113261469392,-2.3625390187176416,3.0231349623150057
11.0,0.9078086438446431,0.8655346969347372,-2.37443342942199,3.043217180822859
11.01,0.9128786788071133,0.8410307044747605,-2.390303867106068,3.051850735598758
11.02,0.923876672936224,0.7854131081221378,-2.4090124613838086,3.08875973767364
11.03,0.9297708514238485,0.7540128479982268,-2.4316857709370905,3.097486688244269
11.04,0.9364633590652237,0.716776652553434,-2.4569581989594007,3.1094504556667517
11.05,0.9440748908087697,0.672037470953206,-2.485915592422374,3.1252322438040063
11.06,0.952080216830523,0.6216588646983503,-2.5169108174139985,-3.1385696821123488
11.07,0.9592929555162706,0.5726168666362992,-2.5509568439785055,-3.1235737106148047
11.08,0.9657967782916352,0.5245950559033674,-2.586112056232337,-3.1107071121357044
11.09,0.9712503033673696,0.48073710181207163,-2.623317166357115,-3.1040542681691865
11.1,0.9771098504860658,0.4287471329649591,-2.660396234452351,-3.08914336741731
11.11,0.9804846489223572,0.39576920864973975,-2.698268085089455,-3.094037293739195
11.12,0.98430558165057,0.35480297060888866,-2.7346568938898197,-3.0894598644987084
11.13,0.9886684054791458,0.30137100410730255,-2.7705420292812413,-3.071913033388544
11.14,0.9911906218414086,0.26566660038580586,-2.8037103020277385,-3.0693769024135444
11.15,0.9936781722447595,0.22500666523314153,-2.835268513629001,-3.0602751788621423
11.16,0.9948163149310888,0.2037286371950446,-2.863191888782766,-3.0669205259778107
11.17,0.9963465472028386,0.17101297229418622,-2.8887281865367593,-3.0597411588309456
11.18,0.9968281721566845,0.15933627362622094,-2.9100953628708264,-3.0694316364970473
11.19,0.9966522231820097,0.16369841593137302,-2.9286435133029194,-3.0923419292342924
11.2,0.9974986943186828,0.14148778413498908,-2.942826389199863,-3.0843141733348522
11.21,0.9971540601515534,0.15092490237060963,-2.9540345082442476,-3.1049594106148573
11.22,0.9975506907476573,0.14000884996444185,-2.9609204868378995,-3.1009293368023414
11.23,0.9968541422011177,0.1586822885518964,-2.964858451711976,-3.123540740263872
11.24,0.9968494217194361,0.1588013609296497,-2.9646590586257164,-3.123460419555366
11.25,0.9956286710180462,0.1870725517535943,-2.961642086495585,3.1344706689304074
11.26,0.9949786620701431,0.20051026650441164,-2.954744043519348,3.127930997155827
11.27,0.993877302217593,0.22143090856140393,-2.945212363900165,3.1165420347180177
11.28,0.9925349418761199,0.24452999008410295,-2.932088445618594,3.1065668714768897
11.29,0.9907505742020238,0.27223107417471254,-2.916544653791443,3.094409579213431
11.3,0.9885709352782392,0.30266683867989097,-2.8977156632543584,3.082802805245337
11.31,0.9850106414368844,0.34672128034855365,-2.876705618094651,3.059758408736382
11.32,0.9825472184572618,0.37420620780823716,-2.852737146082616,3.0562419532887333
11.33,0.9772640032221189,0.4272954690330361,-2.8268577150732113,3.029032123073339
11.34,0.9728956821649876,0.4667131990698306,-2.7983758152472302,3.0180962928625257
11.35,0.9680308742411137,0.5070773550224257,-2.768294627897814,3.0078133242593466
11.36,0.9631335717762457,0.5447583256440802,-2.7360068182551167,3.0024201632803895
11.37,0.9576367145199172,0.5842315922579264,-2.702481444316242,2.996472270605418
11.38,0.952044569626611,0.6218919261524707,-2.6671915324230056,2.99410184860411
11.39,0.9481468325937298,0.646885425668789,-2.6310776155696507,3.0052222659411467
11.4,0.9384075984537535,0.7056076372784779,-2.59368522932681,2.983892440574299
11.41,0.9326512350907744,0.7382065789402199,-2.5559261332433856,2.989052594995981
11.42,0.9263236366072148,0.7725245443246017,-2.5174057519931194,2.993255010861865
11.43,0.9191536622318486,0.8097397441285323,-2.4790012469099705,2.9944443161410836
11.44,0.9098173994420289,0.8559049387793466,-2.440361467750435,2.9869189006498047
11.45,0.9059439123245501,0.8743850412059444,-2.402319600498272,3.00648066547537
11.46,0.8983075897617926,0.9097880745413744,-2.36455009895543,3.008847133682782
11.47,0.8931253861821311,0.9331002252416553,-2.3278325125287367,3.0222525694091944
11.48,0.8868015802122805,0.9608370446284995,-2.291850897200708,3.030497365350379
11.49,0.8823645410907538,0.9798653517324201,-2.2573245644817272,3.045995390965439
11.5,0.876849124596225,1.0030553796295683,-2.2239355668672256,3.0561943606827926
11.51,0.872735220687269,1.0200380468390244,-2.1923416462681065,3.0708056140724556
11.52,0.8691091172821671,1.0347960214859657,-2.162216672001068,3.0861726136925527
11.53,0.8683362300426244,1.0379169174705594,-2.1341612938718475,3.1111070958371796
11.54,0.8689806750037818,1.0353152600347257,-2.1078398352191177,3.140030211925743
11.55,0.8667957246793644,1.044112144227189,-2.0838053495931455,-3.1279174938203345
11.56,0.8627046172929409,1.0604052571866425,-2.0617144506957197,-3.122119707882362
11.57,0.8623005186747335,1.0620023190511798,-2.042085793519449,-3.1040881125706288
11.58,0.866415223414989,1.045637218286644,-2.0245714802151893,-3.0702086985018333
11.59,0.868622197495974,1.0367631844267344,-2.0096715159786034,-3.046434700405338
11.6,0.8676474378647733,1.0406910721379496,-1.9970364628536048,-3.0377275349915545
11.61,0.8724046707495808,1.0213914033119185,-1.9871652513466809,-3.0085566546585993
11.62,0.8789638714974853,0.9942223630069755,-1.9797083146467804,-2.973930677653756
11.63,0.8796619363944073,0.9912908200326702,-1.975182434069082,-2.966473254101752
11.64,0.8863451381000051,0.9628104737375149,-1.9732363174771594,-2.9360467912146744
11.65,0.8921084899948011,0.9376115961719624,-1.974424134056739,-2.9120357302287014
11.66,0.8978864388459507,0.9117032797399612,-1.9783860683981007,-2.890089348138062
11.67,0.9055380375661618,0.8763003062182729,-1.9857320160047232,-2.862032322222996
11.68,0.913061456164791,0.8401347951892243,-1.9960778572975126,-2.836212652486737
11.69,0.9177534319544776,0.8168201014237053,-2.0101023449016635,-2.826922446325369
11.7,0.9247839559478996,0.7806578521209517,-2.027366027481223,-2.8080238796021746
11.71,0.9324200556218826,0.7394870756633862,-2.048617004113665,-2.7881040797770513
11.72,0.9407528773461935,0.6919050948158373,-2.0733053218616253,-2.7652104166774625
11.73,0.9469165407008118,0.6545830138660179,-2.1022253604463685,-2.7568083743123863
11.74,0.9544230258695734,0.6061514970634893,-2.1346288866702388,-2.740780383733728
11.75,0.9604375440601814,0.5644544850334685,-2.171300181131055,-2.7357546661645236
11.76,0.9685506642514518,0.502916102686231,-2.211175161796335,-2.714091264482566
11.77,0.9731109227202338,0.4648479547432735,-2.2549439455170686,-2.719791900260342
11.78,0.9806239520137315,0.39434954232897296,-2.301113618564883,-2.6954631608938557
11.79,0.9854352402992775,0.3417631113596644,-2.350209525765094,-2.6919726371247585
11.8,0.9886386657360502,0.3017669697098743,-2.40027897426612,-2.7020459439759943
11.81,0.9917325391353098,0.2573538865432136,-2.4516974338121127,-2.7090513203553264
11.82,0.9948149464856123,0.20375554994949055,-2.5021821590008866,-2.705937708950377
11.83,0.9968597937526124,0.15853961290623445,-2.552095718766319,-2.7106353316725533
11.84,0.9984254050667708,0.11225001850134887,-2.5990986206516267,-2.7113486391529755
11.85,0.9989035432968703,0.09366566633666548,-2.6437268177790174,-2.737392484115683
11.86,0.999616139228993,0.055417349752807404,-2.6838608022058903,-2.7392781519586977
11.87,0.9998208162287877,0.037861761459848445,-2.7203141614789743,-2.7581759229388227
11.88,0.9999578471838033,0.01836368423673697,-2.75133093761952,-2.769694621856257
11.89,0.9999090206808924,0.026978613556727794,-2.777971304257828,-2.8049499178145556
11.9,0.9999882413169596,0.009698950906102557,-2.79883904654779,-2.8085379974538927
11.91,0.9998537260099277,0.03420848505557708,-2.815129508709597,-2.849337993765174
11.92,0.9997924484056112,0.04074886740973759,-2.825728464638895,-2.8664773320486328
11.93,0.9992878300660822,0.07548533531634231,-2.8318532806408885,-2.9073386159572308
11.94,0.9992005847934115,0.07997608342891695,-2.832589301635469,-2.912565385064386
11.95,0.9984798216094973,0.11029283580616371,-2.8291015027680095,-2.939394338574173
11.96,0.9972949574307595,0.14713974289135923,-2.8206174989285753,-2.9677572418199345
11.97,0.9952970208589601,0.19404473930808397,-2.808217663967408,-3.002262403275492
11.98,0.9936337098444737,0.2257973709055379,-2.7912420521459533,-3.017039423051491
11.99,0.9920144592094496,0.2529219899466386,-2.770684770557494,-3.0236067605041326
12.0,0.9890409115437615,0.29636685506591176,-2.7459886570324628,-3.0423555120983745
12.01,0.9850799967280922,0.3459162058002754,-2.7180774638620364,-3.063993669662312
12.02,0.9817117964157615,0.38308453488596067,-2.686498937762091,-3.0695834726480515
12.03,0.9772646141318762,0.42728970640468233,-2.6521294739395986,-3.079419180344281
12.04,0.9704107297710368,0.487740533472691,-2.6146278863529555,-3.1023684198256465
12.05,0.9640470127442098,0.5379257431043353,-2.574844659220925,-3.1127704023252605
12.06,0.9593322887229225,0.5723382496163971,-2.5325523802394994,-3.1048906298558965
12.07,0.9512743352729727,0.626907244084248,-2.4885878779141954,-3.1154951219984435
12.08,0.9461678528963294,0.6592249151951353,-2.4428299023112636,-3.102054817506399
12.09,0.9380910551503221,0.7074375813061781,-2.3960989077685872,-3.103536489074765
12.1,0.9304375212740423,0.7503826855646203,-2.3483577671569473,-3.0987404527215676
12.11,0.9264502766644814,0.7718519518836917,-2.3003915313812677,-3.0722434832649594
12.12,0.916385699382066,0.8236806504342509,-2.2522123079467518,-3.0758929583810026
12.13,0.9081264428571484,0.864017902602102,-2.2045397128369215,-3.0685576154390235
12.14,0.9045149034159191,0.881111050882068,-2.157395484535647,-3.038506535417715
12.15,0.8961157388275944,0.9197150550007414,-2.111403440723027,-3.0311184957237685
12.16,0.8883638894786826,0.9540539164355146,-2.066561807987456,-3.0206157244229708
12.17,0.8848911701945883,0.9690720186839639,-2.0233785559416813,-2.992450574625645
12.18,0.8810198207312682,0.9855654540101726,-1.9818097531647856,-2.967375207174958
12.19,0.8759722506411056,1.006697157191487,-1.9422427428043938,-2.9489398999958807
12.2,0.8743877797919144,1.0132473306846366,-1.9045883190747073,-2.917835649759344
12.21,0.8692606781000176,1.034183019503632,-1.8691216433047766,-2.9033046628084085
12.22,0.8697362043700273,1.0322575604863635,-1.8357159502203881,-2.8679735107067517
12.23,0.8672809388503124,1.042164436442917,-1.804550062908234,-2.846714499351151
12.24,0.8682154621793927,1.038403804472372,-1.775471956055609,-2.813875760527981
12.25,0.8687384074466105,1.0362940029241323,-1.7485818524561005,-2.784875855380233
12.26,0.869708767475484,1.0323687443196894,-1.7237148041004713,-2.7560835484201607
12.27,0.8727126401941697,1.0201305492729218,-1.7009089015061365,-2.7210394507790583
12.28,0.8751369765161492,1.0101550008481788,-1.6799966117681524,-2.690151612616331
12.29,0.8786203782993699,0.9956619683755812,-1.6609681052456207,-2.656630073621202
12.3,0.8810013434206438,0.9856435662275654,-1.6436613063265082,-2.6293048725540737
12.31,0.8853628742939617,0.9670447065598553,-1.6280305732680038,-2.595075279827859
12.32,0.8867494859887818,0.9610624629995893,-1.6139254288809357,-2.574987891880525
12.33,0.891550701858419,0.9400776603988055,-1.6012748194718407,-2.541352479870646
12.34,0.8954712594295341,0.9226150457655166,-1.5899445176848663,-2.512559563450383
12.35,0.8967317036777054,0.9169354150297916,-1.5798469679383282,-2.49678238296812
12.36,0.8989016185355438,0.9070803059533316,-1.570867555533216,-2.4779478614865478
12.37,0.9040197673574575,0.8834303719344059,-1.5629096381849494,-2.4463400101193553
12.38,0.9062808206424953,0.8727922331162722,-1.5558803271833574,-2.4286725602996295
12.39,0.9100887104599834,0.854596505119356,-1.5496797194126688,-2.404276224532025
12.4,0.9127964499131089,0.84143346855479,-1.5442375294620647,-2.3856709980168547
12.41,0.913337192968314,0.8387815290858641,-1.539454793984255,-2.3782363230701193
12.42,0.9128185809812503,0.8413250865423814,-1.5352835653249401,-2.3766086518673215
12.43,0.9146839617297113,0.8321420870629592,-1.5316284981048072,-2.3637705851677664
12.44,0.9159715024486982,0.8257476565019656,-1.5284627782801332,-2.354210434782099
12.45,0.916700574993907,0.822106019130504,-1.525696075615412,-2.347802094745916
12.46,0.9156709054726206,0.827244705202303,-1.5233208513183265,-2.3505655565206296
12.47,0.9141867452770817,0.8345991054069747,-1.5212522335876466,-2.355851338994621
12.48,0.9152244518063783,0.8294634576159111,-1.5194997523489349,-2.348963209964846
12.49,0.9143414220740613,0.8338354931577004,-1.5179838298665256,-2.351819323024226
12.5,0.9092524180139542,0.8586236330223243,-1.516728783888713,-2.375352416911037
12.51,0.9043470784734462,0.8818978165161613,-1.5156598715318155,-2.3975576880479768
12.52,0.9011713542990073,0.8966640812325867,-1.5148140525936646,-2.411478133826251
12.53,0.900186356563907,0.9011981832758509,-1.514120917385683,-2.415319100661534
12.54,0.8925868730701162,0.9354918009897166,-1.5136281941222243,-2.449119995111941
12.55,0.8850989662781682,0.9681794244956015,-1.5132694509682278,-2.4814488754638293
12.56,0.8769277645909415,1.0027281860016333,-1.5131016569648057,-2.515829842966439
12.57,0.8712301282526786,1.0261871202825799,-1.5130622870863195,-2.5392494073688994
12.58,0.8593907900973837,1.0734385938850235,-1.5132163986894793,-2.586654992574503
12.59,0.8491149403556564,1.1129777707881787,-1.5135056951005574,-2.6264834658887364
12.6,0.842029172090317,1.1395247847294447,-1.5140025491449993,-2.653527333874444
12.61,0.8325810070758246,1.174090319765789,-1.5146537093145924,-2.6887440290803815
12.62,0.817731253587883,1.2266758953162558,-1.5155384698478336,-2.7422143651640893
12.63,0.8105686657191464,1.2513477064885314,-1.5166100587329236,-2.767957765221455
12.64,0.8001937268105832,1.2863563224799024,-1.5179546867754143,-2.8043110092553167
12.65,0.7896368117623301,1.3211589540121464,-1.519534282263282,-2.8406932362754285
12.66,0.7845094514474039,1.3377833086192639,-1.5214423942475546,-2.8592257028668184
12.67,0.7783540865743382,1.35751279269144,-1.5236529065039572,-2.8811656991953973
12.68,0.7667861453800533,1.393954044378052,-1.5262676353766198,-2.920221679754672
12.69,0.7660504276244157,1.3962447810167578,-1.5292770788684558,-2.9255218598852135
12.7,0.7583055478209587,1.4201728211726958,-1.5327929015847135,-2.9529657227574093
12.71,0.7569371913839638,1.424365772398801,-1.5368288273003448,-2.961194599699146
12.72,0.7582608831858012,1.420309844960136,-1.5415088353611324,-2.9618186803212683
12.73,0.760233217385982,1.4142485960121256,-1.5468792512633271,-2.9611278472754528
12.74,0.7610966827986059,1.4115882777609572,-1.5530800714132684,-2.9646683491742256
12.75,0.765491027203489,1.3979844439700833,-1.5602035454508083,-2.9581879894208916
12.76,0.769211812051347,1.386379150675547,-1.5684111041769198,-2.9547902548524667
12.77,0.7726635710850949,1.375540009413821,-1.5778598576582092,-2.9533998670720303
12.78,0.7810627759313138,1.3488607681179663,-1.5887403428774687,-2.937601110995435
12.79,0.7920747181237981,1.3131919417004658,-1.6013012600061165,-2.9144932017065823
12.8,0.800278941780249,1.2860721232604002,-1.6157724252064904,-2.9018445484668907
12.81,0.8121060242477837,1.2460879775412148,-1.63253095347621,-2.878618931017425
12.82,0.8273690014336291,1.1927785416610144,-1.6518573400791716,-2.844635881740186
12.83,0.8413734303015478,1.141953713661495,-1.6743046593753508,-2.816258373036846
12.84,0.8536345671420787,1.0957451604485393,-1.7002102247682909,-2.79595538521683
12.85,0.867416882380857,1.041618150019706,-1.7303544257658363,-2.7719725757855422
12.86,0.884559424836186,0.9704954742801142,-1.7651107144749882,-2.7356061887551024
12.87,0.9022112862985285,0.891853800043681,-1.805511939323038,-2.697365739366719
12.88,0.9178920623303893,0.8161216947318739,-1.8518619340722575,-2.6679836288041314
12.89,0.9354710731353151,0.7224132864597103,-1.9053612892621072,-2.6277745757218174
12.9,0.9507368670411742,0.6303840618433546,-1.9659320675778342,-2.5963161294211887
12.91,0.9667093833890165,0.517509304241583,-2.0345951376636457,-2.552104441905229
12.92,0.9796115706001641,0.40455496442742017,-2.1102449140375805,-2.5147998784650007
12.93,0.9895636801664692,0.28919921602213,-2.1930553754377837,-2.4822545914599137
12.94,0.9964923877991998,0.16756287603658385,-2.2801531933295944,-2.4477160693661784
12.95,0.9998939247321089,0.02913103407311901,-2.3704313252122473,-2.3995623592853663
12.96,0.9989147699841413,-0.0931848210835864,-2.459438063605385,-2.3662532425217986
12.97,0.9944204617920022,-0.21137141685446495,-2.545592307788215,-2.33422089093375
12.98,0.9859767060268813,-0.3353349675292136,-2.6245046903139944,-2.2891697227847807
12.99,0.9769585243884107,-0.4301674863661202,-2.69562064434481,-2.2654531579786896
13.0,0.9649632643955649,-0.5309859842934398,-2.7560448730144707,-2.2250588887210307
13.01,0.9533168299828183,-0.6135208580381777,-2.8066484546050754,-2.1931275965668977
13.02,0.9413278992343129,-0.6885055478569719,-2.8459922230126304,-2.1574866751556585
13.03,0.9324597913384988,-0.7392671312258731,-2.8756949546853035,-2.1364278234594303
13.04,0.925109585466899,-0.7789444474022948,-2.895081558009602,-2.116137110607307
13.05,0.9171491178646369,-0.8198580195844185,-2.905837287001724,-2.0859792674173057
13.06,0.9132883231403678,-0.8390215230025149,-2.9075484060325985,-2.0685268830300836
13.07,0.9101182963626105,-0.8544537094664126,-2.901659054383263,-2.0472053449168506
13.08,0.9073649319079599,-0.8676482941377531,-2.887810877509722,-2.020162583371969
13.09,0.908597651307308,-0.861764310359937,-2.8671557579342206,-2.005391447574284
13.1,0.9125249572307769,-0.8427619773663414,-2.839353027643123,-1.9965910502767816
13.11,0.9154471141687444,-0.828357586563323,-2.805323972833644,-1.9769663862703208
13.12,0.9229620909584434,-0.7901791526412305,-2.7647843085556216,-1.9746051559143911
13.13,0.9329445427772516,-0.7365788989912934,-2.718530384169115,-1.9819514851778217
13.14,0.9397594173309133,-0.6977409958800098,-2.6664103045110954,-1.9686693086310856
13.15,0.94986898231845,-0.6359595084244806,-2.6092179236366295,-1.973258415212149
13.16,0.9601993695965767,-0.5661624072310893,-2.547024268513339,-1.9808618612822497
13.17,0.9705706120496047,-0.4864144713816771,-2.480734162972774,-1.9943196915910968
13.18,0.9786379340393379,-0.4141358089067529,-2.4107095508900476,-1.9965737419832947
13.19,0.9875087753836337,-0.3164467311125638,-2.338022640744692,-2.021575909632128
13.2,0.9931594790305448,-0.23406552953801635,-2.263311764951437,-2.029246235413421
13.21,0.9974082116346178,-0.14402523948142137,-2.1877565875122382,-2.043731348030817
13.22,0.9998165920312361,-0.038305464409351175,-2.112129700022449,-2.0738242356130976
13.23,0.9993435012438201,0.07247458040042833,-2.0375342997898054,-2.1100088801902337
13.24,0.9965684007672522,0.16573626462024316,-1.9646512640622225,-2.1303875286824656
13.25,0.9903947405734977,0.2774263977282445,-1.894299180069215,-2.1717255777974596
13.26,0.982464943767075,0.3750897875119781,-1.8268929849776925,-2.2019827724896706
13.27,0.9697218906271171,0.49341381560023706,-1.762871287341274,-2.256285102941511
13.28,0.9549169613420501,0.6028327650368981,-1.7023578096706058,-2.305190574707504
13.29,0.9380364712484892,0.7077526738637019,-1.6454613132842684,-2.3532139871479703
13.3,0.9193738858538949,0.8086208411239902,-1.5921044792127734,-2.400725320336764
13.31,0.8957886684297582,0.921187846364162,-1.5421842676622546,-2.4633721140264164
13.32,0.8793387428877605,0.9926490665512544,-1.4955362781949524,-2.488185344746207
13.33,0.8540709167222353,1.0940685517278252,-1.451952140319932,-2.5460206920477573
13.34,0.830813367453376,1.1804575802218218,-1.411263667992452,-2.5917212482142737
13.35,0.8043775621409102,1.27233853823107,-1.3732243663222596,-2.6455629045533295
13.36,0.7856308316896561,1.33416248623412,-1.337707700817041,-2.671870187051161
13.37,0.7564456602240356,1.4258694497346485,-1.3044626759992795,-2.730332125733928
13.38,0.7358913485381883,1.4876283285663274,-1.273423362955708,-2.7610516915220353
13.39,0.7231611416474021,1.5248560954088992,-1.244347125752257,-2.769203221161156
13.4,0.7048690063374164,1.5771157366654958,-1.2172326185300153,-2.794348355195511
13.41,0.6861467576064814,1.629234836999356,-1.1918472038786305,-2.8210820408779864
13.42,0.6752562757698928,1.6589684529038384,-1.16825030341377,-2.8272187563176083
13.43,0.6653100884258233,1.6857744665144272,-1.1462151154132763,-2.8319895819277034
13.44,0.6598775556199207,1.7002810768043706,-1.1258539951775501,-2.8261350719819207
13.45,0.6501145577295984,1.7261222668887723,-1.106938853237107,-2.8330611201258793
13.46,0.6474812244650312,1.7330433528131997,-1.0896250611849887,-2.8226684139981884
13.47,0.6471326527538249,1.733957963821684,-1.0736747648821208,-2.8076327287038048
13.48,0.6497685875749084,1.7270327336428168,-1.0592754998949194,-2.7863082335377363
13.49,0.6525210314864305,1.7197794600269596,-1.0461709661631327,-2.7659504261900922
13.5,0.6551145969496117,1.7129240772643928,-1.0345699961201227,-2.7474940733845155
13.51,0.6621121027966977,1.694325377587235,-1.0241900146589655,-2.7185153922462004
13.52,0.6697380597096185,1.6738806614561705,-1.0152511993345794,-2.68913186079075
13.53,0.6787621091392605,1.649441370616225,-1.0074387905343858,-2.6568801611506108
13.54,0.6912342594120858,1.615201315568177,-1.0009762427577764,-2.6161775583259534
13.55,0.7028980464487213,1.5826652780572343,-0.9955136192212788,-2.578178897278513
13.56,0.7183510578200556,1.5387343494075878,-0.9912723427107462,-2.530006692118334
13.57,0.7311889068174594,1.5014663644983475,-0.9878679351010006,-2.489334299599348
13.58,0.7470697395161559,1.4543066563268208,-0.9855177877167492,-2.43982444404357
13.59,0.7602747916253602,1.414120601615631,-0.9838073055788155,-2.3979279071944464
13.6,0.7745735229035109,1.369511599511739,-0.9829511415752273,-2.3524627410869665
13.61,0.7898087901226395,1.3205982743140012,-0.9825122201835869,-2.303110494497588
13.62,0.8044759622226916,1.2720072537320097,-0.9827063532851013,-2.254713607017111
13.63,0.8183130784973196,1.2246528127649032,-0.9830835514560049,-2.2077363642209082
13.64,0.8327072340787054,1.1736344689699056,-0.9838660580645108,-2.1575005270344163
13.65,0.8464744467884345,1.1229358882072311,-0.9846007822137695,-2.1075366704210006
13.66,0.8580862896064381,1.0785301947375563,-0.9855216327636941,-2.0640518275012503
13.67,0.8682969101784356,1.038075461980603,-0.986180860579476,-2.024256322560079
13.68,0.8784236899171689,0.9964854460620424,-0.9868280694272594,-1.9833135154893018
13.69,0.8869881150425843,0.9600294843971933,-0.9870268162264589,-1.9470563006236523
13.7,0.896209404548764,0.9192928766675722,-0.9870446117363049,-1.906337488403877
13.71,0.9048654192120967,0.879465706807363,-0.9864594118588719,-1.865925118666235
13.72,0.9112004141132032,0.849215410560422,-0.9855570308251961,-1.8347724413856181
13.73,0.9172635695100523,0.8192834811299026,-0.9839303077245554,-1.803213788854458
13.74,0.9215957879982575,0.7972488940715861,-0.9818823990648995,-1.7791312931364855
13.75,0.9274850492458203,0.7663352088485463,-0.9790195747652776,-1.745354783613824
13.76,0.9306709599271468,0.7491076008351742,-0.9756606747656493,-1.7247682756008236
13.77,0.9334633280189941,0.73369151771399,-0.9714228100575322,-1.7051143277715222
13.78,0.9371741079420987,0.7127130688726491,-0.9666387853773866,-1.6793518542500356
13.79,0.9394895611861632,0.699318147094853,-0.9609335414213883,-1.6602516885162413
13.8,0.9417266541695782,0.6861386022532998,-0.9546525553966339,-1.6407911576499337
13.81,0.9423840798326358,0.6822190094582672,-0.947425694884539,-1.6296447043428062
13.82,0.944372087621224,0.6702324769769236,-0.939610542925129,-1.6098430199020526
13.83,0.9442114453035712,0.6712087013703585,-0.9308394303844476,-1.602048131754806
13.84,0.944203860343453,0.6712547614470894,-0.9214823430840522,-1.5927371045311416
13.85,0.9444717390421624,0.6696262064096744,-0.9111722162669259,-1.5807984226766003
13.86,0.9443433797457358,0.6704070353003271,-0.9002926228462915,-1.5706996581466186
13.87,0.9435044639065967,0.6754888979522451,-0.8884758955796375,-1.5639647935318826
13.88,0.9427144614673734,0.6802410720738907,-0.8761212190784182,-1.556362291152309
13.89,0.9432486716006292,0.6770310996193597,-0.8628597366251601,-1.5398908362445198
13.9,0.9407307375687366,0.6920356653460074,-0.8491090185129486,-1.541144683858956
13.91,0.9389836045185763,0.7022660131696595,-0.834498961465725,-1.5367649746353844
13.92,0.9360420132376852,0.7191752496986732,-0.8194689184950776,-1.5386441681937508
13.93,0.9364006506376576,0.7171341192082427,-0.8036478696454495,-1.5207819888536922
13.94,0.9300650795887835,0.7524127679955407,-0.7875008022287712,-1.5399135702243119
13.95,0.9280505005802986,0.7633045769758745,-0.7706562929879026,-1.533960869963777
13.96,0.9260642713797305,0.7739003146335101,-0.7536090430448333,-1.5275093576783434
13.97,0.9229148658176122,0.7904245115194481,-0.7359876459386341,-1.5264121574580822
13.98,0.920072183061954,0.8050632458501894,-0.7183205218633507,-1.52338376771354
13.99,0.9174491953856934,0.818350844440701,-0.7002362484675207,-1.5185870929082217
14.0,0.9135547345347943,0.837712423578161,-0.6823005074821327,-1.5200129310602937
14.01,0.9124217439465749,0.8432665198763616,-0.6641409357105057,-1.5074074555868673
14.02,0.9052498550276805,0.8776578252477838,-0.6463630837426279,-1.5240209089904118
14.03,0.904778769268958,0.8798727148643011,-0.6285913319937747,-1.508464046858076
14.04,0.9012143836634033,0.8964655230924515,-0.6114722340102662,-1.5079377571027177
14.05,0.8965772222250414,0.9176332719633234,-0.5946226903002575,-1.512255962263581
14.06,0.8946683516520954,0.9262161325129826,-0.5787293425771799,-1.5049454750901625
14.07,0.8884125389422266,0.9538419791416342,-0.5633949949013299,-1.517236974042964
14.08,0.8855387300430607,0.9662879033438535,-0.5493428279349744,-1.515630731278828
14.09,0.8816549647611336,0.9828769400062328,-0.5361521424177981,-1.519029082424031
14.1,0.8804301769687981,0.9880553583377286,-0.5245759037737137,-1.5126312621114424
14.11,0.8774977867780169,1.0003535956700884,-0.5141574720925254,-1.514511067762614
14.12,0.8756219595074529,1.008148601759223,-0.5056691361240937,-1.5138177378833166
14.13,0.873228715871361,1.0180144983126558,-0.49860290020965237,-1.5166173985223081
14.14,0.8713133287345827,1.0258480806678631,-0.4937359425453574,-1.5195840232132205
14.15,0.8712412778143908,1.0261416920528514,-0.49049116338515936,-1.5166328554380106
14.16,0.8686031537838182,1.0368400523636296,-0.4896326025584817,-1.5264726549221113
14.17,0.8712168667860701,1.0262411509594094,-0.49049574669139623,-1.5167368976508055
14.18,0.8710083620106721,1.0270903135734568,-0.49381157690351934,-1.520901890476976
14.19,0.8695808759714798,1.032886861512008,-0.4988128318705859,-1.531699693382594
14.2,0.8695147795454595,1.0331545403437996,-0.5061793069349021,-1.5393338472787017
14.21,0.8725531069370482,1.0207838697210967,-0.5150340989717144,-1.535817968692811
14.22,0.8715577445146684,1.024851502479882,-0.525995009547641,-1.5508465120275232
14.23,0.8757821463723574,1.0074850985707293,-0.5380831797143938,-1.545568278285123
14.24,0.8759433449471934,1.0068170014216173,-0.551856419695469,-1.5586734211170863
14.25,0.8800493712124222,0.9896603423525843,-0.5662598488554871,-1.5559201912080713
14.26,0.8793128595407004,0.9927577697144094,-0.5818081013228615,-1.574565871037271
14.27,0.8802922332944136,0.9886370263041219,-0.5974119984980171,-1.5860490248021388
14.28,0.8844025605700072,0.9711678800588276,-0.6135703833089604,-1.584738263367788
14.29,0.8837411082307339,0.9739985274096586,-0.6292077709270627,-1.6032062983367212
14.3,0.8845488894812057,0.970540647984815,-0.6448356910189231,-1.6153763390037381
14.31,0.8835806496019689,0.9746840611722966,-0.6594339014341216,-1.6341179626064182
14.32,0.8796741417406615,0.9912394926611267,-0.6735464992826268,-1.6647859919437535
14.33,0.8798542769136026,0.990481683282547,-0.6862341084096218,-1.6767157916921689
14.34,0.8796463230097549,0.9913564757404494,-0.6980799493126839,-1.6894364250531333
14.35,0.8730616148379756,1.0187000969161428,-0.708232936316318,-1.7269330332324608
14.36,0.8664151675161191,1.04563744218472,-0.7173101936185543,-1.7629476358032743
14.37,0.8576900523244053,1.08007246517157,-0.7245421874146903,-1.8046146525862605
14.38,0.8483186194759258,1.1159893055832926,-0.7305681818644496,-1.8465574874477422
14.39,0.8327191141599678,1.1735915577080407,-0.7346858491240323,-1.908277406832073
14.4,0.8087089205470926,1.2576849366552025,-0.7375436858785385,-1.995228622533741
14.41,0.8015953729615655,1.2816748411070633,-0.7384903415922888,-2.020165182699352
14.42,0.7795246355851017,1.3537795719494548,-0.7381730353690066,-2.0919526073184613
14.43,0.7505530065385356,1.4437955674788847,-0.7359767900895163,-2.179772357568401
14.44,0.7101353870759016,1.5622116853980181,-0.7325408720199686,-2.294752557417987
14.45,0.6811892133186929,1.6428210941804953,-0.7272751628194631,-2.3700962569999584
14.46,0.647849232461044,1.7320773574916235,-0.7208081432403651,-2.4528855007319885
14.47,0.6104320262984326,1.8283808199224936,-0.7125663097241812,-2.540947129646675
14.48,0.5691170032444692,1.9307294826188313,-0.7031677222947799,-2.633897204913611
14.49,0.5374860066748661,2.0066865877553646,-0.6920501178394682,-2.698736705594833
14.5,0.502733894188503,2.088075669545824,-0.6798239254042572,-2.767899594950081
14.51,0.47912748773085273,2.1422718449208284,-0.6659350684190664,-2.808206913339895
14.52,0.4604572120861272,2.184572268117399,-0.650990907369941,-2.8355631754873403
14.53,0.4344763235615025,2.242679105852257,-0.6344443159666281,-2.8771234218188853
14.54,0.4173504432475025,2.280537170713158,-0.6169054484889072,-2.8974426192020655
14.55,0.40568282558143115,2.306141114715579,-0.5978342965059796,-2.9039754112215586
14.56,0.3968673232495485,2.3253899445760937,-0.5778506377978722,-2.9032405823739658
14.57,0.38841088835905074,2.343779742861702,-0.5564227916573585,-2.9002025345190607
14.58,0.3822063118458167,2.3572272428477916,-0.5341876839093159,-2.8914149267571077
14.59,0.38067514350265497,2.3605400505222818,-0.5106238346021398,-2.8711638851244214
14.6,0.3828547984991244,2.355823505204432,-0.4863932376911337,-2.8422167428955656
14.61,0.38768080550424355,2.3453640552346817,-0.4609866812092772,-2.806350736443959
14.62,0.39513678906236605,2.329159147506123,-0.43509914803226374,-2.764258295538387
14.63,0.4037858695476917,2.3102900329098266,-0.4082353494918866,-2.718525382401713
14.64,0.4158362361316365,2.2838684195219483,-0.38113066403448986,-2.664999083556438
14.65,0.4277642642310562,2.2575569216990132,-0.35330423383944437,-2.6108611555384575
14.66,0.44503177699531404,2.2191731633200424,-0.32553813710947177,-2.544711300429514
14.67,0.4612505775675668,2.1827843538288554,-0.2973645271625993,-2.4801488809914547
14.68,0.4803028288352714,2.13959277323783,-0.26961685074581504,-2.4092096239836454
14.69,0.4985690613301772,2.0976981404683364,-0.2418362628034797,-2.339534403271816
14.7,0.5183880882384416,2.0516628231360907,-0.21491031357771267,-2.2665731367138036
14.71,0.5408210363440044,1.9987668423003873,-0.18838218942576213,-2.1871490317261495
14.72,0.5631779749257803,1.945139359612741,-0.16319441193769307,-2.108333771550434
14.73,0.5815039969858664,1.9004403121939422,-0.13888225305264934,-2.0393225652465916
14.74,0.6032628202790484,1.8464208484488747,-0.11644256784683055,-1.962863416295705
14.75,0.6216951188298543,1.7997825831558818,-0.0953899408012521,-1.895172523957134
14.76,0.641056797030194,1.7498438112722252,-0.07677366257140374,-1.826617473843629
14.77,0.6582079526218322,1.7047208905860922,-0.06007181821951537,-1.7647927088056077
14.78,0.6765442488502912,1.6554732406669923,-0.04638233695538865,-1.701855577622381
14.79,0.6935984710677344,1.6086476864466808,-0.03512663645744429,-1.643774322904125
14.8,0.7086619889643435,1.5663926833564805,-0.02744313984492932,-1.5938358232014098
14.81,0.7253145802895365,1.5186101619953623,-0.022669073983026786,-1.5412792359783891
14.82,0.7398778746653808,1.4758150409582924,-0.02196606833788961,-1.4977811092961821
14.83,0.7569139993057069,1.4244367503343354,-0.024548001756816793,-1.448984752091152
14.84,0.7714587772969757,1.379331365362101,-0.03156708919635857,-1.4108984545584597
14.85,0.7865345062810882,1.3312385457426865,-0.04206030238724206,-1.3732988481299286
14.86,0.8018851275113661,1.2807052314779084,-0.05711909463636863,-1.337824326114277
14.87,0.8164191313178228,1.231227685215929,-0.07554097032011316,-1.306768655536042
14.88,0.8323052303868722,1.1750857050094792,-0.09829438671857142,-1.2733800917280507
14.89,0.8468565148874367,1.1214998805027507,-0.1238883460095164,-1.245388226512267
14.9,0.8609653564525878,1.0672637254885886,-0.15312227490044178,-1.2203860003890303
14.91,0.8753405672802996,1.009313179383124,-0.18422160431165088,-1.193534783694775
14.92,0.8881596032428614,0.9549433983217175,-0.21782605862508672,-1.1727694569468041
14.93,0.9016179666788229,0.8946011978801506,-0.2519709355294925,-1.146572133409643
14.94,0.9135237559820574,0.8378647456800088,-0.2872189047059246,-1.1250836503859334
14.95,0.9239687880333399,0.7849315601503206,-0.32158378805448606,-1.1065153482048067
14.96,0.9334816808315448,0.7335891735605532,-0.35567158849188574,-1.0892607620524388
14.97,0.9425858802123305,0.681011521894708,-0.3876477419176568,-1.0686592638123649
14.98,0.9490023057017861,0.6414804646596641,-0.41825064665269757,-1.0597311113123618
14.99,0.9556895592080026,0.5976058852708818,-0.44590015453967663,-1.0435060398105585
15.0,0.9606465530821672,0.5629515505224363,-0.4714834265333682,-1.0344349770558043
15.01,0.966167004484821,0.5217318413803442,-0.4936870278133666,-1.015418869193711
15.02,0.9683518315526268,0.5045118529031332,-0.513503902308844,-1.018015755211977
15.03,0.9718000754462255,0.476096373968359,-0.5298407178248027,-1.0059370917931618
15.04,0.9737718854967592,0.4590736372845888,-0.5437332199651143,-1.0028068572497029
15.05,0.9752235297059625,0.44613418568927676,-0.5542447200521583,-1.000378905741435
15.06,0.9768309026246617,0.43136177060226205,-0.5624006792403815,-0.9937624498426435
15.07,0.9780580304556417,0.4197397675933608,-0.5673662712493139,-0.9871060388426748
15.08,0.978679779771822,0.4137285346861936,-0.5701239210680502,-0.9838524557542437
15.09,0.9790652044783507,0.40995853781879893,-0.5699022074159914,-0.9798607452347903
15.1,0.9783110727766878,0.4173035869054208,-0.5676261168528771,-0.9849297037582978
15.11,0.9777486684944061,0.4226993728655127,-0.5625637922990169,-0.9852631651645295
15.12,0.9772920553849875,0.42703077783486537,-0.555580857896965,-0.9826116357318304
15.13,0.976561079817672,0.4338761175157756,-0.5459715845007461,-0.9798477020165218
15.14,0.9751944050240998,0.4463974168940876,-0.534547495714014,-0.9809449126081016
15.15,0.9732654656936993,0.4635041616027825,-0.5206222828329884,-0.9841264444357709
15.16,0.9718794376751222,0.47542279278398747,-0.5049623183675741,-0.9803851111515615
15.17,0.9689034104782814,0.5000728411120202,-0.48689830262284756,-0.9869711437348677
15.18,0.9674482017202529,0.5117026540521081,-0.46716218831025863,-0.9788648423623666
15.19,0.9635989986032182,0.5412874230382131,-0.4451021856561252,-0.9863896086943383
15.2,0.9603647037521612,0.5649773480369431,-0.42142747910008277,-0.9864048271370257
15.21,0.9570096508276325,0.5885708680943462,-0.39550647011053713,-0.9840773382048834
15.22,0.9523405852562794,0.6199540047612582,-0.36803781810378583,-0.9879918228650442
15.23,0.9488384396779225,0.6425191838163219,-0.3384145189647371,-0.9809337027810591
15.24,0.9426339224569609,0.6807237542179331,-0.307337339430113,-0.9880610936480461
15.25,0.937954407441238,0.7082261449773883,-0.2742294834535267,-0.982455628430915
15.26,0.9335636653816228,0.733131821515841,-0.23980644659713327,-0.9729382681129742
15.27,0.9271969707431568,0.7678748414387271,-0.20352762910518427,-0.9714024705439114
15.28,0.9218235459495472,0.7960745220457044,-0.16613503257946338,-0.9622095546251677
15.29,0.9131003229893019,0.8399441680393691,-0.12712928359157136,-0.9670734516309404
15.3,0.9070776741558468,0.869014062979467,-0.08728847624269392,-0.956302539222161
15.31,0.9000521816506726,0.901814168160775,-0.04615674258864116,-0.9479709107494162
15.32,0.8925799302364242,0.935522597644658,-0.004554010492359809,-0.9400766081370178
15.33,0.8846534254059718,0.9700923310764089,0.03793442826347358,-0.9321579028129352
15.34,0.8785982782396341,0.9957545260745057,0.08044629050990339,-0.9153082355646023
15.35,0.8698590460630984,1.031759629623017,0.12336330661481644,-0.9083963230082004
15.36,0.8612766627383797,1.0660390744094772,0.16578575785230923,-0.9002533165571679
15.37,0.8525089375304917,1.1000596308814274,0.2080761088851216,-0.8919835219963057
15.38,0.8473501589902327,1.1196420782572554,0.2493058974295502,-0.8703361808277051
15.39,0.83963890043918,1.1483565546022143,0.2898353315126335,-0.8585212230895808
15.4,0.8308373211731621,1.1803714983202285,0.32871610511562666,-0.8516553932046017
15.41,0.8260489662649069,1.197470925559661,0.36632286459594693,-0.831148060963714
15.42,0.8198760976773268,1.219203498703202,0.4016921205282748,-0.8175113781749273
15.43,0.812662631844962,1.2441789177425568,0.43522580091974655,-0.8089531168228101
15.44,0.8102167282160881,1.2525490899890719,0.4659419054692758,-0.7866071845197959
15.45,0.8059382188236136,1.2670754678011888,0.49427675834673684,-0.7727987094544522
15.46,0.8033185743540228,1.2758991534693591,0.5192167241863203,-0.7566824292830387
15.47,0.8036337107855155,1.2748404708078134,0.5412345901564126,-0.7336058806514008
15.48,0.802943813765437,1.277157156934206,0.5592627055739214,-0.7178944513602845
15.49,0.804086146137761,1.2733192157835205,0.5738107631605779,-0.6995084526229426
15.5,0.8036487340123126,1.2747899822479396,0.583728477869092,-0.6910615043788475
15.51,0.8102801743144867,1.2523325823817288,0.5895678439196098,-0.662764738462119
15.52,0.81583361708762,1.2332541302450641,0.5900677716186691,-0.6431863586263951
15.53,0.8236929848794062,1.2058059912328711,0.5858445412517531,-0.6199614499811181
15.54,0.8281318518208424,1.1900593983711614,0.5755124678950242,-0.6145469304761372
15.55,0.8390740657455039,1.1504347528004446,0.559811087333259,-0.5906236654671856
15.56,0.8490431244011906,1.1132496640268945,0.5372572670750632,-0.5759923969518314
15.57,0.8605092673590914,1.069055650790675,0.5088404857972176,-0.5602151649934572
15.58,0.8703695466348313,1.0296880020700703,0.47308669761964633,-0.5566013044504239
15.59,0.8857140317378127,0.9655329408328932,0.43145439871945646,-0.5340785421134367
15.6,0.8992645064783069,0.9054224427492146,0.38268369899564175,-0.5227387437535728
15.61,0.9133155206307243,0.8388879673297515,0.32896908543306924,-0.5099188818966821
15.62,0.9255656983052571,0.7765384315500732,0.2694837934775911,-0.507054638072482
15.63,0.9378978250860771,0.7085524231040589,0.20727197895757482,-0.501280444146484
15.64,0.9511648381900375,0.6276170780903776,0.14193883018096146,-0.4856782479094161
15.65,0.9588509989671169,0.5757384544194714,0.07707151796736895,-0.4986669364521024
15.66,0.9682951749057868,0.5049656524883299,0.012337142575885784,-0.49262850991244417
15.67,0.9760131954077972,0.4389379656858686,-0.048798239637192535,-0.4877362053230611
15.68,0.9804706834126707,0.39591125692039636,-0.10707232472931828,-0.5029835816497147
15.69,0.9853888998246032,0.34230769983522324,-0.1596761655948474,-0.5019838654300707
15.7,0.9890218857376908,0.2966244733339503,-0.20790105013939428,-0.5045255234733447
15.71,0.9911736042259229,0.2659234571444143,-0.2496900072521033,-0.5156134643965177
15.72,0.9929099441488344,0.23830148763999948,-0.28669989028557463,-0.5250013779255741
15.73,0.9934207572843732,0.22954685457505358,-0.31742964883932084,-0.5469765034143745
15.74,0.9947307167153504,0.20540530384159594,-0.34363336449509135,-0.5490386683366872
15.75,0.9950246578485481,0.19958904389922402,-0.3641356255470143,-0.5637246694462383
15.76,0.9948875584682993,0.2023225871074769,-0.3806056187558376,-0.5829282058633145
15.77,0.9947294855745146,0.20542931950137713,-0.3920385003654346,-0.5974678198668116
15.78,0.9945679466455957,0.20855653157655574,-0.3999393948660235,-0.6084959264425792
15.79,0.9932816825616085,0.23196298974239504,-0.40339259565991376,-0.6353555854023087
15.8,0.9928842321546824,0.23873370806397035,-0.4037243491751047,-0.642458057239075
15.81,0.9913365039489087,0.2634545029776684,-0.40007119254346696,-0.6635256955211355
15.82,0.9902389830712859,0.27967034834094334,-0.39359495694794233,-0.6732653052888857
15.83,0.9889364413941397,0.2977787016670471,-0.3834696191669147,-0.6812483208339617
15.84,0.9876500772495967,0.3146480815029101,-0.3707166723348031,-0.6853647538377132
15.85,0.9840651663872052,0.3575173751149724,-0.3545428537152411,-0.7120602288302135
15.86,0.9816329559445489,0.3839119252290413,-0.33585453280225963,-0.7197664580313009
15.87,0.9794149949245504,0.4065072602137737,-0.31389149528147003,-0.7203987554952439
15.88,0.9758348906900598,0.44057296158019377,-0.2894687679486275,-0.7300417295288213
15.89,0.971660854360502,0.4772757498210259,-0.26186276942082853,-0.7391385192418545
15.9,0.9674896368173251,0.5113750907864714,-0.2318196030389433,-0.7431946938254146
15.91,0.9626125044176593,0.5486187557476121,-0.19865908181265254,-0.7472778375602646
15.92,0.9586766552810205,0.5769653461674638,-0.1630804461133372,-0.740045792280801
15.93,0.9529324975762428,0.616061249937777,-0.12445718009619744,-0.7405184300339746
15.94,0.9473447925795773,0.6519135092139318,-0.08346430650086886,-0.7353778157148007
15.95,0.9403176160760549,0.6944677498894779,-0.03954275847510018,-0.7340105083645782
15.96,0.9342685105184619,0.7291885332312878,0.006633365277243586,-0.7225551679540443
15.97,0.9269506663170765,0.7691888901072413,0.05553960804821341,-0.7136492820590279
15.98,0.9175097550060406,0.8180463588157233,0.10648052325360989,-0.7115658355621135
15.99,0.909746296899066,0.8562475300506636,0.15983298586063974,-0.6964145441900239
16.0,0.9012420096144302,0.8963380220841016,0.2148630025065899,-0.6814750195775117
16.01,0.8925986054919527,0.9354397567989322,0.2718401222890093,-0.6635996345099229
16.02,0.8817056972501973,0.9826619022237677,0.32998578532635386,-0.6526761168974138
16.03,0.8731449652322882,1.0183581713178673,0.38946674983946955,-0.6288914214783976
16.04,0.8611698103893839,1.0664595651792994,0.4494709349028806,-0.6169886302764189
16.05,0.8502878749010532,1.1085286285514222,0.5100845436668432,-0.598444084884579
16.06,0.8397440782503005,1.1479692047984442,0.5704915853157217,-0.5774776194827225
16.07,0.829560298769749,1.1849530199333207,0.630735648276653,-0.5542173716566677
16.08,0.8195695438072144,1.220273942422013,0.6900386283514649,-0.530235314070548
16.09,0.8081400718213774,1.2596178247850212,0.7484450886689596,-0.5111727361160615
16.1,0.7987627558905515,1.2911207135278704,0.8052557937359152,-0.48586491979195534
16.11,0.7890405919633104,1.3231011713889949,0.8605517826592428,-0.46254938872975215
16.12,0.7800481028525247,1.3521072743720755,0.9137401335719931,-0.43836714080008227
16.13,0.7716624865496391,1.3786909270919654,0.9649563608579845,-0.4137345662339808
16.14,0.766066794509005,1.396193854974345,1.0137225444324125,-0.3824713105419323
16.15,0.7597568079386213,1.4157146317541296,1.060228818974263,-0.3554858127798666
16.16,0.754248357532802,1.4325754588730497,1.1041057435300827,-0.328469715342967
16.17,0.7515731872855107,1.4407051881454662,1.1455869133816168,-0.2951182747638495
16.18,0.7461954346865088,1.456935210092595,1.1843973231698728,-0.2725378869227222
16.19,0.7427519479195305,1.4672504817130472,1.2207993622729951,-0.24645111944005207
16.2,0.741092755469508,1.4721997122526254,1.254597452293919,-0.21760225995870633
16.21,0.7382594737412653,1.4806200600597386,1.2860696804049236,-0.19455037965481486
16.22,0.73785955049093,1.4818054822176612,1.3150871005863083,-0.16671838163135283
16.23,0.7378495691062954,1.481835058454778,1.3419336581007355,-0.13990140035404247
16.24,0.7360636922754215,1.4871191935044528,1.3665368094681052,-0.12058238403634752
16.25,0.7369674408545573,1.484447042794558,1.3891792890853074,-0.09526775370925049
16.26,0.7368795218840017,1.4847071672626126,1.4098363230416124,-0.07487084422100032
16.27,0.7352454976898766,1.4895350391499276,1.42878391772203,-0.0607511214278976
16.28,0.7313404838149629,1.501021918294707,1.446036982648516,-0.054984935646191044
16.29,0.7318266878022934,1.4995955808372288,1.4618598055200331,-0.03773577531719559
16.3,0.7284591712054517,1.509452332021724,1.4762989357486023,-0.03315339627312155
16.31,0.7292476080473788,1.5071492158848083,1.4896020090725357,-0.01754720681227256
16.32,0.7240515734993224,1.522275928840606,1.5018393723156467,-0.020436556524959414
16.33,0.7209232989781225,1.531325272493139,1.513237189985259,-0.01808808250788006
16.34,0.7125432997855493,1.5553598056120153,1.5238825843948824,-0.03147722121713275
16.35,0.7068409927460315,1.5715479488132755,1.533975889357357,-0.03757205945591866
16.36,0.6914877893299062,1.6144995118319379,1.5436155477593139,-0.07088396407262408
16.37,0.6884567240125498,1.6228745425000914,1.5529725184346976,-0.06990202406539371
16.38,0.6725757864506775,1.666224721515819,1.5621532432551073,-0.10407147826071163
16.39,0.6626877784599269,1.6927885013812374,1.571296741604162,-0.12149175977707538
16.4,0.6516824465002553,1.7219917019922906,1.580516477618877,-0.14147522437341362
16.41,0.6317186925740507,1.7740560209115217,1.5899178572241905,-0.1841381636873311
16.42,0.6167525214004715,1.8123718071562438,1.5996225765783618,-0.21274923057788206
16.43,0.5980150840994951,1.8595481223364803,1.6097013609118418,-0.2498467614246384
16.44,0.5765850468111977,1.912507020215389,1.6202871075844085,-0.29221991263098057
16.45,0.5667688884613891,1.9364352491628196,1.631415044975075,-0.3050202041877445
16.46,0.5437788189598302,1.99172604498082,1.6432334485624862,-0.34849259641833374
16.47,0.5175900949187053,2.0535286293094743,1.655741177555623,-0.39778745175385144
16.48,0.5066824473930185,2.078927966979338,1.6691067186593331,-0.40982124832000516
16.49,0.4797327341268843,2.140892491757297,1.6832914538000951,-0.45760103795720203
16.5,0.46816349491130194,2.167170064486843,1.6984890949192524,-0.46868096956759075
16.51,0.4439387631029737,2.2216135091500084,1.7146221799420462,-0.5069913292079622
16.52,0.4318071232206909,2.248601940659086,1.7319144696972604,-0.5166874709618255
16.53,0.41489555663965777,2.2859366325371635,1.7502481572354078,-0.5356884753017555
16.54,0.40184980304891726,2.3145205781167877,1.7698814134417933,-0.5446391646749943
16.55,0.3885980436701403,2.3433735223325196,1.7906546916443045,-0.5527188306882154
16.56,0.3717188116515604,2.3798730243207773,1.8128642786588571,-0.56700874566192
16.57,0.3570482535523854,2.4113807735737924,1.8363079148394637,-0.575072858734329
16.58,0.3495435841870513,2.4274248246077224,1.8613229176717652,-0.5661019069359573
16.59,0.33810893571199657,2.451779121243973,1.887664111280492,-0.5641150099634806
16.6,0.32158538469702164,2.486785981392396,1.9157118691182504,-0.5710741122741455
16.61,0.31397136457981845,2.502846576987275,1.9451790031343226,-0.5576675738529525
16.62,0.29727936900094243,2.5379087900253325,1.9764900006720905,-0.5614187893532422
16.63,0.28721314444940393,2.5589604064105416,2.009317951105184,-0.5496424553053576
16.64,0.2751194147346069,2.584164837400222,2.044131468764484,-0.5400333686357384
16.65,0.27043593449100617,2.5939010342164694,2.080567758069402,-0.5133332761470674
16.66,0.2549394273079526,2.62602253338945,2.1191384207138655,-0.5068841126755844
16.67,0.24513163829914145,2.6462817111743506,2.1594501373772346,-0.48683157379711606
16.68,0.23291639195727087,2.6714416900407425,2.2020550135521555,-0.46938667648858723
16.69,0.2210517798697848,2.6958070583293847,2.2465357871537246,-0.4492712711756601
16.7,0.21399546072860653,2.7102659492405765,2.293480877774134,-0.4167850714664425
16.71,0.19880206987147644,2.7413217721985994,2.3424561768025525,-0.3988655953960467
16.72,0.1877666664922383,2.7638169045203433,2.394079855064661,-0.36973704945568237
16.73,0.17548576453528886,2.788794317686375,2.447907310551989,-0.34088700713438647
16.74,0.16305774346486604,2.814014480776009,2.504576378149265,-0.3094381026267442
16.75,0.15075052148685938,2.8389378003329115,2.563635593078982,-0.27530220725392957
16.76,0.13819501135156254,2.8643152402156273,2.625727025241448,-0.23858821497417954
16.77,0.12383956997542493,2.8932760265182966,2.6903904566206425,-0.20288556989765394
16.78,0.11241619814365521,2.916283994325463,2.7582489004447197,-0.15803509388074322
16.79,0.09502490347381015,2.951255661683977,2.828822562047894,-0.12243309963608294
16.8,0.0740548263487426,2.993347290593537,2.9026814918073147,-0.09066579878622255
16.81,0.056835721776409415,3.027859922107999,2.9793035521719036,-0.04855636993609576
16.82,0.039725983779453085,3.062119773271965,3.0591599762655326,-0.0029597970064324623
16.83,0.020359538341248686,3.1008707632995907,-3.141533747451816,0.040780796428179944
16.84,0.0020759066482321847,-3.1374408373113605,-3.0560887373063585,0.08135210000500186
16.85,0.023979763452711796,-3.0936285291410215,-2.9684057007978555,0.1252228283431659
16.86,0.052741103849747575,-3.0360614826026087,-2.8783680830684686,0.15769339953414002
16.87,0.07010259199463857,-3.0012723781260657,-2.786831345945095,0.2144410321809706
16.88,0.10088527970054259,-2.939478252310011,-2.6938980560161587,0.24558019629385225
16.89,0.12552440720163835,-2.8898798504497756,-2.6005431604559046,0.289336689993871
16.9,0.15344445372103702,-2.8334865110327025,-2.5070462588682285,0.32644025216447414
16.91,0.18212360301036706,-2.7753011653728903,-2.4144170010160395,0.3608841643568508
16.92,0.2065225599879196,-2.725553535173913,-2.323006574438876,0.40254696073503715
16.93,0.2355005993667844,-2.666125408462722,-2.2337286109235226,0.43239679753919946
16.94,0.26190969358446087,-2.611591771943813,-2.1468786068563572,0.46471316508745597
16.95,0.2882788696688037,-2.556734828947012,-2.063156507240355,0.4935783217066573
16.96,0.316746995758112,-2.496996812464389,-1.9827173404318161,0.5142794720325726
16.97,0.3402227023516922,-2.4472852178201228,-1.9059971056805245,0.541288112139598
16.98,0.3621272402896413,-2.40049462111943,-1.8330001844624195,0.5674944366570103
16.99,0.3885439929508694,-2.3434908429702066,-1.7639198437867045,0.5795709991835022
17.0,0.4120226346061066,-2.292247126457831,-1.6986537105942456,0.5935934158635854
17.01,0.43656690447872193,-2.23803428875552,-1.6372087462378002,0.6008255425177197
17.02,0.46547064775542796,-2.173260045123136,-1.5794333676440078,0.593826677479128
17.03,0.49354206961467406,-2.1092772237327737,-1.5252039696324724,0.5840732541003014
17.04,0.5190643524929297,-2.0500808081044246,-1.474365029562308,0.5757157785421166
17.05,0.5464321560449763,-1.9853962678707815,-1.426702134853818,0.5586941330169635
17.06,0.5761350614392843,-1.9136083116028124,-1.3820829516719653,0.5315253599308472
17.07,0.5988066456978522,-1.857572155865961,-1.3402264578268344,0.5173456980391268
17.08,0.639196505178076,-1.7546866261853065,-1.3010368497921592,0.45364977639314746
17.09,0.6603497704183264,-1.6990237914778799,-1.2641808540040902,0.43484293747378966
17.1,0.6934900895089882,-1.6089485733232403,-1.2296048167846398,0.3793437565386004
17.11,0.727906925170493,-1.5110638290694265,-1.1969328941572324,0.31413093491219407
17.12,0.7539970196968616,-1.4333408768701155,-1.1661558411363384,0.267185035733777
17.13,0.7846217384628138,-1.3374211192085321,-1.1368632633252183,0.20055785588331387
17.14,0.8141332280066979,-1.2391227737761616,-1.1090914799748754,0.13003129380128625
17.15,0.8315806097514757,-1.177697605077519,-1.0824030626973813,0.0952945423801378
17.16,0.8601443996182335,-1.0704872268834607,-1.0568807085081493,0.013606518375311393
17.17,0.8804318371800032,-0.9880483558017523,-1.0320670093876387,-0.04401865358588648
17.18,0.9015460399369813,-0.8949337238746645,-1.0080914990124932,-0.11315777513782871
17.19,0.9109019742635843,-0.8506631177625547,-0.9844829834360835,-0.13381986567352888
17.2,0.9295142078605242,-0.7554058989752436,-0.9614177070079828,-0.20601180803273927
17.21,0.9430595726691997,-0.678169031080543,-0.9384156456832795,-0.2602466146027365
17.22,0.9507123168062032,-0.630542431712479,-0.9156989240997974,-0.2851564923873184
17.23,0.9591935750394126,-0.5733202422044011,-0.8927822781641568,-0.3194620359597557
17.24,0.9684058389224561,-0.5040789008659187,-0.8699322878222506,-0.36585338695633196
17.25,0.9696964520486708,-0.4936221045417042,-0.8466608296523729,-0.3530387251106687
17.26,0.9748829714127063,-0.44920269593313156,-0.8232772280864442,-0.37407453215331277
17.27,0.9784079273124421,-0.4163673969482479,-0.7992920284833903,-0.38292463153514245
17.28,0.9828981350393459,-0.3704141911462987,-0.7750557083494622,-0.4046415172031635
17.29,0.9849047242013235,-0.347947206487642,-0.75007858785891,-0.4021313813712679
17.3,0.9866092394947112,-0.32766755219116417,-0.7247512167064405,-0.39708366451527627
17.31,0.9896806519156484,-0.28757114242248794,-0.6985847630270743,-0.4110136206045863
17.32,0.9898460437643363,-0.2852533852079293,-0.6720095708489419,-0.38675618564101255
17.33,0.9914585954828822,-0.2615888614421794,-0.6445389625231831,-0.38295010108100375
17.34,0.9923819629110096,-0.24702597760345285,-0.6166437437066263,-0.36961776610317354
17.35,0.9931175498778987,-0.2347826114536383,-0.5878410235265893,-0.35305841207295097
17.36,0.9939429047076647,-0.22024023106010976,-0.5586436465371972,-0.3384034154770875
17.37,0.9939463254868968,-0.22017796840673445,-0.5285743615942923,-0.30839639318755785
17.38,0.9948951393214535,-0.20217239906238066,-0.49819031746340997,-0.2960179184010294
17.39,0.994650569956069,-0.20696291956909674,-0.46702166448327864,-0.26005874491418196
17.4,0.9949024169539845,-0.2020281135892349,-0.4356724107370093,-0.2336442971477744
17.41,0.9950109072061833,-0.1998648909594324,-0.4036812821822422,-0.2038163912228098
17.42,0.994801804739544,-0.20401382409317956,-0.37170146019596145,-0.1676876361027819
17.43,0.9942529646534575,-0.21452363103920166,-0.33928021560817123,-0.12475658456896957
17.44,0.9940681515507408,-0.21794902550022638,-0.307121404969359,-0.08917237946913256
17.45,0.9928735431652259,-0.23891316171688065,-0.27477898797334693,-0.03586582625646627
17.46,0.992033714600225,-0.25261646624165635,-0.2430077171252934,0.009608749116362945
17.47,0.9909855841579269,-0.2687451100922191,-0.21136409302239564,0.057381017069823466
17.48,0.9899268656632274,-0.2841139384166771,-0.18065249289355131,0.10346144552312576
17.49,0.9881272380447712,-0.3084973953758609,-0.1504253453101647,0.15807205006569625
17.5,0.98567526766221,-0.33892846728559645,-0.12153402811004545,0.2173944391755509
17.51,0.9834279766330046,-0.36461485125878323,-0.09351797384157416,0.2710968774172091
17.52,0.9807960374260936,-0.3925887890496699,-0.06727200381284486,0.32531678523682495
17.53,0.9766356378181814,-0.43318278429176876,-0.0423116461906222,0.39087113810114654
17.54,0.9721325079547913,-0.47326859568569696,-0.019571086989286852,0.4536975086964102
17.55,0.9682514187421368,-0.5053158508307586,0.0014707905179707661,0.5067866413487294
17.56,0.9619378849032387,-0.55357781983491,0.019845101523173463,0.5734229213580834
17.57,0.9560982239100431,-0.5948231220428617,0.036124627073761885,0.6309477491166235
17.58,0.9496512623461413,-0.637350785529104,0.049312061878259796,0.6866628474073637
17.59,0.9415767099449787,-0.6870295659205119,0.06005045662484178,0.7470800225453537
17.6,0.9322032560665221,-0.7406860033436429,0.06732417747298515,0.8080101808166279
17.61,0.9237190329628266,-0.786236550252435,0.07187065164629441,0.8581072018987294
17.62,0.9128899408903722,-0.8409755277158559,0.07267274705142028,0.9136482747672763
17.63,0.9020840986906293,-0.8924434131980025,0.07059318708370946,0.963036600281712
17.64,0.8906795682338065,-0.9439171444467495,0.06463892906900227,1.0085560735157517
17.65,0.8766426894225975,-1.0039138203598887,0.05583387287614096,1.0597476932360297
17.66,0.8615662627729659,-1.0648986714998272,0.043241453559607214,1.1081401250594343
17.67,0.8468953326929692,-1.1213538914213887,0.028079112080695336,1.149433003502084
17.68,0.8313623081770536,-1.1784834739317356,0.009496646435992791,1.1879801203677283
17.69,0.816086392881121,-1.2323796374088758,-0.011082829280774304,1.2212968081281015
17.7,0.7994395943000565,-1.28886907513852,-0.0344121668656996,1.2544569082728203
17.71,0.782375288922583,-1.3446515006804398,-0.05889021408455395,1.2857612865958858
17.72,0.7613384691269776,-1.4108425950649104,-0.0851951556529964,1.325647439411914
17.73,0.748910488826774,-1.448759798469945,-0.11162303367260194,1.3371367647973431
17.74,0.7258575631807699,-1.5170320246344715,-0.13883221108998592,1.3781998135444855
17.75,0.7125632669786027,-1.5553028880499014,-0.16512149558049485,1.3901813924694064
17.76,0.6951482899608319,-1.6043403269879422,-0.1911929479559225,1.4131473790320197
17.77,0.6816872283713696,-1.6414601660100856,-0.21544712097526036,1.4260130450348252
17.78,0.6641485613528215,-1.6888839616426055,-0.23867136632593197,1.4502125953166736
17.79,0.6493710502179288,-1.7280784691511186,-0.25942826330758223,1.4686502058435364
17.8,0.6402217388243278,-1.752018889840555,-0.27859501195499464,1.4734238778855604
17.81,0.6297277792360831,-1.7791871930742125,-0.29490997893798154,1.4842772141362308
17.82,0.6167165735256104,-1.8124631414806558,-0.30931495660072106,1.5031481848799346
17.83,0.6069775822924113,-1.837088824821708,-0.320704995319422,1.516383829502286
17.84,0.6002954355579734,-1.8538517447793614,-0.3300494485819833,1.523802296197378
17.85,0.5897518328139979,-1.8800896322501233,-0.33636762689212013,1.543722005358003
17.86,0.5931961630288567,-1.8715463252136484,-0.3406227709027866,1.530923554310862
17.87,0.5847754238906101,-1.8923862852236686,-0.3419267300259982,1.5504595551976703
17.88,0.5788885603578094,-1.906862692343793,-0.34121333376007973,1.5656493585837132
17.89,0.5811897909376386,-1.9012126438027719,-0.33766217416987415,1.5635504696328977
17.9,0.5730051891925739,-1.921256564980263,-0.3321653930456452,1.589091171934618
17.91,0.5751450594922602,-1.916029733212115,-0.32395345922477886,1.5920762739873362
17.92,0.5675395510845379,-1.9345638265699325,-0.31387332180556166,1.620690504764371
17.93,0.577377797873155,-1.9105658042172509,-0.301196175187069,1.609369629030182
17.94,0.58030380379542,-1.903389291388198,-0.2867263099326976,1.6166629814555005
17.95,0.5807359247309664,-1.9023278900349059,-0.26977056669637806,1.6325573233385278
17.96,0.5837159888588557,-1.8949970921907482,-0.2510969583669344,1.6439001338238137
17.97,0.587057438623878,-1.8867542591069435,-0.23004658899068617,1.6567076701162573
17.98,0.588841180200395,-1.8823439551921393,-0.20735993053729654,1.6749840246548426
17.99,0.5985947648261054,-1.8581012146977478,-0.1824136400859842,1.6756875746117637
18.0,0.6006519355723486,-1.852960098516761,-0.1559307455758098,1.697029352940951
18.01,0.6100215434707962,-1.8294170960261154,-0.1273265790067157,1.7020905170193996
18.02,0.6121052888061135,-1.8241523276363556,-0.09731737547304892,1.7268349521633066
18.03,0.6202595685671894,-1.8034455038491315,-0.0653612071089582,1.7380842967401733
18.04,0.6169274240238265,-1.8119273778336424,-0.032177827860511585,1.7797495499731308
18.05,0.6258606077998939,-1.7891236926841603,0.002728071671211071,1.7918517643553713
18.06,0.6361917667735396,-1.762488221636955,0.03862439695367648,1.8011126185906314
18.07,0.6351680077914109,-1.765140609834834,0.07595757924433547,1.8410981890791693
18.08,0.6464058367438577,-1.7358639024144917,0.11397723009757765,1.8498411325120694
18.09,0.6480674912673641,-1.7315042558634988,0.15308182650752564,1.8845860823710243
18.1,0.6532312516275923,-1.717904203681769,0.19250090501599862,1.9104051086977676
18.11,0.6531667439227349,-1.7180745916199773,0.23259035059673697,1.9506649422167144
18.12,0.6562412672550454,-1.7099396801169566,0.2725626896852604,1.982502369802217
18.13,0.6634320580849723,-1.6907999542030536,0.3127413502007558,2.0035413044038095
18.14,0.6594260294878066,-1.7014826291180067,0.35232921118511956,2.0538118403031262
18.15,0.6624098086299918,-1.6935307253461602,0.3916311054000838,2.085161830746244
18.16,0.6601628056014374,-1.6995216736863312,0.42984991654913657,2.129371590235468
18.17,0.6572436550204488,-1.707281231234516,0.4672871339707262,2.1745683652052423
18.18,0.6606372039043444,-1.698258151286146,0.5031545542288814,2.2014127055150277
18.19,0.6521296740237605,-1.7208121485162051,0.5377641252976701,2.2585762738138753
18.2,0.6495106740075021,-1.727711237252468,0.5703416879061517,2.2980529251586197
18.21,0.6432228846889748,-1.7441925585667808,0.6012198097256062,2.345412368292387
18.22,0.6374326627591694,-1.7592693736110678,0.6296377683045609,2.3889071419156287
18.23,0.6203149536984482,-1.8033042827482315,0.6559545992848645,2.459258882033096
18.24,0.6091964196474113,-1.8314988963626742,0.6794163066223726,2.510915202985047
18.25,0.5939509197406815,-1.8696706398929446,0.7004109581170592,2.570081598010004
18.26,0.5792111164935068,-1.9060714271703119,0.7181795550783888,2.6242509822487006
18.27,0.558756456075909,-1.9558214767708093,0.7331408518328839,2.688962328603693
18.28,0.5310752750839299,-2.0218544833124064,0.7445162198731041,2.7663707031855105
18.29,0.5065493571649319,-2.079236699457192,0.7527591992925191,2.831995898749711
18.3,0.4776320416708787,-2.1456777350004734,0.7570570568369426,2.9027347918374162
18.31,0.443992181566556,-2.221494277349036,0.7579090520980417,2.9794033294470776
18.32,0.40714629987978496,-2.302937672656927,0.7544585061188888,3.0573961787758157
18.33,0.36575521089643037,-2.392704437334673,0.7472740327070615,3.1399784700417346
18.34,0.31712480627598794,-2.4962001194759247,0.7354565589410926,-3.051528628762569
18.35,0.2706764744966315,-2.593401316834673,0.7196877526645635,-2.97009623768035
18.36,0.21692805353945524,-2.7042596876981126,0.6990480640446941,-2.8798775554367797
18.37,0.15966129689251074,-2.8208975757441164,0.6744023444209322,-2.787885387014538
18.38,0.09810627211258376,-2.945063985842919,0.6448602148725074,-2.69326110646416
18.39,0.033432983042152746,-3.0747142245034116,0.6115632256494022,-2.5969078570267725
18.4,0.03220789677032649,3.0771657179080996,0.5737222630732159,-2.5034434548348834
18.41,0.09974385990565036,2.9417726655737524,0.5328449442700303,-2.408927721303722
18.42,0.16166179201893804,2.8168439260518996,0.48830498123172006,-2.3285389448201794
18.43,0.23195569744692476,2.673417184625646,0.44200094079248387,-2.231416243833162
18.44,0.29501905963177166,2.5426417214400256,0.39346285372666334,-2.149178867713362
18.45,0.3580920499438555,2.409145391192683,0.34487763556469353,-2.064267755627989
18.46,0.41885407640869043,2.2772266610339336,0.29582339456300616,-1.9814032664709276
18.47,0.473248712795717,2.155642719639754,0.24855160143248617,-1.9070911182072674
18.48,0.5254461298874717,2.035113899868552,0.20252765834084618,-1.8325862415277057
18.49,0.5707049245325705,1.9268645454799993,0.15982694346461848,-1.7670376020153808
18.5,0.6162841465811784,1.813561571453485,0.11969397948214579,-1.693867591971339
18.51,0.651370261918462,1.7228147283276822,0.08388695557152877,-1.6389277727561535
18.52,0.6856306304537948,1.630653340797419,0.05143175829943853,-1.5792215824979805
18.53,0.7142329252717685,1.5505375979874103,0.023755944232330985,-1.5267816537550793
18.54,0.7420632106028209,1.469306572483255,-0.0002510890401928912,-1.469557661523448
18.55,0.761334676415249,1.4108542945222304,-0.019429636586000026,-1.4302839311082305
18.56,0.7822991562559899,1.3448959641757183,-0.03492830297337773,-1.3798242671490961
18.57,0.7986384551288006,1.291533859112719,-0.045776785128876375,-1.3373106442415954
18.58,0.8119133722694316,1.2467481471095174,-0.053087424079886585,-1.299835571189404
18.59,0.8243659231460477,1.2034304121416817,-0.056016885995332485,-1.2594472981370142
18.6,0.8335035048037853,1.1707552404165995,-0.05560041834439847,-1.226355658760998
18.61,0.8396817712041129,1.1481986837614229,-0.051081762301354465,-1.1992804460627773
18.62,0.8464096607440619,1.1231792248282615,-0.04340493602412777,-1.1665841608523893
18.63,0.8515951674787104,1.1035509242446127,-0.031879297511463824,-1.1354302217560766
18.64,0.8557397369606119,1.0876349428079324,-0.017360590939857565,-1.1049955337477901
18.65,0.8553821290509621,1.0890164630217898,0.0007848711444304172,-1.0882315918773593
18.66,0.8564026983838893,1.0850695883236983,0.021776818553883595,-1.0632927697698147
18.67,0.8585971677214479,1.0765387708850687,0.04619202563617991,-1.0303467452488888
18.68,0.8564255127398198,1.0849812101770222,0.07330742088586824,-1.011673789291154
18.69,0.8553066026290704,1.0893080371379078,0.10363696740840876,-0.985671069729499
18.7,0.8532675252600141,1.0971536829160895,0.13649364608605308,-0.9606600368300365
18.71,0.849244416018862,1.1124874292762261,0.17231887567412996,-0.9401685536020963
18.72,0.845786606164666,1.1255170227302596,0.2104398747609962,-0.9150771479692633
18.73,0.8393826975847513,1.1492996158825926,0.2512145093492563,-0.8980851065333364
18.74,0.8356945420213582,1.1628001999280315,0.2939646726694138,-0.8688355272586178
18.75,0.8295914099461589,1.1848415890285695,0.3389561346969253,-0.8458854543316441
18.76,0.8205159572888936,1.2169665494418431,0.38549228534666746,-0.8314742640951756
18.77,0.8156033288628344,1.2340503566767502,0.43374556143909804,-0.8003047952376522
18.78,0.8083291776185051,1.2589755477959463,0.4829987531748583,-0.7759767946210882
18.79,0.8004660870018013,1.2854477886743616,0.5333415577668152,-0.7521062309075464
18.8,0.7942394187974371,1.3060830854643652,0.5840483080659625,-0.7220347773984026
18.81,0.78743919177967,1.328305870540617,0.635149943396868,-0.6931559271437489
18.82,0.77833661885055,1.3575684368832337,0.6859375590968217,-0.6716308777864118
18.83,0.7713985757708656,1.379520584382765,0.7364169501048342,-0.6431036342779308
18.84,0.764446326997498,1.4012285164695117,0.7859275517243048,-0.6153009647452069
18.85,0.7570527219036501,1.4240121548377482,0.8344846208768505,-0.5895275339608979
18.86,0.7514317421983653,1.4411339848590592,0.8815039520517648,-0.5596300328072944
18.87,0.7473253017083689,1.4535375879634307,0.9270364211366822,-0.5265011668267486
18.88,0.7407173704150752,1.4733175788830268,0.9705906063155478,-0.5027269725674789
18.89,0.7390094984464677,1.478394817380133,1.0122654819006607,-0.46612933547947216
18.9,0.7329989242813891,1.4961521837139766,1.0516649409317451,-0.44448724278223156
18.91,0.736737582296137,1.485127043868681,1.0889357575849834,-0.3961912862836975
18.92,0.7313266377115228,1.5010625215154247,1.1237689281374252,-0.37729359337799956
18.93,0.7328299682154882,1.496648878989339,1.1563508098842024,-0.34029806910513677
18.94,0.7343074706008103,1.4923008199370156,1.1864458330464085,-0.30585498689060714
18.95,0.7349056649857432,1.4905375174802813,1.2142690252021546,-0.2762684922781268
18.96,0.7364219519830913,1.4860603772235472,1.239643410834013,-0.2464169663895341
18.97,0.7421917541481188,1.4689230085384897,1.2628024381737213,-0.20612057036476833
18.98,0.7427685454282481,1.4672009041658698,1.2836138359931666,-0.1835870681727031
18.99,0.7493508171563339,1.4474303493006384,1.3023211340682195,-0.145109215232419
19.0,0.7513841242353877,1.441278317155064,1.3188242089730788,-0.12245410818198527
19.01,0.7570115024260302,1.4241383283495608,1.3333701823930502,-0.09076814595651057
19.02,0.7602389244440325,1.4142310262895479,1.3458794403393564,-0.06835158595019165
19.03,0.7659939312690035,1.3964205592140775,1.356597570469122,-0.039822988744955407
19.04,0.7720167913074606,1.377576440864178,1.3654542579606614,-0.012122182903516483
19.05,0.7734712998569928,1.3729932690504525,1.372689415570933,-0.00030385347951942474
19.06,0.7774459263297311,1.3604032379907616,1.3782309984292505,0.017827760438488948
19.07,0.7817607152440711,1.3466238390163239,1.3823099772244927,0.03568613820816875
19.08,0.7890363763939803,1.3231148952013647,1.3848417208475368,0.06172682564617196
19.09,0.7895509167851754,1.321438911008352,1.386045947168855,0.06460703616050303
19.1,0.7910394796851096,1.3165800853605998,1.3858148201000489,0.06923473473944913
19.11,0.7935213751072618,1.3084447849194019,1.3843555729915122,0.07591078807211041
19.12,0.796489580031517,1.2986583947741994,1.3815267309821313,0.08286833620793185
19.13,0.7946539588822149,1.3047179710245302,1.3775229298022789,0.0728049587777486
19.14,0.7936500730861895,1.3080217552840692,1.3721585147640458,0.06413675947997656
19.15,0.793286079982171,1.3092178973689268,1.3656164533113362,0.05639855594240941
19.16,0.7926945716353134,1.3111597071429002,1.3576557123870927,0.04649600524419254
19.17,0.7890660331513194,1.3230183448742532,1.3484494466455985,0.025431101771345308
19.18,0.7882660560244924,1.3256206515460471,1.3376886761242994,0.012068024578252207
19.19,0.7819169711667373,1.3461226015051548,1.3255395610261123,-0.020583040479042677
19.2,0.7796857081705422,1.3532651859930582,1.311610596981482,-0.041654589011576315
19.21,0.7803187296055379,1.3512420312828413,1.296065278554499,-0.055176752728342195
19.22,0.7780567586174642,1.3584596822723551,1.2784129034844587,-0.08004677878789654
19.23,0.7684044752735375,1.3889041324980833,1.258821859279593,-0.13008227321849042
19.24,0.7675020523580253,1.391721978009643,1.2366849067878005,-0.1550370712218424
19.25,0.7735162599828991,1.3728513951156716,1.2121902267211861,-0.1606611683944854
19.26,0.7702626750689268,1.383086769407378,1.1846008433701447,-0.19848592603723336
19.27,0.7729227613696388,1.3747232220670407,1.1541555145852223,-0.22056770748181834
19.28,0.7789493341752537,1.3556154569037855,1.1199896746076485,-0.23562578229613684
19.29,0.7813955074576192,1.3477947383161513,1.0824546660440824,-0.2653400722720689
19.3,0.791417175318292,1.3153448186398315,1.0405963889786827,-0.2747484296611489
19.31,0.7984310189306092,1.2922230746363643,0.9949931586850921,-0.297229915951272
19.32,0.8089254091285635,1.256948656283962,0.9447014996771659,-0.31224715660679614
19.33,0.8198275958352249,1.2193729150474086,0.8907048564736123,-0.32866805857379616
19.34,0.8376937944891321,1.1554992344394925,0.8322383112735133,-0.323260923165979
19.35,0.8480121463594698,1.1171463941916338,0.7708887998289279,-0.34625759436270603
19.36,0.866326261430319,1.0459934927773067,0.7062349728148186,-0.3397585199624881
19.37,0.8832387591891271,0.9761432564887095,0.6405381773400431,-0.33560507914866633
19.38,0.8987394440602,0.9078202934373454,0.573718947040823,-0.33410134639652245
19.39,0.9106819003288518,0.8517291980919837,0.5084793129001445,-0.3432498851918393
19.4,0.9225021410268125,0.79256576630797,0.44481592407083104,-0.347749842237139
19.41,0.9368637721478419,0.714490080511195,0.38537719482879973,-0.32911288568239533
19.42,0.9485558100021507,0.6443069270223836,0.32988370869181477,-0.31442321833056885
19.43,0.9581660839613536,0.5805438399772355,0.28050148987084417,-0.3000423501063913
19.44,0.9663838934603879,0.5200473346071768,0.23652768568044447,-0.28351964892673237
19.45,0.9731529915827241,0.46448253272121526,0.19952615995875508,-0.26495637276246015
19.46,0.9783112646018143,0.41730173478119637,0.1684799333553016,-0.24882180142589483
19.47,0.9824947129923565,0.37477032198520116,0.14447288037378367,-0.23029744161141746
19.48,0.9859836546100444,0.33525168237586794,0.1263768502458531,-0.20887483213001487
19.49,0.9895614459477172,0.28923022446487257,0.11497637614351397,-0.17425384832135862
19.5,0.9913717804294883,0.2629168065191004,0.10919055089467844,-0.1537262556244219
19.51,0.9926570113921892,0.2425199839457359,0.10964035448506712,-0.13287962946066875
19.52,0.9944760713384417,0.2103144654572786,0.11537117827590117,-0.09494328718137744
19.53,0.9956047332541716,0.18758443972169983,0.12691483133390408,-0.06066960838779573
19.54,0.9961567836868187,0.17540081089478474,0.14346089002359955,-0.03193992087118519
19.55,0.9965939599497385,0.1651175418056948,0.16547992583908577,0.00036238403339096745
19.56,0.9969735733351931,0.15563944078692651,0.19228627970448384,0.03664683891755733
19.57,0.9973230546709202,0.1463732358535087,0.22428581402906922,0.07791257817556053
19.58,0.9973395258668265,0.14592202460033615,0.26087547060371297,0.11495344600337681
19.59,0.9972655312527908,0.14793825405567076,0.3023701041254406,0.1544318500697698
19.6,0.9970245043040575,0.15432362006304579,0.3481915512928557,0.19386793122980991
19.61,0.9965109905738144,0.16711768740449498,0.39852051752237,0.23140283011787505
19.62,0.9953503712468108,0.19294012339681624,0.45273758495459493,0.2597974615577786
19.63,0.9949640461402429,0.20080211852349072,0.5108400306361628,0.3100379121126721
19.64,0.9937721532991349,0.223326161546376,0.5721079070898374,0.3487817455434614
19.65,0.9924907093053744,0.24525428112164166,0.6363219615767284,0.3910676804550867
19.66,0.9906344958010252,0.27393662912910505,0.7026372324487813,0.42870060331967624
19.67,0.9890222618089087,0.29661938330635573,0.7706335146229787,0.4740141313166229
19.68,0.9863137244554887,0.3312715986677677,0.8393818425885318,0.5081102439207642
19.69,0.9824666150936775,0.37507185895898426,0.9083477400440189,0.5332758810850347
19.7,0.9790908449157784,0.4097065249924036,0.9766289402783336,0.56692241528593
19.71,0.9751868083925346,0.446466050763326,1.0437145855067098,0.5972485347433838
19.72,0.9713154229578218,0.48018971203384797,1.1088631005067344,0.6286733884728865
19.73,0.9667692289623582,0.5170413288458571,1.1717108465856079,0.6546695177397508
19.74,0.9612034992136895,0.55892747552222,1.2317628388926811,0.6728353633704611
19.75,0.9564313950277857,0.592545043019812,1.2888525594597529,0.6963075164399408
19.76,0.9510621999467931,0.6282817443106137,1.3427354270144667,0.7144536827038531
19.77,0.9442697776112025,0.6708543736246475,1.3934158097613774,0.7225614361367299
19.78,0.9403098446825155,0.6945134224858834,1.440845837925776,0.7463324154398926
19.79,0.9314940597606356,0.7445950795839393,1.4851394314554287,0.7405443518714893
19.8,0.9263092055280073,0.772601153297031,1.5263787773880388,0.7537776240910079
19.81,0.9187684104739525,0.8116936107141024,1.564729350244953,0.7530357395308507
19.82,0.9128917932186041,0.8409664522066977,1.6003507794379008,0.7593843272312031
19.83,0.9013529790137873,0.8958256987686685,1.6334205604206924,0.737594861652024
19.84,0.8933809989337974,0.9319630411126988,1.664142431020902,0.7321793899082032
19.85,0.8859290053497205,0.9646063824907698,1.6926835252123003,0.7280771427215305
19.86,0.8715622693897327,1.0248330444827862,1.7192726941313365,0.6944396496485503
19.87,0.8595040977592944,1.0729953140717736,1.7440552374639402,0.6710599233921668
19.88,0.8487566140407928,1.1143337937641233,1.7672743331406089,0.6529405393764856
19.89,0.832501301830651,1.1743780834505022,1.789047592853175,0.6146695094026727
19.9,0.8171424466368482,1.2287202998351032,1.809625809639256,0.5809055098041527
19.91,0.797677765288375,1.2947231482376957,1.8290956095931026,0.5343724613554067
19.92,0.7793871924269224,1.3542183670824044,1.8477107159490553,0.4934923488666509
19.93,0.7561433322628539,1.4267936732016628,1.865524677185846,0.43873100398418324
19.94,0.7349006740542886,1.490552236256862,1.882790748481264,0.3922385122244021
19.95,0.71513270348002,1.5479647760692943,1.8995280785437147,0.3515633024744206
19.96,0.6932051348837982,1.6097394512992258,1.9159871785662521,0.3062477272670263
19.97,0.6605711072889112,1.6984342365032408,1.9321521323972655,0.23371789589402467
19.98,0.6437580696189996,1.7427942122730276,1.9482695047443213,0.20547529247129367
19.99,0.6182547318638428,1.8085521474444544,1.964288199003827,0.15573605155937273
20.0,0.5989073983187909,1.8573205435255034,1.9804505664307175,0.12313002290521408
20.01,0.5785880403789811,1.9075997004948329,1.9966705562506493,0.08907085575581641
20.02,0.5537095649117092,1.9679676841321063,2.0131867167271227,0.04521903259501636
20.03,0.5378391419442814,2.0058489407304183,2.029878321907158,0.024029381176739754
20.04,0.5200754938288582,2.0477139813194616,2.046980881652349,-0.0007330996671128941
20.05,0.5061480489233392,2.08016745403811,2.0643390219897535,-0.01582843204835647
20.06,0.4893345065824115,2.1189396674679553,2.082186020891821,-0.03675364657613454
20.07,0.4729406901933224,2.1563419672148076,2.100331377504367,-0.0560105897104407
20.08,0.4655710591514625,2.173033136177734,2.119006747997253,-0.054026388180480875
20.09,0.459658037388227,2.1863724361408354,2.137985361682427,-0.0483870744584082
20.1,0.4477802692442268,2.21303011372704,2.157497541685798,-0.05553257204124203
20.11,0.4446995244037712,2.2199151320348647,2.177278403908294,-0.042636728126570385
20.12,0.440965216709414,2.2282450315364244,2.197556915023706,-0.030688116512718005
20.13,0.4320090542209551,2.248154159187025,2.2180276306350746,-0.030126528551950374
20.14,0.4256869949517216,2.2621507150919387,2.2389179774412553,-0.02323273765068328
20.15,0.42746916266566726,2.2582098300572766,2.2598791370231583,0.001669306965881508
20.16,0.42645666837551116,2.260449195173417,2.2811369480679335,0.020687752894516756
20.17,0.4255957470008317,2.262352392103099,2.302296412783386,0.03994402068028707
20.18,0.43335102893845606,2.245177111709671,2.323582299448074,0.07840518773840296
20.19,0.43436919864406287,2.242916973813728,2.3445511391966707,0.10163416538294281
20.2,0.4418923665068931,2.22617849033967,2.365428255475792,0.139249765136122
20.21,0.44770258917468797,2.2132038629487893,2.385720547113289,0.17251668416449956
20.22,0.45548614217428485,2.195756221524053,2.4056572446922764,0.2099010231682232
20.23,0.4652287442159474,2.173806641404458,2.424696289118084,0.25088964771362643
20.24,0.47698363181174486,2.1471535133297137,2.4430765488326154,0.29592303550290183
20.25,0.4888547477840461,2.1200397406340024,2.4602102958542753,0.34017055522027273
20.26,0.5036781776767811,2.085890248987659,2.4763547961246966,0.3904645471370375
20.27,0.5166917327047936,2.055627851216315,2.4908834131762987,0.43525556195998377
20.28,0.5309721751207662,2.0220978281344695,2.504084212140685,0.4819863840062157
20.29,0.5452385000102798,1.988245455097043,2.5153028081311715,0.5270573530341283
20.3,0.5659770004464572,1.9383569599756434,2.52487458959642,0.5865176296207767
20.31,0.581569869526112,1.9002783677056707,2.5321338524592263,0.6318554847535557
20.32,0.5997585967268758,1.8551938759189914,2.5374839892404917,0.6822901133215001
20.33,0.621250614962159,1.8009173384198354,2.540270011467652,0.7393526730478169
20.34,0.6405746972348983,1.7510997788051947,2.5409869969008927,0.789887218095698
20.35,0.6569639560700975,1.7080233350259888,2.53901708773517,0.8309937527091813
20.36,0.6765844889265603,1.6553639495803585,2.53497017446669,0.8796062248863314
20.37,0.6967701400382866,1.599823146646749,2.528292127432145,0.9284689807853957
20.38,0.7141375404406803,1.550810142916125,2.5197232362143955,0.9689130932982707
20.39,0.7340406850921339,1.4930866836473835,2.50879201262272,1.0157053289753364
20.4,0.7518270768341935,1.4399352484574557,2.496367553933732,1.0564323054762763
20.41,0.7678530412764166,1.3906265689861117,2.482062693026008,1.0914361240398964
20.42,0.7832388791337218,1.3418758621771743,2.4668486071772917,1.1249727450001175
20.43,0.7992558154374926,1.2894807856630601,2.450401267236495,1.1609204815734349
20.44,0.8122773236269569,1.2455007231011919,2.4337425893419335,1.1882418662407417
20.45,0.8259569573183894,1.1977973918848626,2.4165720154605355,1.218774623575673
20.46,0.8377278921534818,1.1553743606512568,2.399898880629018,1.2445245199777613
20.47,0.8474197522835099,1.1193799462748095,2.3834024466449106,1.264022500370101
20.48,0.85878125252109,1.0758203864800213,2.3680237852554615,1.2922033987754402
20.49,0.8656844389553746,1.048560606116001,2.3533907125749423,1.3048301064589412
20.5,0.8729278164409655,1.019248754957541,2.3403433279054275,1.3210945729478865
20.51,0.8798020333425188,0.990701521105286,2.3284474751213886,1.3377459540161025
20.52,0.8873550474566625,0.9584391030723933,2.3184359593801602,1.359996856307767
20.53,0.8876613211215647,0.9571097667760293,2.3098203429726336,1.3527105761966043
20.54,0.8910021126424297,0.9424972304213785,2.3032392455194186,1.3607420150980403
20.55,0.8938991095165735,0.9296540886023952,2.2981672192501925,1.3685131306477973
20.56,0.8947200696119466,0.9259845660322271,2.295170785050931,1.3691862190187039
20.57,0.8961781291820508,0.9194338637535201,2.293705895648539,1.3742720318950188
20.58,0.89851467695501,0.9088449585725168,2.2942897047515554,1.3854447461790387
20.59,0.9004700677257705,0.899894397939591,2.296374093664184,1.396479695724593
20.6,0.898293633594863,0.9098516009768037,2.3004458065574718,1.390594205580668
20.61,0.8958649011802037,0.9208447672893059,2.305961684082613,1.3851169167933073
20.62,0.8929071086826696,0.934070294933159,2.3133919544102977,1.3793216594771387
20.63,0.8914754739784391,0.9404097960353015,2.3222023737279747,1.3817925776926732
20.64,0.8845469499008193,0.970548964345286,2.332855870559444,1.362306906214158
20.65,0.8806015118180488,0.9873324519347318,2.3448271705241295,1.3574947185893977
20.66,0.8757774824984348,1.007504422248264,2.358577399669726,1.351072977421462
20.67,0.8713543446263361,1.0256809045081656,2.3735875786731113,1.3479066741649457
20.68,0.8699802437362855,1.0312681483663502,2.390319758590484,1.359051610224134
20.69,0.8608363408345906,1.0677708895098954,2.4082567401215873,1.340485850611692
20.7,0.8509302685632931,1.1060851303367334,2.4278621939212304,1.321777063584497
20.71,0.8415831225079279,1.141177494043581,2.4486149175110956,1.3074374234675146
20.72,0.8281304736302602,1.1900643157880464,2.470979380132722,1.2809150643446756
20.73,0.814411349248138,1.2381645331127067,2.4944236639840063,1.2562591308712996
20.74,0.8019266369145178,1.2805662763290857,2.5194110743994087,1.238844798070323
20.75,0.7870084376625409,1.3297029094570627,2.545391557728243,1.2156886482711804
20.76,0.7668067737255407,1.3938897706394346,2.572824484832982,1.1789347141935473
20.77,0.7508300514573607,1.442956867044917,2.6011337526394485,1.1581768855945314
20.78,0.7274546952339878,1.5123824454315151,2.6307716123159857,1.1183891668844705
20.79,0.7013252071207073,1.5870829545157243,2.6611278080961744,1.07404485358045
20.8,0.6809691553426221,1.6434221732389864,2.6926444016343227,1.0492222283953363
20.81,0.6520378677678579,1.7210543344392437,2.724669133417039,1.0036147989777955
20.82,0.6208616140866411,1.8019099837665766,2.7576316110531254,0.9557216272865489
20.83,0.577984276521037,1.909079815054787,2.790830528762774,0.8817507137079872
20.84,0.5384071286296438,2.004501190197298,2.824682365573179,0.8201811753758808
20.85,0.501898998922869,2.090006769139709,2.8584310771511863,0.7684243080114773
20.86,0.46035413444314893,2.1848045011707264,2.8924816359258214,0.7076771347550947
20.87,0.408684159801691,2.2995689391348892,2.926019211416878,0.6264502722819888
20.88,0.368894894292559,2.3859530977940975,2.959441566482459,0.5734884686883616
20.89,0.3293454473686843,2.4703721274160495,2.99187246371229,0.5215003362962407
20.9,0.2792339302653728,2.5756002282699315,3.0237092655243436,0.4481090372544119
20.91,0.23686751599667405,2.663311978318179,3.05401226252827,0.39070028421009073
20.92,0.1954827322686259,2.748093343977929,3.083187040617103,0.33509369663917415
20.93,0.15552206379264608,2.829280802242257,3.1102275711816296,0.28094676893937276
20.94,0.12078404971290767,2.8994333000791577,3.1355572824365483,0.23612398235739043
20.95,0.09237712538727098,2.9565746208496066,-3.1250862350741917,0.2015244512557882
20.96,0.06179076710024947,3.0179323428780584,-3.1048805086302185,0.16037245567130942
20.97,0.047127722518116685,3.0473022830625394,-3.0881653391001342,0.14771768501691288
20.98,0.0293194227792282,3.082945403508801,-3.074446688566618,0.12579321510416727
20.99,0.019381538234164185,3.1028271498581317,-3.0649606351063254,0.11539752221512932
21.0,0.006841338144557484,3.127909870564644,-3.0591477788377732,0.0961276577771692
21.01,0.015965427422621886,3.1096604420870673,-3.058318390175834,0.11520647491668483
21.02,0.018464284096019135,3.104661986734283,-3.0618029578142973,0.11672036263100613
21.03,0.032411442420128694,3.0767584139569766,-3.070949806355067,0.1354770868675432
21.04,0.04415335355301773,3.053257228687863,-3.0848958597951905,0.14503221869653282
21.05,0.06374576438765267,3.0140146224284963,-3.104940993070842,0.1642296916802482
21.06,0.09011499656572089,2.9611178320545033,-3.129895424166383,0.1921720509587006
21.07,0.12288994577685719,2.895189894272765,3.1223183154526337,0.22712842117986853
21.08,0.1590135040471312,2.822209927826448,3.087001581522666,0.2647916536962177
21.09,0.19790630914510518,2.7431496121566608,3.046574596646255,0.3034249844895944
21.1,0.24162239735830474,2.6535177732272404,3.0032644647881734,0.34974669156093324
21.11,0.28745871102162773,2.55844765027267,2.956679069102609,0.39823141882993895
21.12,0.3354282244829352,2.457473148889931,2.909446703373807,0.45197355448387616
21.13,0.3844289183449024,2.35241440744463,2.861354314911652,0.5089399074670217
21.14,0.4332335863727922,2.2454377322180683,2.815044067192106,0.5696063349740379
21.15,0.48344715707078206,2.132415900353061,2.7701616906194473,0.6377457902663862
21.16,0.5287730887365211,2.02728388344889,2.728971721557463,0.701687838108573
21.17,0.5745394408312567,1.9175099853267872,2.690775786590138,0.7732658012633508
21.18,0.615176762454529,1.8163723456117022,2.657300042278194,0.8409276966664917
21.19,0.6538763974718703,1.7161994529380653,2.6275236389604193,0.9113241860223539
21.2,0.6871074429856487,1.6265919959866004,2.6027056899063705,0.9761136939197702
21.21,0.7190633192369691,1.5366855981590668,2.5816507636333834,1.0449651654743166
21.22,0.7468688213793236,1.4549110499678748,2.565310318501621,1.110399268533746
21.23,0.7699200481462747,1.384160946838117,2.5524590803188993,1.1682981334807823
21.24,0.7921725981716422,1.3128712131273863,2.543879532793858,1.2310083196664716
21.25,0.81113914481163,1.2493981786193546,2.5384047762219164,1.2890065976025618
21.26,0.8280570736108488,1.1903261830061307,2.536735845976701,1.3464096629705702
21.27,0.8398217716064194,1.1476830004754213,2.5378004735432573,1.390117473067836
21.28,0.8527915817701818,1.0989777018511262,2.542264093685883,1.4432863918347567
21.29,0.8623904950644321,1.0616469061070266,2.5491538962581246,1.487506990151098
21.3,0.8683170152007802,1.0379943977933483,2.5591203723375733,1.521125974544225
21.31,0.8760713882392317,1.0062860294098819,2.5712802158120702,1.5649941864021883
21.32,0.8804407355712095,0.9880108228706681,2.586276440373972,1.598265617503304
21.33,0.8838363387115503,0.9735914605477376,2.6032999936429433,1.6297085330952057
21.34,0.8870698995320361,0.9596752194453613,2.6229873860945987,1.6633121666492374
21.35,0.8890136705171482,0.9512196034672125,2.6445876121788956,1.6933680087116831
21.36,0.8898825077793566,0.9474175463800077,2.668728350490128,1.7213108041101202
21.37,0.8889637570335354,0.9514376000225071,2.694700988538601,1.7432633885160937
21.38,0.887935323674442,0.9559190534620394,2.7231200470485124,1.767200993586473
21.39,0.8854987313616974,0.9664600874371247,2.7533044153949118,1.786844327957787
21.4,0.8829365170223905,0.9774315643402912,2.785849593628111,1.8084180292878198
21.41,0.8803761960852128,0.9882830172695783,2.8200876323864015,1.831804615116823
21.42,0.8760550543787403,1.0063537771793525,2.8565878585646196,1.8502340813852671
21.43,0.8719746061707451,1.0231497555040037,2.894681583401109,1.8715318278971054
21.44,0.8645653976241049,1.0530228899842944,2.9349039762548514,1.881881086270557
21.45,0.858529847460925,1.076801377913301,2.9765724910328677,1.8997711131195667
21.46,0.8519451749254917,1.1022148025774923,3.020180297216274,1.9179654946387819
21.47,0.8433192258253933,1.134732811202801,3.0650196744413343,1.9302868632385333
21.48,0.8351007462083401,1.1649608487528902,3.111535729461712,1.9465748807088217
21.49,0.8264189417152695,1.1961573886058794,-3.1241975627940226,1.9628303557796845
21.5,0.8183989884324068,1.2243538456365437,-3.0754146835712315,1.9834167779718113
21.51,0.8084700946313669,1.2584967544999797,-3.0260770095903413,1.9986115430892655
21.52,0.7982091671867152,1.2929598380364238,-2.975836020473467,2.0143894486696956
21.53,0.7879264799307149,1.3267239738187715,-2.9254986299443706,2.0309627034164444
21.54,0.778483770420296,1.357099619136809,-2.874752023616846,2.0513336644259317
21.55,0.763346223103377,1.4046379013454555,-2.8244228834190284,2.0541245224151026
21.56,0.756351940466879,1.426156005977843,-2.7742177699045265,2.082811531297217
21.57,0.7450687449947636,1.4603168475329398,-2.7249681541882325,2.097900305458414
21.58,0.7347122656022969,1.4911077865798859,-2.676381468409737,2.1156960521899637
21.59,0.7256044192774564,1.5177679310024261,-2.62927969434975,2.1361376818274103
21.6,0.7187029252300626,1.537722507871799,-2.5833551104515666,2.1621076888562207
21.61,0.7069834004781501,1.571145269698681,-2.5394115892615616,2.172628448219344
21.62,0.7017931291969062,1.5857696939217718,-2.4971166414541295,2.200298971803685
21.63,0.6956440744592877,1.6029605156775044,-2.457256619833036,2.222968171669046
21.64,0.6873661605184872,1.6258797007784989,-2.4194728559842624,2.237832750416825
21.65,0.6833195907339987,1.6369933364104858,-2.3845454281812413,2.2616465425878594
21.66,0.6791570292563982,1.6483655514239224,-2.3520958809432946,2.2827238748123695
21.67,0.6766891353221358,1.655079706773147,-2.3229200229828364,2.305185577423603
21.68,0.6734524659437798,1.6638541305085084,-2.296632320136928,2.32269885653415
21.69,0.6738135699427008,1.6628769403525963,-2.2740773646905303,2.34623100213646
21.7,0.6746037237455651,1.6607371701486098,-2.254880226657482,2.3675679103734946
21.71,0.6774789765668714,1.6529331236113964,-2.239980075517729,2.390272108050461
21.72,0.6767386416668268,1.6549452236294606,-2.2290343397702683,2.3992057437798575
21.73,0.6857235830187928,1.630397943572391,-2.223138308963808,2.4296490546433875
21.74,0.6935741447895252,1.6087152244028913,-2.2220052777841093,2.452464804992586
21.75,0.699791037097395,1.5913827896593002,-2.226965064210814,2.4648374533094723
21.76,0.708596286245995,1.5665789205295153,-2.2378013757643695,2.4788050108857016
21.77,0.7165980938322619,1.5437673796845106,-2.2561613264175957,2.48325660107748
21.78,0.733617383175241,1.4943329095867017,-2.281865434586528,2.506986963006357
21.79,0.7501664554354395,1.444965109862671,-2.3169059859456613,2.521314211371254
21.8,0.765461789762598,1.398075319116831,-2.3609452555986645,2.524164732464091
21.81,0.7837418658508956,1.3402569898871104,-2.41612373039989,2.526804586892586
21.82,0.8083829578297352,1.2587928375131738,-2.4813584002636953,2.5430340694027174
21.83,0.8276525500951493,1.1917684828203223,-2.558242941729059,2.533173882630205
21.84,0.8498808955479087,1.1100741792801634,-2.6438489678744825,2.5292621600249405
21.85,0.877979370200743,0.9983433948675506,-2.738186560212365,2.5466553520996706
21.86,0.8972661971146505,0.9145170694829753,-2.8357929046346966,2.5328753330619147
21.87,0.9184622321051238,0.8132432813608854,-2.935215615739671,2.53472641007903
21.88,0.93434774525897,0.7287439766876396,-3.0300070459028388,2.524434284589108
21.89,0.9479420048059958,0.6481730926087542,-3.1193529518825405,2.515659262688292
21.9,0.9571183704602536,0.5878207583537756,3.0847219710399894,2.496901212686214
21.91,0.9649838277504218,0.530829219862393,3.0146534029946688,2.483824183132276
21.92,0.9698012379359046,0.49276357242922403,2.956156776715501,2.4633932042862767
21.93,0.9736300554756966,0.4603186907911701,2.906741702981949,2.446423012190779
21.94,0.9757866210618381,0.44101455254782757,2.8676505540760373,2.42663600152821
21.95,0.9783190736376688,0.41722632951906563,2.83618397061276,2.4189576410936944
21.96,0.9791314412730717,0.4093072016631764,2.813140536125773,2.4038333344625964
21.97,0.9785778287035952,0.414720109548086,2.796132726740948,2.381412617192862
21.98,0.978285816529078,0.41754737220029364,2.7858744027980187,2.368327030597725
21.99,0.9772482813231207,0.4274437452415322,2.7803941652048043,2.352950419963272
22.0,0.9752660324650236,0.44574976804645466,2.7804173078050964,2.334667539758642
22.01,0.9735944774294407,0.4606304936929541,2.784339310981025,2.323708817288071
22.02,0.9704178220278054,0.48768178527160533,2.792902896598357,2.305221111326752
22.03,0.9699877887514156,0.49123148569489844,2.8047920237097164,2.313560538014818
22.04,0.9674269322780262,0.5118707190208465,2.820751880302576,2.3088811612817297
22.05,0.9635213598260537,0.5418679180855608,2.8396855309586138,2.297817612873053
22.06,0.9603147529565396,0.5653356332743074,2.862324744431906,2.2969891111575986
22.07,0.9558193112199238,0.5967237154876663,2.887737339776014,2.2910136242883476
22.08,0.9515826888221178,0.6249040987566339,2.9166280984037853,2.2917239996471515
22.09,0.9488435455694079,0.6424868429001566,2.9481871763139162,2.3057003334137596
22.1,0.9414025323787376,0.6880631322191643,2.9830797486587537,2.2950166164395895
22.11,0.9368632962750376,0.7144928021546884,3.0205832608936896,2.306090458739001
22.12,0.9311979741167311,0.746221319735827,3.0613095187108352,2.3150881989750083
22.13,0.9239849128280336,0.784847236123083,3.1045917449825864,2.3197445088595035
22.14,0.9168039117444062,0.8215886320771022,-3.1322133410209485,2.3293833340815358
22.15,0.9108014742121897,0.8511501148098838,-3.083376396667257,2.3486587957024456
22.16,0.9003454613492162,0.9004672390066922,-3.031629602061804,2.35108846611109
22.17,0.8950656549471036,0.924435831408166,-2.9776177655824814,2.381131710188939
22.18,0.8845264183082482,0.9706369938630981,-2.9209961634711266,2.391552149845362
22.19,0.8727836128976992,1.0198397792902798,-2.8624378518848497,2.400907676004457
22.2,0.8644150936197804,1.0536209368598406,-2.801720939396036,2.42784343092371
22.21,0.8536329410327671,1.0957514042243492,-2.739560724902822,2.447873178052415
22.22,0.8411407079521087,1.1428146354618385,-2.6758595073252414,2.4645111643925066
22.23,0.8330191421790951,1.1725073867131435,-2.6113703161201247,2.4993076043463183
22.24,0.8226301405221724,1.209549675529227,-2.5461006925905956,2.527534939059764
22.25,0.8087606037847098,1.257509195189949,-2.480813961863352,2.5448621501262854
22.26,0.7998162649428638,1.2876145428058654,-2.4155828661316643,2.5799878982420568
22.27,0.7858328018040254,1.3335094607100617,-2.3511352501807763,2.5985405962887484
22.28,0.7758192626561999,1.3655676362018163,-2.287557619690731,2.6300600512870393
22.29,0.7654811250336315,1.3980152222186277,-2.2254927654999235,2.6596773194610352
22.3,0.7569524874792329,1.4243189580389657,-2.16499512362241,2.693871225518211
22.31,0.7468825326333615,1.4548698108625617,-2.106586271555216,2.7217292247618086
22.32,0.7420283759523868,1.4694105023479034,-2.0502625382373587,2.7635122665943244
22.33,0.7342889812612231,1.492355294314727,-1.9964108872199806,2.794419125644879
22.34,0.7269267256189412,1.51392073908293,-1.9449663781048852,2.8242981899917714
22.35,0.7222448269585211,1.5275076280602864,-1.8961881639595497,2.8594895151597504
22.36,0.7187821293512016,1.5374946729303793,-1.8499626075951632,2.895728026654044
22.37,0.7122442752473067,1.5562119945340158,-1.8064386100190044,2.9205347026265662
22.38,0.7119237806742096,1.5571249619427756,-1.7654720539592395,2.9605882912775714
22.39,0.7062270769934814,1.5732829608000032,-1.7271209993764756,2.9827813470031077
22.4,0.7079271911085683,1.5684745088870717,-1.6912276549431529,3.023483143349362
22.41,0.7090300338197845,1.5653491221396896,-1.657775841993241,3.060060343046656
22.42,0.7046471004310654,1.5777413103322757,-1.626606871162788,3.078837125684523
22.43,0.7085962922935126,1.5665789033883686,-1.5976432792074435,3.1189631245837743
22.44,0.7042513737176452,1.5788564192990064,-1.5707345362565803,3.1335943516239997
22.45,0.7022704398656386,1.5844292076636644,-1.5457522170020417,-3.130181424665706
22.46,0.7052591330167238,1.5760154610821777,-1.522560611980159,-3.0985760730623366
22.47,0.700270793040294,1.5900391471606106,-1.5009892754366045,-3.091028422597215
22.48,0.698298084655134,1.5955584271795047,-1.4809227139821979,-3.0764811411617026
22.49,0.6956634163049147,1.6029066669629015,-1.4621567275407419,-3.0650633945036434
22.5,0.6912450707014945,1.615171393324227,-1.4446006886893175,-3.0597720820135446
22.51,0.6822525313620932,1.6399143133986664,-1.428024275759949,-3.0679385891586155
22.52,0.6795230680187765,1.6473679308286826,-1.412365609711574,-3.0597335405402566
22.53,0.6716155365372339,1.6688183647476675,-1.3973748592978623,-3.06619322404553
22.54,0.6587112651872854,1.7033833889864785,-1.383021725050251,-3.0864051140367295
22.55,0.6500575992731745,1.7262721850671423,-1.369041974432883,-3.0953141595000253
22.56,0.6289469692985811,1.7811966581987004,-1.3554384062931768,-3.1366350644918772
22.57,0.6215277370019294,1.800209945153269,-1.3419356787764505,3.141039683249867
22.58,0.5947398081278177,1.8677087429919543,-1.3285698308293243,3.086906733358308
22.59,0.5828092637108547,1.8972296258165096,-1.3150558649066821,3.0708998164563948
22.6,0.5508768314849479,1.9747636699447921,-1.3014619904181628,3.0069596468166315
22.61,0.5247767599043989,2.0366869755278976,-1.287493416644468,2.959004915007221
22.62,0.4910027928916408,2.115111686845014,-1.27324856664016,2.8948250536944125
22.63,0.4671647322912932,2.169429948283838,-1.258421539103524,2.8553338197922242
22.64,0.44074923155586343,2.2287262940818575,-1.2431384983377547,2.8113205147599745
22.65,0.4190648531765731,2.2767623975483287,-1.2270803890545603,2.7793425205766975
22.66,0.38676767794867506,2.3473448402813366,-1.2103984520866233,2.7254420148116263
22.67,0.3647824800418506,2.394794304672859,-1.1927581151784123,2.695632887328315
22.68,0.3348282112012762,2.458746829189655,-1.1743330610573308,2.650105416932601
22.69,0.3166028052900696,2.4973008404645154,-1.1547708342083993,2.631113632506672
22.7,0.29369494736653884,2.5454127135679694,-1.1342650686100828,2.6035075250015343
22.71,0.27312232214049426,2.5883181137009217,-1.112443281698284,2.582423911780381
22.72,0.24697652858469873,2.642474893518467,-1.089516742800851,2.5511936708602683
22.73,0.23783228813915283,2.6613256737462407,-1.0650911848587277,2.5567684485746183
22.74,0.2122230654788976,2.7138940844638624,-1.0393933640344704,2.5298978586812537
22.75,0.20507229153928447,2.7285175175573366,-1.0120060050491924,2.5426617845730575
22.76,0.19104787985520752,2.757133495420952,-0.983169380969489,2.5428824307891458
22.77,0.17384750221269432,2.7921219970682345,-0.9524427061929878,2.538620603918364
22.78,0.15364617103229758,2.83307823491105,-0.9200780758449535,2.530028996423583
22.79,0.14797476881500848,2.8445522882333676,-0.8856117108449719,2.553021308101247
22.8,0.13338730667407186,2.8740205551770965,-0.8493063702215742,2.5598583817809155
22.81,0.12391715561800246,2.893119650734658,-0.8106773078322356,2.5793883486126927
22.82,0.10634210270160176,2.9285055327898486,-0.7699978470198064,2.5846819273699313
22.83,0.09868800125919687,2.9438948540012575,-0.7267665918025379,2.612523861375791
22.84,0.08790255437044286,2.965560350434629,-0.6812692731025631,2.6363556836423947
22.85,0.06420849053086397,3.0130872703278295,-0.6329956153773618,2.637102421474395
22.86,0.05245714426354661,3.0366301890327345,-0.5822488600464325,2.6643062581004195
22.87,0.03829182295586278,3.0649902800151696,-0.5285226357407538,2.689672391423663
22.88,0.02213458080397921,3.097319876314903,-0.4721477397596576,2.713717691105026
22.89,0.010941493762788286,3.119709229415695,-0.4126412501196848,2.7508348276442067
22.9,0.0015529051490300748,-3.1384868420434473,-0.35037813880700996,2.7881087032364373
22.91,0.015520194069444665,-3.1105510191661936,-0.2849264587127485,2.825624560453445
22.92,0.03444550002304922,-3.0726880231560596,-0.2167290280069481,2.8559589951491113
22.93,0.05548713306265365,-3.030561363423209,-0.14543950585730625,2.8851218575659026
22.94,0.068422072326574,-3.004641508896826,-0.07159656545442465,2.9330449434424013
22.95,0.08196952261763947,-2.9774694665676904,0.005024192801922153,2.9824936593696125
22.96,0.10268841016576999,-2.935853162995647,0.08376434255599521,3.019617505551642
22.97,0.11837677789583133,-2.9042826413019944,0.16470032690140862,3.068982968203403
22.98,0.13777464448494298,-2.865164093797983,0.24704914295900943,3.112213236756993
22.99,0.15668049312596802,-2.82693518868425,0.33074059780416504,-3.125509520691171
23.0,0.175273111239468,-2.7892263199179825,0.4148977077181669,-3.079061279543437
23.01,0.19118585710165337,-2.7568523588180174,0.49934504469018054,-3.0269879036713885
23.02,0.20421254841601208,-2.7302741804760595,0.5831824996503481,-2.969728627053179
23.03,0.22169072321035965,-2.694496660127048,0.6662050140782917,-2.9224836329742465
23.04,0.24080187463630773,-2.6552087491674436,0.7475818827030527,-2.88039467530909
23.05,0.2528939461235581,-2.6302521166437365,0.8271589278416206,-2.825774262694229
23.06,0.2644723160506619,-2.6062792246501614,0.9042531506089049,-2.77265293192052
23.07,0.28155325291806926,-2.5707677262853927,0.9788116367685964,-2.7336059441255975
23.08,0.28353994066376864,-2.5666255719155604,1.050335599923367,-2.666224135340659
23.09,0.29988889350794556,-2.5324402837952764,1.1188792257939582,-2.631865797590352
23.1,0.3062487938999117,-2.5190926974341608,1.1841224079317436,-2.579970201813682
23.11,0.31631952477612324,-2.4978980972279685,1.2462000611083732,-2.5390871488432447
23.12,0.32569013044924966,-2.4781095234369457,1.304942941946282,-2.500132841796359
23.13,0.33378267335178324,-2.4609655602018026,1.360530453963177,-2.461689293014607
23.14,0.3472633084137217,-2.4322902207228507,1.4129141268927252,-2.4379809595640105
23.15,0.346323458964742,-2.4342942891119606,1.462287198614161,-2.386603819453465
23.16,0.35596238901793387,-2.413705235562976,1.5086992428502508,-2.3607808287663596
23.17,0.3571170307387703,-2.4112335105622527,1.5523368898214496,-2.3196149067958842
23.18,0.36434452378272986,-2.3957349540785806,1.5933329354673875,-2.2941174176336183
23.19,0.3760423226640775,-2.3705498443408546,1.631855192270075,-2.280780270568657
23.2,0.3764254457029933,-2.3697228333976494,1.6681094274827335,-2.2453530462992033
23.21,0.3894685278164075,-2.3414836790785003,1.7022368692858705,-2.239464758815216
23.22,0.399200663291145,-2.3203029255326744,1.7345071597348845,-2.2283752219120276
23.23,0.4078613804674044,-2.3013715800564953,1.7650286580006713,-2.21678506912242
23.24,0.42957637193282777,-2.2535454408868563,1.7941250462445044,-2.2355148200482255
23.25,0.4375997328225821,-2.235737636982901,1.8218656802481903,-2.225581989948495
23.26,0.45692959207821815,-2.1925120511787632,1.8486175206960314,-2.242055735304792
23.27,0.47635908496612844,-2.148574420985752,1.8744050327145692,-2.2602058534792655
23.28,0.4970701903285589,-2.1011546259275065,1.8996277473428866,-2.2824029339091934
23.29,0.5327029038968762,-2.0180103586098337,1.924260474135947,-2.3409144744338057
23.3,0.5537756711555817,-1.9678089061670505,1.9487260187068918,-2.3666503823056444
23.31,0.5740066343421839,-1.9188116343997328,1.972946823551141,-2.3914268492287127
23.32,0.6184536249716145,-1.8080459934248831,1.9973621243726918,-2.4777771893820115
23.33,0.6638094701815048,-1.6897909242210905,2.021841811969448,-2.571552570989048
23.34,0.6908359918741381,-1.6163032964425945,2.0468375037397855,-2.6200445069972065
23.35,0.7371832977318851,-1.483808233940793,2.0721687290362256,-2.727208344202568
23.36,0.7857332174959096,-1.3338314783099514,2.0982978825862406,-2.8510559462833944
23.37,0.8197667719601244,-1.2195853430676686,2.1249980502158814,-2.9386019138960364
23.38,0.8456375718157502,-1.1260755809592868,2.1527424361503016,-3.004367290069998
23.39,0.8783904901546211,-0.9966243824451151,2.18126244877589,-3.1052984759585813
23.4,0.8987865892996454,-0.9076052318413033,2.2110428041071946,3.118648035948498
23.41,0.9335780215268351,-0.7330517075141252,2.241777970189699,2.9748296777038243
23.42,0.9432483358512728,-0.6770331216715243,2.273964637344866,2.9509977590163903
23.43,0.9517475150041926,-0.6238307933967538,2.307264293012919,2.9310950864096728
23.44,0.9634417621379586,-0.5424624305946507,2.3421850647251428,2.8846474953197934
23.45,0.9730335399662207,-0.46551938763557654,2.3783580450810002,2.843877432716577
23.46,0.9813599413145428,-0.38676356496741704,2.4163006556797693,2.8030642206471863
23.47,0.9845414851914871,-0.3521193822822117,2.4556143324439264,2.807733714726138
23.48,0.9880522780910131,-0.30947167036860934,2.496821564003919,2.806293234372528
23.49,0.9923556661650397,-0.2474525092857234,2.53949265191196,2.7869451611976834
23.5,0.9948929552538066,-0.20221568011079732,2.584148502285259,2.7863641823960563
23.51,0.9968496218244403,-0.15879631516447557,2.63032437613456,2.7891206912990354
23.52,0.9980320220438856,-0.12549498108265933,2.678530424962278,2.8040254060449374
23.53,0.999297996672505,-0.0749445383014881,2.7282606377956813,2.8032051760971695
23.54,0.9998682076802414,-0.03247093651000864,2.7800030744986994,2.812474011008708
23.55,0.9999956066951573,-0.005928445367506785,2.833202593311715,2.8391310386792217
23.56,0.9998930299879051,0.02925363830316166,2.8883127930081662,2.8590591547050046
23.57,0.9996707481017426,0.05132406590644006,2.9447215355287635,2.8933974696223235
23.58,0.9989786674532269,0.09039940032988315,3.0028367473342215,2.9124373470043383
23.59,0.99837454259809,0.11404904014830163,3.061984132921276,2.9479350927729744
23.6,0.9978140535678475,0.13226468282489054,3.1225191010299245,2.990254418205034
23.61,0.9964786792862729,0.1678901848974628,-3.0994791137573396,3.015816008524784
23.62,0.9954639827963524,0.19056653640645552,-3.037336005975475,3.055282764797656
23.63,0.9948695835481319,0.20267825390326766,-2.9750233476330363,3.1054837056432825
23.64,0.9941910340398381,0.21567751301678806,-2.912277756928108,-3.1279552699448963
23.65,0.993317683951552,0.23133995008745334,-2.849916678810871,-3.0812566288983243
23.66,0.9925042724943294,0.24503241566242062,-2.787697215486333,-3.0327296311487535
23.67,0.9922365943688316,0.24937476306594555,-2.7264409462920702,-2.9758157093580158
23.68,0.9918551549695984,0.25543571440649554,-2.6659012413467957,-2.9213369557532913
23.69,0.9916559509132556,0.25854483301593273,-2.6068765511132104,-2.865421384129143
23.7,0.9919375407563361,0.25413880414854356,-2.5490951272251308,-2.8032339313736743
23.71,0.9924789935113791,0.2454457664285163,-2.4933116680696523,-2.7387574344981687
23.72,0.9928473948127012,0.2393515926827421,-2.4392166322520894,-2.6785682249348315
23.73,0.9938251081792253,0.2223736888622847,-2.387511399261487,-2.6098850881237716
23.74,0.9944359362463512,0.21107782875770684,-2.3378467775127874,-2.548924606270494
23.75,0.9953889010882679,0.19213842887176252,-2.290872670378665,-2.4830110992504273
23.76,0.9964506910316782,0.16855647259837125,-2.2462074584534486,-2.41476393105182
23.77,0.9972742843621116,0.14770117922350678,-2.20446035332842,-2.3521615325519267
23.78,0.9981648998212744,0.12118289380908108,-2.165230087273163,-2.2864129810822442
23.79,0.998862097889085,0.09541982938396572,-2.1291021134470993,-2.224521942831065
23.8,0.9994564322755382,0.06594646167387193,-2.0956708476359034,-2.1616173093097752
23.81,0.9998522437773961,0.03438137418979881,-2.0655199337186847,-2.0999013079084836
23.82,0.9999804615776767,0.012502315289145005,-2.0382561290282277,-2.0507584443173728
23.83,0.9999772055958548,-0.013503922613285329,-2.0144896630719358,-2.0009857404586504
23.84,0.9996745349757856,-0.051028045647622394,-1.9938584100612593,-1.9428303644136369
23.85,0.9991894136130857,-0.08053302025744588,-1.9770383667692761,-1.8965053465118302
23.86,0.9982568759477568,-0.11810607778941314,-1.9637220808360154,-1.8456160030466022
23.87,0.9973148652856076,-0.1465970595513681,-1.9547090705030463,-1.8081120109516782
23.88,0.9956586067628069,-0.1864304301661859,-1.9497792874865585,-1.7633488573203726
23.89,0.9938222792470157,-0.22242467413542388,-1.9499442525691477,-1.7275195784337238
23.9,0.9911422959689286,-0.26639536772919076,-1.9551184484266162,-1.6887230806974254
23.91,0.9883242428913999,-0.305922194907203,-1.9666607314998947,-1.6607385365926917
23.92,0.9842091971923721,-0.3558936575988016,-1.9846814523257832,-1.6287877947269815
23.93,0.9788994605502378,-0.4115839190637168,-2.011078158329099,-1.5994942392653824
23.94,0.9711135771320494,-0.4818844267401299,-2.0461968504815857,-1.5643124237414558
23.95,0.9626045924474784,-0.548677169032878,-2.092665482016418,-1.5439883129835401
23.96,0.9501363861053008,-0.6342467071332285,-2.1508984737276506,-1.5166517665944221
23.97,0.935910115564259,-0.7199245329272148,-2.224122272847202,-1.5041977399199873
23.98,0.9158973487498177,-0.8261171981677609,-2.3118321649927327,-1.4857149668249718
23.99,0.8873765428606617,-0.9583458608922637,-2.4164964362686385,-1.4581505753763748
24.0,0.8547247408998851,-1.0915520000548522,-2.534031584452931,-1.4424795843980789
24.01,0.8141871126479681,-1.2389371695847777,-2.66339145131959,-1.4244542817348123
24.02,0.7697708974650338,-1.384628335105873,-2.7949951158978057,-1.4103667807919327
24.03,0.7208353937790384,-1.5315789449767088,-2.925074210253776,-1.3934952652770674
24.04,0.6776235755285746,-1.6525399114516974,-3.0435237970967064,-1.390983885645009
24.05,0.6313498029823782,-1.7750075668249132,3.133448193178305,-1.3747295471763683
24.06,0.5874599317903049,-1.8857597112388882,3.044667298919751,-1.352758297020947
24.07,0.5518516091063953,-1.9724268149520228,2.969910279994635,-1.3408482122329286
24.08,0.5268292187141208,-2.0318611008982437,2.9108696768900555,-1.3404545293912873
24.09,0.4942821004905524,-2.107575048144699,2.863154080465314,-1.312456178569573
24.1,0.473013798229753,-2.1561760152445535,2.8274595126973363,-1.2995497792376967
24.11,0.4558251461123253,-2.194994548530602,2.800018093919946,-1.2881726647290381
24.12,0.4390347710751547,-2.232544477093381,2.7814774618581937,-1.269163368228012
24.13,0.42617013016151634,-2.2610827259448465,2.768926851101459,-1.2531757301332809
24.14,0.42066615886867925,-2.273233684146483,2.7631211996789213,-1.2468304233541823
24.15,0.40965371364790665,-2.2974437931389193,2.76184055626257,-1.223900957778097
24.16,0.40610207299332396,-2.3052236448540304,2.7659108240546098,-1.2120508382709463
24.17,0.399398699775956,-2.3198709184101034,2.773610879173517,-1.1897035095959663
24.18,0.3957387891523691,-2.327848304065034,2.785787431844722,-1.16954957126983
24.19,0.39642132095024524,-2.326361656401341,2.801075149784268,-1.155748500993977
24.2,0.39435987414957613,-2.3308503186144143,2.820308209088795,-1.1320267794763772
24.21,0.3970447303081614,-2.3250033684465445,2.842379663595618,-1.1158022751374241
24.22,0.3953047701755809,-2.328793409112289,2.868091942387459,-1.0862999556798387
24.23,0.3964597399284866,-2.3262779604308617,2.896529885206067,-1.060377461542658
24.24,0.4004107645409933,-2.317662512027306,2.928452276244377,-1.037070518907903
24.25,0.4084704032663153,-2.3000373317698695,2.96308742825291,-1.0200605471568074
24.26,0.40937639940312154,-2.298051736196068,3.001140271414432,-0.9839932995690861
24.27,0.41558211729737243,-2.2844272309717524,3.04194351403649,-0.9568145621713438
24.28,0.42050418765533454,-2.2735907426588646,3.0861355039088365,-0.9234590606118855
24.29,0.4247983420442402,-2.264114416823598,3.1331170778262254,-0.8859538125297628
24.3,0.43253115396391484,-2.246996181636924,-3.0997435247143166,-0.8527473430773927
24.31,0.43801643173926386,-2.2348106799270786,-3.046644312708178,-0.8118336327810997
24.32,0.4472723376870815,-2.2141660819078073,-2.9903267204939046,-0.7761606385860971
24.33,0.45147871812077234,-2.204748898402739,-2.9313687900805974,-0.7266198916778587
24.34,0.4590028393305248,-2.1878476664751663,-2.869465573999258,-0.6816179075240918
24.35,0.4638519115760049,-2.1769161887751483,-2.805242966929615,-0.6283267781544666
24.36,0.473395310844632,-2.15530987868109,-2.7385606575275214,-0.5832507788464312
24.37,0.4780603820218252,-2.144702509263685,-2.670118776420032,-0.5254162671563467
24.38,0.48347629371033507,-2.1323493301271905,-2.5999496292954745,-0.467600299168284
24.39,0.4928196418522435,-2.110938117040707,-2.528826444172747,-0.41788832713204016
24.4,0.4969673517950488,-2.1013916521304004,-2.4569287837733147,-0.3555371316429143
24.41,0.4973298476225377,-2.1005560861920194,-2.385062624577581,-0.2845065383855612
24.42,0.49892768082010036,-2.096870633556757,-2.313491103371866,-0.2166204698151093
24.43,0.49823058752433685,-2.0984789810372266,-2.2429789717789355,-0.14449999074170883
24.44,0.49778285747520884,-2.0995116007612498,-2.1737878992089623,-0.07427629844771257
24.45,0.49447495987115725,-2.10713130904085,-2.106561513433806,0.0005697956070442135
24.46,0.48688670924905303,-2.124548856262096,-2.04148731076308,0.08306154549901612
24.47,0.4779388746948519,-2.1449791778778833,-1.9790357597057417,0.16594341817214134
24.48,0.47164565224882804,-2.159280422292953,-1.919286547739546,0.239993874553407
24.49,0.4596286800443908,-2.186438548572402,-1.8625278971721888,0.32391065140021325
24.5,0.4423851843148223,-2.225079611570276,-1.808738476578298,0.4163411349919777
24.51,0.43087445131410146,-2.250669516078659,-1.7580477785515434,0.49262173752711563
24.52,0.4120051666963768,-2.292285467853622,-1.710362510314679,0.5819229575389435
24.53,0.39360016538415804,-2.332503442519871,-1.6656887927709447,0.6668146497489263
24.54,0.3753794395683448,-2.3719804188583224,-1.6238933432370652,0.748087075621257
24.55,0.35731028776921564,-2.410819694000374,-1.5848910236417337,0.8259286703586404
24.56,0.3367775082959912,-2.4546078956476207,-1.5485334282558902,0.9060744673917306
24.57,0.31589333799495445,-2.498796539567998,-1.5146678830934637,0.9841286564745341
24.58,0.3009588718524314,-2.5301966857270597,-1.483147207691167,1.0470494780358928
24.59,0.2796545507703761,-2.5747240833206524,-1.453767619608084,1.1209564637125684
24.6,0.26196784320389377,-2.611471265149284,-1.426393442984374,1.18507782216491
24.61,0.24414277695904152,-2.648321410875308,-1.4007817756041343,1.2475396352711738
24.62,0.22676933776862185,-2.68407401809135,-1.3768154391534455,1.3072585789379045
24.63,0.21152340802660555,-2.7153259058190975,-1.3542221687902523,1.361103737028845
24.64,0.19851577016538893,-2.7419060163657516,-1.3329086973349924,1.4089973190307592
24.65,0.18403700328172942,-2.771408571391349,-1.312581873088983,1.4588266983023657
24.66,0.1650189159240322,-2.810038273315363,-1.29317673312743,1.5168615401879328
24.67,0.15644495542752362,-2.8274121459103663,-1.2743864245866017,1.5530257213237648
24.68,0.14127143117916235,-2.858101435464046,-1.2561775342354145,1.6019239012286317
24.69,0.13690333585637152,-2.866923381945022,-1.2382349954317853,1.628688386513237
24.7,0.12702843048211623,-2.886847530146988,-1.2205587487862841,1.666288781360704
24.71,0.11944937291296337,-2.902122121554866,-1.2028289683958293,1.6992931531590365
24.72,0.11274794009170554,-2.9156162652917588,-1.1850792007422684,1.7305370645494906
24.73,0.10812880849919587,-2.924911395655708,-1.1669862672107276,1.7579251284449804
24.74,0.09995635877625261,-2.9413455332336946,-1.1486162120943124,1.7927293211393822
24.75,0.09103349516683387,-2.959273253022936,-1.1296421890043786,1.8296310640185576
24.76,0.08766260678876459,-2.9660421053377846,-1.1101607115780536,1.8558813937597312
24.77,0.08786097245907533,-2.965643837275227,-1.0898397831740052,1.8758040541012218
24.78,0.09027159420547586,-2.960803355054143,-1.0688039957512128,1.89199935930293
24.79,0.08323426028161393,-2.9749313172573246,-1.0467141899491836,1.928217127308141
24.8,0.08201814710783743,-2.9773718890277663,-1.0237208422277297,1.9536510468000365
24.81,0.08204815112623493,-2.9773116780559956,-0.9994757041994892,1.9778359738565066
24.82,0.08394868956626839,-2.9734974402421286,-0.9741536418739051,1.9993437983682234
24.83,0.08505843336182746,-2.971269985322326,-0.9473960309687327,2.023873954353593
24.84,0.09163561952617955,-2.958063949717143,-0.9194017711465515,2.038662178570591
24.85,0.09113205034065484,-2.9590753199317357,-0.8898017130137216,2.069273606918014
24.86,0.09286210338689618,-2.9556004775491,-0.8588199798676404,2.0967804976814595
24.87,0.09137500154684998,-2.958587381689933,-0.8260783543158641,2.132509027374069
24.88,0.09581792625813498,-2.9496623457175466,-0.791829317050974,2.1578330286665723
24.89,0.10033481655639251,-2.940584793272395,-0.7556890903036179,2.1848957029687774
24.9,0.10674615077031828,-2.927692810611671,-0.7179439603911398,2.209748850220531
24.91,0.11019926693991283,-2.9207455820494204,-0.6782105099141897,2.242535072135231
24.92,0.11674429731495806,-2.907570401100862,-0.6368168343119801,2.270753566788882
24.93,0.11799467190992145,-2.9050522470546962,-0.5933883301468368,2.311663916907859
24.94,0.12385740830178765,-2.893240073064954,-0.548305347665927,2.344934725399027
24.95,0.12936369525712244,-2.882138141563755,-0.5012126687242412,2.3809254728395137
24.96,0.13628700535759866,-2.8681677060725175,-0.4525549712289467,2.4156127348435708
24.97,0.14143380732159824,-2.857773389369912,-0.4020077742625974,2.455765615107315
24.98,0.14314009753055038,-2.8543257301248737,-0.3500918889775961,2.5042338411472773
24.99,0.15148286399132568,-2.837456099331094,-0.2965231362560415,2.5409329630750523
25.0,0.15373566354699184,-2.8328970977862635,-0.24190688791026946,2.590990209875994
25.01,0.15819263500723219,-2.8238727127806613,-0.1860033805175773,2.637869332263084
25.02,0.16602087609668306,-2.808006325099341,-0.12950380884855742,2.6785025162507834
25.03,0.16974057764650408,-2.800459811915074,-0.07220774967892912,2.7282520622361446
25.04,0.17414405180913659,-2.791519710838835,-0.01488340395929306,2.776636306879542
25.05,0.17296408332578264,-2.7939160134271406,0.042646420050885966,2.8365624334780266
25.06,0.17545426247302082,-2.788858314739523,0.09955525309548362,2.888413567835007
25.07,0.17428350194424094,-2.7912364793514333,0.1560221259584726,2.947258605309906
25.08,0.17376853469623219,-2.7922823730956465,0.21118630624737508,3.0034686793430216
25.09,0.17061137951390926,-2.798692428512629,0.2652563957911617,3.0639488243037905
25.1,0.16870866244934346,-2.8025538435627637,0.31735855055591294,3.1199123941186766
25.11,0.16184851660867747,-2.8164654932611555,0.36775328382654093,-3.0989665300918903
25.12,0.155286571815476,-2.8297575785776727,0.4155638199672439,-3.03786390863467
25.13,0.14827311804254026,-2.8439489340583672,0.4611136749666666,-2.9781226981545528
25.14,0.1363985465512196,-2.867942520842876,0.503517679297129,-2.9117251070395813
25.15,0.12601200287672568,-2.8888968537561945,0.5431609597552891,-2.851127493668103
25.16,0.11367886126733047,-2.913742375057851,0.579128331524023,-2.7903146005977124
25.17,0.09825874172806463,-2.9447575661219747,0.611855343235103,-2.7265723978225087
25.18,0.08360966656663248,-2.9741778784308335,0.6403604843891054,-2.6686469443596477
25.19,0.06545677680579834,-3.010585434129333,0.6651128388410052,-2.607487034209248
25.2,0.045435365558738956,-3.0506906282200377,0.6850142524628847,-2.547480426496664
25.21,0.025899670007523738,-3.0897875207209893,0.7005486079677666,-2.4928491784908307
25.22,0.001407227656122025,-3.138778197348642,0.7104357705098672,-2.433971339321077
25.23,0.017350291361312567,3.1068903296301156,0.7151587855890744,-2.391731544041041
25.24,0.04701896274586114,3.047520044009159,0.7131756611643588,-2.3343443828448005
25.25,0.06673514928587554,3.0080230858305357,0.7049691266718741,-2.3030539591586616
25.26,0.09941653981844262,2.9424305758685665,0.6886547286218135,-2.253775847246753
25.27,0.1371095667315986,2.8665069937174033,0.6647713961975649,-2.2017355975198383
25.28,0.17435578730141577,2.791089660714399,0.6310685248090262,-2.160021135905373
25.29,0.20929586314943563,2.71988301526439,0.5883577370932883,-2.131525278171102
25.3,0.2550544275165149,2.625784669639811,0.5342084440056117,-2.091576225634199
25.31,0.2997471565115907,2.532737427463564,0.4702699837608972,-2.062467443702667
25.32,0.34512055266764585,2.436858200444671,0.3945483316758604,-2.0423098687688106
25.33,0.39810112068259174,2.3227007870672174,0.3104902877557089,-2.0122104993115086
25.34,0.44363134614191935,2.2222996056856865,0.21740912231401757,-2.004890483371669
25.35,0.48933166056992533,2.118946194293684,0.1210594234416824,-1.9978867708520016
25.36,0.549380255814922,1.9783479400830268,0.021949124348950678,-1.9563988157340761
25.37,0.589502991538048,1.8807058235704381,-0.07326465604834739,-1.9539704796187856
25.38,0.6343544628585047,1.7672463074378117,-0.1645911986205151,-1.9318375060583268
25.39,0.6553063196227139,1.7124165027333385,-0.24680709210869684,-1.9592235948420353
25.4,0.6836785316815893,1.6360098710315327,-0.32159375218090225,-1.957603623212435
25.41,0.6995319585954386,1.5921080178185263,-0.38582625039075436,-1.9779342682092806
25.42,0.7227236444702676,1.5261225361233037,-0.4422982155030265,-1.9684207516263301
25.43,0.7280640948934648,1.5106053359530407,-0.48921448039140103,-1.9998198163444418
25.44,0.7255448259491976,1.5179411312984166,-0.5295340059637371,-2.0474751372621536
25.45,0.7296334409545112,1.5060211223856714,-0.562021404387404,-2.0680425267730755
25.46,0.7216206966249773,1.5293115691152857,-0.589314483890466,-2.1186260530057517
25.47,0.6700353062657256,1.6730799577948798,-0.6103660229285279,-2.2834459807234078
25.48,0.6710956764996352,1.6702212395514218,-0.6273848260047848,-2.2976060655562067
25.49,0.6351055611162636,1.7653023050733192,-0.6393866860062674,-2.4046889910795866
25.5,0.5791933528170674,1.9061150091809478,-0.6481953354714197,-2.5543103446523676
25.51,0.5425754617760568,1.994592484810207,-0.6528599857777562,-2.647452470587963
25.52,0.483878112790126,2.1314311451230323,-0.6548960451291714,-2.7863271902522038
25.53,0.43342972801080104,2.2450024589733792,-0.6533840346283066,-2.8983864936016857
25.54,0.36617928602882244,2.391793062949842,-0.6496002374061242,-3.041393300355966
25.55,0.29026522341190564,2.552584689339509,-0.6426590034542718,3.0879416143858056
25.56,0.2705193223256572,2.593727801516563,-0.6336507890311566,3.055806716631867
25.57,0.22510915092947414,2.687482531641131,-0.6217250702144921,2.9739777053239633
25.58,0.17929832607025004,2.7810463080073924,-0.6078253582450023,2.8943136409271917
25.59,0.1556451328746224,2.829031629838244,-0.5911357565461766,2.863017920795166
25.6,0.13165024146387713,2.877525598814299,-0.5724808020393033,2.8331789063259842
25.61,0.10056560239206674,2.9401208751421897,-0.551077694040151,2.7919867379972456
25.62,0.07750980303317595,2.9864174060337527,-0.5276523766768471,2.7691155244689867
25.63,0.05976643884622738,3.0219884988174948,-0.5014535911600767,2.759743217202015
25.64,0.04338434975000834,3.0547967116422496,-0.473124271088997,2.7552643244483397
25.65,0.03226005896295198,3.077061339282517,-0.44194421754321506,2.7641797503538545
25.66,0.020294690750005978,3.1010004852848843,-0.40848657654775106,2.773698245346951
25.67,0.0009643272519154327,-3.1396639987870443,-0.3720640870173643,2.76759991176968
25.68,0.007457888793340059,-3.1266767377301323,-0.33319334209077045,2.793483395639362
25.69,0.025487145288055613,-3.0906128426293877,-0.2912258826468072,2.7993869599825807
25.7,0.03618328249678074,-3.069210288540306,-0.24663750148758032,2.8225727870527253
25.71,0.05327715818857175,-3.034987864434504,-0.19883037638105974,2.8361574880534444
25.72,0.06065057410402605,-3.0202170144559566,-0.14826035805787183,2.8719566563980847
25.73,0.07312262239699159,-2.9952167673265615,-0.09440006340185908,2.9008167039247024
25.74,0.08381192663498999,-2.973771933463734,-0.037713416328066275,2.9360585171356677
25.75,0.09693754356963868,-2.947412638204053,0.022227851014922227,2.969640489218975
25.76,0.10638777489037733,-2.9284136672738548,0.0849166595895944,3.013330326863449
25.77,0.12712924675465576,-2.8866442495285116,0.15064703382680902,3.0372912833553207
25.78,0.13514764552929465,-2.8704677063838657,0.21883157774189643,3.089299284125762
25.79,0.14834549942917627,-2.8438025524544153,0.2895973040946617,3.133399856549077
25.8,0.16179065869148213,-2.816582754557344,0.36224988602532926,-3.1043526665969132
25.81,0.16838016334467465,-2.803220377164802,0.4367356196754683,-3.043229310339316
25.82,0.1771226452997828,-2.785468458585513,0.512256352221082,-2.9854604963729914
25.83,0.19016367906550816,-2.75893492325075,0.5886025213965549,-2.9356478625322815
25.84,0.19690227900462842,-2.745197979982779,0.6649205825756856,-2.8730667446211218
25.85,0.1975236118418127,-2.743930420268596,0.7409159907744317,-2.7983388961365585
25.86,0.20251606308785408,-2.733739567314669,0.815768307945098,-2.7336774319198196
25.87,0.2082598474336052,-2.722001736881905,0.8891950587888873,-2.6719885115087942
25.88,0.20926794083858807,-2.719940124551258,0.9605040468880849,-2.602741135740244
25.89,0.20506033398870976,-2.728541951935904,1.029506689090225,-2.5251366661534576
25.9,0.202963682816286,-2.732825341789382,1.0956993959813135,-2.4546605694088908
25.91,0.20163558377155563,-2.7355376200582544,1.1590216900434147,-2.3886259970779173
25.92,0.19352435202157728,-2.752086364643766,1.2191669572000305,-2.31193198533579
25.93,0.18968819074003637,-2.7599035300859738,1.2761895529981855,-2.247092224095427
25.94,0.18036719604220064,-2.7788731392079025,1.3299508447127433,-2.1743613232589407
25.95,0.17173998722669945,-2.7964013985451635,1.3805828935771987,-2.1062010150572243
25.96,0.16436870186047375,-2.8113567049932193,1.4280746540455038,-2.0437539481408633
25.97,0.15372832379700133,-2.8329119538869274,1.4725981192185886,-1.9776752340740704
25.98,0.14731778038202312,-2.8458808255882597,1.5142353185027007,-1.9230691630886259
25.99,0.13817351351057736,-2.8643586523704765,1.553170433642549,-1.8656562211665613
26.0,0.12726650502917392,-2.8863674849203997,1.5895546772901699,-1.8072631449690166
26.01,0.11817829593850422,-2.904682411372979,1.6235670962377307,-1.754935799568877
26.02,0.1144409729138689,-2.9122081391064687,1.655412507660572,-1.715564660412546
26.03,0.10382201307043876,-2.933573773484657,1.6852542847580119,-1.6643572489369174
26.04,0.09894231225264392,-2.9433837304751562,1.7133397571689823,-1.6264618195354477
26.05,0.08791954505846447,-2.9655262369825133,1.7398093308358624,-1.5778497393612108
26.06,0.08255870315572254,-2.976287097910799,1.7649435546013121,-1.5419546546674752
26.07,0.08183049699047103,-2.9777484550698325,1.7888538111257581,-1.516583040983996
26.08,0.0777754120372441,-2.9858845795574704,1.8118453442621236,-1.4854553833599926
26.09,0.07280749230528467,-2.9958487119624873,1.8339951562092174,-1.453341439007882
26.1,0.06811175858935387,-3.005263587625687,1.855625600386278,-1.4222961191676213
26.11,0.06554895525346992,-3.010400680453444,1.876774951007477,-1.3960096757186653
26.12,0.06643703212426334,-3.00862064633184,1.8977766766082411,-1.3767879842395052
26.13,0.06425182180479701,-3.013000428461197,1.9186274875983225,-1.3515573911200671
26.14,0.06381368846810132,-3.013878497116519,1.9396681001823632,-1.329638709880704
26.15,0.06718550294381055,-3.007120352447123,1.9608525848221292,-1.3152123699103344
26.16,0.06617143575589629,-3.009153010562633,1.9825272696051544,-1.2915050270117991
26.17,0.07005708558140746,-3.0013636152694807,2.0046041053241135,-1.277217586585992
26.18,0.06999834922480024,-3.001481377082547,2.0274352727510485,-1.2542686573459911
26.19,0.07397629701536163,-2.9935047812435664,2.0508922162580863,-1.238788309677934
26.2,0.07970345374168586,-2.982016485999607,2.07533442348713,-1.2258343976928496
26.21,0.08030576303151307,-2.980807993571159,2.1005948679555724,-1.2017824456528552
26.22,0.08535047855546465,-2.970683763129011,2.1270422375969362,-1.1854593064536394
26.23,0.08806290213447547,-2.9652384064073756,2.1544728166658733,-1.1634740841063373
26.24,0.09316202068228492,-2.9549980313408186,2.1832660909532877,-1.1449211848854801
26.25,0.1017914518632173,-2.9376565297230517,2.213182595795653,-1.1323461816608815
26.26,0.10758197894492623,-2.926011471971731,2.244613295199525,-1.1125605400083307
26.27,0.11134339282913604,-2.918443160855425,2.277282606327734,-1.0874595399964277
26.28,0.12052672418371825,-2.8999517386159863,2.3115922472008865,-1.0716413213627134
26.29,0.12830433477798792,-2.8842746680724334,2.3472284888551123,-1.0516821502520408
26.3,0.13046674132972863,-2.879913193096765,2.3846013294745676,-1.018670784608254
26.31,0.14156855240551966,-2.857501160054158,2.4233549918844837,-1.0023291552409448
26.32,0.1480437747528383,-2.844412739362696,2.463903367295526,-0.974869200521364
26.33,0.15663103774961784,-2.827035335928483,2.505842837211066,-0.9503071340400371
26.34,0.16366667010321181,-2.8127800442565403,2.549585003261321,-0.9208202596617253
26.35,0.16848771436970378,-2.8030021573966093,2.5946710352330182,-0.885512114549959
26.36,0.17834003274210644,-2.782994292448115,2.6415028291122753,-0.8586881856191961
26.37,0.18672310558408511,-2.765941605465846,2.689558217213816,-0.8276854844999244
26.38,0.19417846025669433,-2.750752852627467,2.7392219219370504,-0.7932105326150691
26.39,0.20012487901171516,-2.7386219004772125,2.789901022276671,-0.7546623844257027
26.4,0.20577543739083456,-2.727080580404472,2.841957408318771,-0.7141473184563436
26.41,0.2145923031740527,-2.709043874595612,2.8947227320919398,-0.6794187004920351
26.42,0.2237242206671458,-2.6903248917210503,2.9485344903413973,-0.6443259251171387
26.43,0.22446557303941989,-2.688803493719027,3.002649087750156,-0.5917327257104035
26.44,0.23064414551623416,-2.676113403450629,3.05738415714472,-0.5496877465842377
26.45,0.23176721480184478,-2.6738047104528975,3.1119271156851895,-0.49745348104149967
26.46,0.23813814473378994,-2.6606958653895036,-3.116598351814864,-0.4559024864253604
26.47,0.23952197519817933,-2.6578457250540533,-3.062691646516885,-0.4048459214628316
26.48,0.23758479207709235,-2.661835272748859,-3.009221519233655,-0.3473862464847959
26.49,0.24013099110594863,-2.656591077284983,-2.957101943677767,-0.3005108663927838
26.5,0.23908768170063668,-2.6587403045220257,-2.905991613517661,-0.24725130899563513
26.51,0.23501172995250774,-2.6671313815460045,-2.856838408514679,-0.18970702696867492
26.52,0.23071081102810678,-2.675976376856225,-2.8092630900217905,-0.13328671316556565
26.53,0.2242794534538455,-2.689185472019424,-2.7642464644382545,-0.0750609924188306
26.54,0.2175944571310659,-2.7028942653107486,-2.7213662463980692,-0.01847198108732062
26.55,0.2063407082078594,-2.725925244982328,-2.6816486724837456,0.04427657249858211
26.56,0.19248980138338387,-2.7541951161120815,-2.6446333209797217,0.10956179513235989
26.57,0.187881397888697,-2.7635832839098877,-2.611420760371621,0.1521625235382667
26.58,0.1727293530320747,-2.794392647968208,-2.581527424766386,0.21286522320182225
26.59,0.15885799216190533,-2.8225249559422085,-2.556176023917112,0.2663489320250964
26.6,0.14563893528544034,-2.8492751275760964,-2.5348839415255675,0.31439118605052874
26.61,0.1311920270678777,-2.8784500456855215,-2.519065848255138,0.3593841974303836
26.62,0.11073896463565608,-2.9196595395835194,-2.5082705668024543,0.41138897278106495
26.63,0.08527927339796887,-2.970826694566415,-2.5041979673848407,0.4666287271815741
26.64,0.0641303215438305,-3.013243931176838,-2.506453896332651,0.506790034844187
26.65,0.03968128728175125,-3.0622092368093936,-2.517126518801772,0.5450827180076218
26.66,0.015165018089161163,-3.111261454752111,-2.5358551900881565,0.5754062646639543
26.67,0.01966707085805272,3.102255975732684,-2.5651578337918846,0.6157714976550177
26.68,0.04837190404459954,3.0448110781977245,-2.604495536691163,0.633878692290699
26.69,0.09065050487204492,2.960042413853009,-2.6565741449010245,0.666568748425553
26.7,0.13504549804670168,2.8706738915649845,-2.7199709340238787,0.6925404815907232
26.71,0.17569692226670117,2.7883653372144592,-2.796676617855276,0.6981433521098515
26.72,0.23133639788282312,2.6746904154818343,-2.883017805382912,0.72547708631484
26.73,0.2629902314811435,2.6093521887754667,-2.9789420625735277,0.694891055830592
26.74,0.31618798158606853,2.498175417154749,-3.077821350487927,0.7071885395369109
26.75,0.36526775915332044,2.3937518120115135,3.1052504212992247,0.7114986092877111
26.76,0.39792965212673487,2.323074609892652,3.011182738628805,0.6881081287361531
26.77,0.44581179133273324,2.217430739080371,2.9237726022552115,0.7063418631748406
26.78,0.4468251924086138,2.215165837065245,2.847863372862897,0.6326975357976519
26.79,0.4553181989335934,2.196133500898963,2.7817100389977143,0.5855765380987511
26.8,0.45339554813933497,2.2004500900927746,2.72758690125594,0.5271368111631656
26.81,0.4547660884832357,2.19737354385721,2.6825653286452376,0.4851917847880274
26.82,0.4301636001997774,2.2522446672275604,2.6477043421700985,0.39545967494253814
26.83,0.40609468633203455,2.3052398112447867,2.6200794368678175,0.31483962562303064
26.84,0.3523953601165155,2.42133380071369,2.600423071920354,0.1790892712066636
26.85,0.3232429095042678,2.483283916419746,2.5862514885324104,0.1029675721126644
26.86,0.2877936520704143,2.557748211827155,2.578281182134936,0.02053297030778099
26.87,0.25733976053468804,2.621056187153141,2.5744969110255784,-0.04655927612756233
26.88,0.20889615871369477,2.720700494424065,2.5756588453463483,-0.14504164907771694
26.89,0.15464586338286962,2.8310546645644137,2.5801321581319026,-0.25092250643251085
26.9,0.10236068163209079,2.9365120923106973,2.5887096323200667,-0.34780245999063075
26.91,0.08155297737707468,2.978305355658273,2.6000431936868367,-0.37826216197143614
26.92,0.02831336889937723,3.0849583472860402,2.6149370488071093,-0.4700212984789308
26.93,0.002515031291206949,-3.136562585704519,2.6322566264190015,-0.5143660950560657
26.94,0.021510657502962483,-3.0985680201723262,2.6528006485724895,-0.5318166384347706
26.95,0.04605200747159947,-3.0494560520322187,2.6755952052722463,-0.5581340498751214
26.96,0.07783205145029704,-2.985770956304644,2.7014218050938505,-0.5959925457810921
26.97,0.11183473885099592,-2.9174542927630123,2.729429267976503,-0.6363017464400711
26.98,0.12740170880973078,-2.8860948581449017,2.7603732242042422,-0.6367172248304424
26.99,0.1364242808528684,-2.8678905665853667,2.793496769563668,-0.6217979710305515
27.0,0.16859546349212395,-2.8027835316099394,2.829521694883268,-0.6508800806863789
27.01,0.1810276468041848,-2.7775301300256325,2.8677620399413355,-0.6378931372126186
27.02,0.1973341671934395,-2.7443169168977226,2.908896448941859,-0.6299719413400049
27.03,0.22749998493681647,-2.6825735053551747,2.9522883701548723,-0.6483234316695394
27.04,0.2435794285683426,-2.6494831813300417,2.998561039199485,-0.63514108665006
27.05,0.27548052986094657,-2.5834135772284443,3.0471052385961013,-0.6526664913550411
27.06,0.2917158418117021,-2.549552225123734,3.098472703342688,-0.6351603787131641
27.07,0.318560957959765,-2.4931707214521905,-3.131127389709125,-0.6379566682569348
27.08,0.328491550807722,-2.47218054396731,-3.074863586210906,-0.6026830422435961
27.09,0.3455953306796357,-2.4358463886804538,-3.0165471412986187,-0.5807007526181647
27.1,0.3705553600961072,-2.382378902252699,-2.955827888744687,-0.573448986491988
27.11,0.39126351972424483,-2.3375843180958635,-2.8933727953618398,-0.5557884772659765
27.12,0.409077831068351,-2.2987061809221774,-2.8289564832121665,-0.5302503022899892
27.13,0.4260701442121411,-2.261303770805349,-2.763296808699052,-0.5019930378937031
27.14,0.4425627465811681,-2.224683612552619,-2.6962932296799496,-0.47160961712733074
27.15,0.45950405714903575,-2.186719185440913,-2.6287054928877307,-0.44198630744681777
27.16,0.4777702619082948,-2.1453630697455384,-2.560536775040393,-0.41517370529485476
27.17,0.4860933010082726,-2.126365088099054,-2.4925568227041244,-0.36619173460507043
27.18,0.49814693636508156,-2.0986719326890326,-2.4248303728743315,-0.32615844018529894
27.19,0.5123278669811646,-2.0658061705325523,-2.358088070833702,-0.2922819003011498
27.2,0.5185553710754708,-2.051271561621053,-2.2924039862879098,-0.24113242466685683
27.21,0.5308616818539637,-2.022358602632133,-2.22841890810563,-0.20606030547349652
27.22,0.5305811431962661,-2.023020604579166,-2.1661715693265564,-0.1431509647473902
27.23,0.5343149412055028,-2.014198468217878,-2.1061776507099066,-0.09197918249202815
27.24,0.5379764602847475,-2.00552315723804,-2.048416985231282,-0.042893827993241984
27.25,0.5372274109668376,-2.0072998424109083,-1.9932685722250005,0.014031270185908018
27.26,0.5319318639038735,-2.019831975127024,-1.940652621333802,0.07917935379322194
27.27,0.521783136955778,-2.0437129407969423,-1.8908197069853765,0.15289323381156583
27.28,0.5161087812744258,-2.05698933486565,-1.8436444400708751,0.21334489479477503
27.29,0.5014903266601549,-2.0909516272128585,-1.7992670569549694,0.29168457025788924
27.3,0.48730672716828843,-2.123586999336588,-1.7575351420216223,0.36605185731496565
27.31,0.4729284161601503,-2.1563698279960515,-1.718497802360924,0.4378720256351273
27.32,0.45588912936666504,-2.19485077449174,-1.6819920701993092,0.5128587042924305
27.33,0.4371706328125599,-2.2366919621185595,-1.647992053638677,0.5886999084798824
27.34,0.41872404240719613,-2.277513053189082,-1.616336450909181,0.6611766022799008
27.35,0.39705436725841964,-2.3249823682724036,-1.5869369467226038,0.7380454215497999
27.36,0.37212439271670705,-2.3789991759181186,-1.559642468163102,0.8193567077550167
27.37,0.35298631702364874,-2.420070721267978,-1.5343124800443901,0.885758241223588
27.38,0.3281401399450693,-2.4729246108118375,-1.51081247478763,0.9621121360242074
27.39,0.30665185378399434,-2.5182458321335206,-1.488958787942473,1.0292870441910476
27.4,0.2861469327679923,-2.561186256903325,-1.4686387064076116,1.0925475504957134
27.41,0.26243563543987886,-2.6105017606929417,-1.449634039646018,1.1608677210469238
27.42,0.2431416328835814,-2.6503859125078844,-1.4318584404479082,1.2185274720599764
27.43,0.22280089940343184,-2.692219353685507,-1.415067238147039,1.2771521155384675
27.44,0.20353933038005614,-2.7316495028421457,-1.3992042616049216,1.3324452412372239
27.45,0.18365590741482246,-2.7721839799901873,-1.3840053589495993,1.3881786210405878
27.46,0.1722632976744391,-2.7953389435105764,-1.3694472371077686,1.4258917064028078
27.47,0.1574071082070767,-2.8254636997199327,-1.3552516645687331,1.4702120351511998
27.48,0.14251935276852398,-2.8555800801758835,-1.3414295296683494,1.514150550507534
27.49,0.1316654465007847,-2.8774949217029615,-1.327691989257243,1.5498029324457185
27.5,0.11765086832655756,-2.905744677251083,-1.3140839578077212,1.591660719443362
27.51,0.1063424280150302,-2.928504878452628,-1.3003075055620321,1.6281973728905959
27.52,0.10013198169211289,-2.9409925163145054,-1.2864401515012729,1.6545523648132325
27.53,0.09287277100537418,-2.9555790497113525,-1.27217474078807,1.6834043089232829
27.54,0.0851109235731779,-2.9711646228261004,-1.2576190668785345,1.713545555947566
27.55,0.08096551049898612,-2.979484187830366,-1.2424553940971812,1.737028793733185
27.56,0.07736103052850044,-2.9867158471515722,-1.2268189527265585,1.759896894425014
27.57,0.0731370348226174,-2.995187865087524,-1.2103793341900113,1.7848085308975126
27.58,0.06790009852487779,-3.00568789005076,-1.1932962036606185,1.8123916863901415
27.59,0.06382524200868467,-3.0138553428344244,-1.1752240736981348,1.8386312691362898
27.6,0.06527679891808832,-3.010946161391014,-1.1563441130874286,1.8546020483035852
27.61,0.06144456581784081,-3.018626063636354,-1.1362933596117843,1.88233270402457
27.62,0.06727712018129288,-3.0069367024484945,-1.115271749087223,1.8916649533612717
27.63,0.06680045770201894,-3.0078921768802047,-1.0928966897175885,1.9149954871626163
27.64,0.0674388652179784,-3.0066124760148374,-1.0693843872433386,1.9372280887714988
27.65,0.06792613602854967,-3.00563569453645,-1.0443308801977726,1.9613048143386775
27.66,0.07243755315432548,-2.996590549090785,-1.0179664034325044,1.9786241456582807
27.67,0.07509228059980315,-2.9912665883138283,-0.9898644693410288,2.0014021189727997
27.68,0.07452508291170598,-2.9924041713215748,-0.9602674089970946,2.03213676232448
27.69,0.08203538709021942,-2.9773372924770096,-0.9287258645932029,2.048611427883807
27.7,0.08577351959639552,-2.969834566909169,-0.8954927978509436,2.0743417690582255
27.71,0.08871681925543226,-2.9639254331066702,-0.8600968144409561,2.1038286186657142
27.72,0.09469584485270258,-2.9519167600948366,-0.8228008610927622,2.129115899002074
27.73,0.10024090750257687,-2.940773563069862,-0.7831141102341465,2.1576594528357154
27.74,0.10571016328327744,-2.9297765760827867,-0.741310310623318,2.1884662654594687
27.75,0.11594530104883763,-2.909179320032705,-0.6968844883433013,2.212294831689404
27.76,0.12764431827257752,-2.8856056450927134,-0.6501244969227413,2.235481148169972
27.77,0.13266506536058478,-2.875477990762573,-0.6005204889429163,2.2749575018196566
27.78,0.14133086959115884,-2.857981353819888,-0.5483816382551046,2.3095997155647834
27.79,0.14997160810979202,-2.8405135414954947,-0.4932081152524794,2.3473054262430155
27.8,0.16316455800488971,-2.813797951875727,-0.43534319044537717,2.3784547614303495
27.81,0.17343537195485906,-2.7929589721275403,-0.37431914641356917,2.418639825713971
27.82,0.18220004112351487,-2.775145687783342,-0.31053291122219684,2.4646127765611454
27.83,0.19680133558421758,-2.7454038959286673,-0.24357871046654217,2.5018251854621254
27.84,0.2047140502840063,-2.729249530202205,-0.17393284838270115,2.555316681819504
27.85,0.21945577730700686,-2.6990794246624965,-0.10128665882204552,2.597792765840451
27.86,0.23376136930572786,-2.669703760570198,-0.02622295939323499,2.643480801176963
27.87,0.24938494671940292,-2.637502487815803,0.05143705379877529,2.688939541614578
27.88,0.2656167366854308,-2.6039054893596765,0.13098640901273195,2.7348918983724086
27.89,0.27739450854153125,-2.5794304022874313,0.2124577564259804,2.791888158713412
27.9,0.29129749363430657,-2.5504269101085155,0.2950277621168939,2.8454546722254097
27.91,0.3078442696749855,-2.51573978110443,0.3785991424822502,2.89433892358668
27.92,0.32125462468765736,-2.487484570853151,0.4622782440696772,2.949762814922828
27.93,0.33637834849972476,-2.4554556786244324,0.545892928422854,3.0013486070472863
27.94,0.34877093638610895,-2.4290739066645717,0.6285597125901308,3.0576336192547027
27.95,0.3616966296044799,-2.4014184679639863,0.7101102491275657,3.1115287170915518
27.96,0.37220426916190935,-2.3788270593535032,0.7897597335069259,-3.1145985143191575
27.97,0.3820413715540253,-2.3575842135363354,0.8674126071974768,-3.0581884864457742
27.98,0.3926968268987903,-2.334468343251224,0.942444952369257,-3.0062720115591053
27.99,0.4016651996967065,-2.3149237539616156,1.0148653429895327,-2.9533962102284383
28.0,0.41120735265117914,-2.294036285382192,1.084229766423695,-2.9049192553736995
28.01,0.4211639626802665,-2.2721361121232624,1.1506416830372126,-2.8604075120191115
28.02,0.42698357001366855,-2.259283978174751,1.2138219369820993,-2.8100793920227365
28.03,0.43148593041438815,-2.2493140860179524,1.2739368655776455,-2.7599343555839884
28.04,0.4417676731709336,-2.226456482770259,1.3308439505074394,-2.725884873901888
28.05,0.4433593918216478,-2.2229064592011905,1.3847377463994894,-2.6755411015789066
28.06,0.45202873589979176,-2.2035158718840653,1.4355867508275186,-2.6440826844680023
28.07,0.4554934907785328,-2.195739712277009,1.4835872117022972,-2.60385838320028
28.08,0.4649881374347919,-2.174350229708433,1.5288010456980623,-2.580034031773091
28.09,0.4735474681482691,-2.1549643843235584,1.571409346460821,-2.5568115763952073
28.1,0.4771893787673595,-2.1466852981115476,1.6115564102613789,-2.52494359880666
28.11,0.489042218809874,-2.119609915332487,1.649398056101101,-2.514177335745998
28.12,0.5127640646215853,-2.064790174079003,1.685152838865046,-2.5332422942355373
28.13,0.5176528457338845,-2.0533819483803932,1.7189443375815059,-2.510859021217687
28.14,0.5218583082745466,-2.04353670057022,1.7510571836379254,-2.488591422971441
28.15,0.5513639505395117,-1.9735961147088512,1.781576526655214,-2.5280126658155213
28.16,0.5693093900341627,-1.93026149638887,1.8108435117575765,-2.54208029903314
28.17,0.5980123235861108,-1.859555010825637,1.8388986585758196,-2.58473163777813
28.18,0.6023180685428541,-1.8487889457729156,1.8661289460010781,-2.5682674154055927
28.19,0.6398433168005867,-1.7530039177891275,1.892524507608343,-2.637656881782116
28.2,0.6743247254040898,-1.6614929482917835,1.9185075877996316,-2.7031847710881713
28.21,0.7293254285387726,-1.5069217399044288,1.9440136436977804,-2.8322499235773773
28.22,0.7408650789172003,-1.472877797035562,1.96949113824899,-2.8408163718950346
28.23,0.7888385719992712,-1.3237587127301231,1.9948189313672422,-2.964607663082221
28.24,0.8270289658942105,-1.1939888284343534,2.0204651324066205,-3.0687313463386126
28.25,0.8663371819115838,-1.0459497644185052,2.0462528050312025,3.0922025694497077
28.26,0.8929203822451335,-0.9340113311667699,2.0726658181049844,3.0066771492717543
28.27,0.9123298753480968,-0.8437153670257067,2.0994746758695064,2.943190042895213
28.28,0.9389782185131629,-0.702297329953641,2.1271773427621845,2.8294746727158255
28.29,0.9541297746973193,-0.6081135336502435,2.1554966948230074,2.763610228473251
28.3,0.9595959017262763,-0.570467529568202,2.184944492041367,2.755412021609569
28.31,0.9731238916433146,-0.4647353330967946,2.215201685988945,2.67993701908574
28.32,0.9794102695317004,-0.4065540767561724,2.246793933299176,2.6533480100553484
28.33,0.9869975160340612,-0.32287160925837777,2.279365853550793,2.6022374628091707
28.34,0.988603662091422,-0.3022323612028352,2.313456626895861,2.615688988098696
28.35,0.9932296586256981,-0.23286038364892472,2.3486792776790364,2.581539661327961
28.36,0.9953229080186018,-0.1935095325891356,2.3855849413349146,2.5790944739240502
28.37,0.9978514253988392,-0.13112877450087232,2.4237583255761392,2.5548871000770115
28.38,0.9982876015360831,-0.11706023766560499,2.4637591764064566,2.5808194140720615
28.39,0.9993122311512809,-0.07418073608943984,2.505145206752703,2.579325942842143
28.4,0.9998489245103119,-0.03476541888816917,2.5484791791062174,2.5832445979943865
28.41,0.9999964649700597,-0.005317918407081718,2.5932907673048446,2.5986086857119264
28.42,0.9999370870008946,0.022434555273632622,2.6401375604140735,2.617703005140441
28.43,0.9996608307503942,0.05209133701259722,2.6885175297619472,2.63642619274935
28.44,0.99889046457583,0.09422274303125902,2.738972208037015,2.644749465005756
28.45,0.9978423304641205,0.13140611570576688,2.7909616794340955,2.6595555637283286
28.46,0.997544800141629,0.1401771788670532,2.8449982581668714,2.704821079299818
28.47,0.9960018700888629,0.17890325718772312,2.900496215562555,2.7215929583748317
28.48,0.9946010046901623,0.20792037914970324,2.9579245057458645,2.7500041265961612
28.49,0.9939050434444837,0.22092818840915027,3.0166437678735973,2.795715579464447
28.5,0.9924578477736252,0.24579100093124057,3.077066988948676,2.8312759880174356
28.51,0.9906109234275938,0.2742816935912593,3.1384965644613123,2.864214870870053
28.52,0.9893383867743265,0.2923095930393952,-3.0819032056351134,2.908972508505078
28.53,0.9879708892685138,0.3105260694541807,-3.0185150468407445,2.9541441908846613
28.54,0.9861467605882601,0.33329078564484,-2.9542363706492085,2.995658150885538
28.55,0.985051786603269,0.34624389183973325,-2.8898633416350448,3.0470780737048084
28.56,0.9842195668909814,0.355776472863066,-2.8251568143825674,3.102252019933953
28.57,0.982931562359913,0.3700509708013269,-2.760931984158649,-3.130982954959976
28.58,0.9815359308357118,0.3849277429659344,-2.696975757868021,-3.0819035008339553
28.59,0.9819407136008258,0.3806721003944076,-2.6340915648655856,-3.014763665259993
28.6,0.9817698782322238,0.3824738650565531,-2.5720658036153212,-2.9545396686718743
28.61,0.9817324183932162,0.3828678264174639,-2.5116597788694133,-2.894527605286877
28.62,0.982752835821678,0.37198893439802555,-2.452636903453521,-2.8246258378515465
28.63,0.9829906737936239,0.36940780342835833,-2.3956940310384782,-2.7651018344668366
28.64,0.9839836330998113,0.35843330705457616,-2.3405592418997974,-2.6989925489543736
28.65,0.9859103555450672,0.3361292094521753,-2.2878546714268504,-2.6239838808790257
28.66,0.9869214829435543,0.323816303919311,-2.2372722752211884,-2.5610885791404994
28.67,0.9879643203199914,0.31061101589025114,-2.189360532452405,-2.499971548342656
28.68,0.9905526577735623,0.27513277078856785,-2.143783267546663,-2.418916038335231
28.69,0.991632848766643,0.25890300178165276,-2.10102400760277,-2.359927009384423
28.7,0.993029326215093,0.2362843584249618,-2.0607308480925677,-2.2970152065175293
28.71,0.9949361782684578,0.20135741808162066,-2.023334857828928,-2.2246922759105487
28.72,0.9959297549614937,0.18051059112401746,-1.9884816518413182,-2.1689922429653357
28.73,0.9971789797159283,0.15026237431908065,-1.9565638996930197,-2.1068262740121004
28.74,0.9981053568716441,0.12313380395577654,-1.927237077331425,-2.0503708812872015
28.75,0.998827458160123,0.09686159420311655,-1.900870852443221,-1.9977324466463375
28.76,0.9995483417184262,0.06011271312259647,-1.8771418621777842,-1.9372545753003807
28.77,0.9998460364807755,0.03509615023683767,-1.8564148936144815,-1.8915110438513192
28.78,0.9999904652439798,0.008733737423171553,-1.8383989020088825,-1.847132639432054
28.79,0.9998979445516258,-0.028573719996817487,-1.8234772489730469,-1.7949035289762294
28.8,0.9995493622398981,-0.06004475729997737,-1.8114037095916695,-1.7513589522916921
28.81,0.9992085039515848,-0.07957891587387222,-1.8026128496601868,-1.7230339337863145
28.82,0.9983742509615577,-0.11405927369599178,-1.7969190454855106,-1.6828597717895188
28.83,0.9971750210947402,-0.15036781550484557,-1.7948554211999252,-1.6444876056950797
28.84,0.9958372268389183,-0.1825522278098541,-1.7963183607763789,-1.6137661329665247
28.85,0.9942408599218014,-0.21474965020101136,-1.8020095744642601,-1.5872599242632488
28.86,0.99208293488143,-0.2518338163687859,-1.8119365027400947,-1.5601026863713088
28.87,0.9895748016906765,-0.2890448126303069,-1.827072073023878,-1.5380272603935712
28.88,0.9862838221570622,-0.33163411920779584,-1.847568807516426,-1.5159346883086302
28.89,0.9811531074651662,-0.3889101981339629,-1.8748111167358454,-1.4859009186018826
28.9,0.9752238814896509,-0.44613100530664673,-1.9091102834232387,-1.462979278116592
28.91,0.968095220123363,-0.5065640392980166,-1.9524083547999478,-1.4458443155019312
28.92,0.9584708190130062,-0.5784106008452828,-2.0050604516745714,-1.4266498508292884
28.93,0.9476055155870305,-0.6502831198817505,-2.069546501782392,-1.4192633819006415
28.94,0.9299126284625222,-0.7532422361215173,-2.1456894955012635,-1.3924472593797461
28.95,0.9112397352623819,-0.8490244940607885,-2.2358328453004592,-1.3868083512396707
28.96,0.8851101730662673,-0.9681312638771882,-2.337672752008394,-1.369541488131206
28.97,0.853401635604613,-1.0966392230434363,-2.451670698556085,-1.3550314755126487
28.98,0.8159896064882046,-1.2327145394360939,-2.571432352945866,-1.3387178135097721
28.99,0.7734609164051554,-1.3730260328083959,-2.694720528930903,-1.321694496122507
29.0,0.7336667748538106,-1.4941875407704668,-2.81257762402779,-1.3183900832573232
29.01,0.6871833880896425,-1.626382930541319,-2.9233265522976186,-1.2969436217562995
29.02,0.6459676947556425,-1.737012104415562,-3.0203037561193606,-1.2832916517037987
29.03,0.6086083329933035,-1.8329816326346706,-3.1051654069594217,-1.272183774324751
29.04,0.577997730197149,-1.90904684210148,3.1083574640478693,-1.2657810010302373
29.05,0.5440171919572403,-1.9911579162301396,3.05027873665534,-1.241748654294107
29.06,0.5211312019245594,-2.045241013661592,3.0050741636276572,-1.2328701298903373
29.07,0.49345661731054197,-2.1094737231420795,2.9690600670749956,-1.2046515169625116
29.08,0.47934866109327834,-2.141767852311577,2.94305264431402,-1.1983648105539892
29.09,0.46069454390975206,-2.184037508343837,2.9240010480811316,-1.1751467507546178
29.1,0.4469796243257625,-2.2148205768348275,2.912681889114481,-1.155682841230278
29.11,0.4341571502060335,-2.2433877813723004,2.9067149540031645,-1.1330825718041213
29.12,0.42691239206306525,-2.259441403420922,2.9069071292717767,-1.116836774486888
29.13,0.4200569230016447,-2.274576564819798,2.9114142908903435,-1.097194451469445
29.14,0.4102535557890561,-2.2961285032059493,2.9210546492928016,-1.0660021546808356
29.15,0.40451085996363756,-2.3087048232429295,2.9343837137472057,-1.040096770189451
29.16,0.40145150608979785,-2.3153904187467527,2.9522045761507334,-1.0155903122821006
29.17,0.39636456008782683,-2.3264853075069047,2.9733677579220474,-0.9833322417506343
29.18,0.39576183344615473,-2.327798118211521,2.998641852618552,-0.9567453363495134
29.19,0.39670954670106745,-2.3257337180024398,3.0270959551542314,-0.9303556340229153
29.2,0.39739077114441274,-2.324249240425738,3.0594497415008735,-0.8994863252529751
29.21,0.391666387338283,-2.3367087026300335,3.094932538752918,-0.8515440657966351
29.22,0.39678401883684317,-2.325571456631226,3.134200783408268,-0.8234130671400925
29.23,0.4005683722798153,-2.3173185034877344,-3.106590694490284,-0.7892721910025498
29.24,0.4006802830667709,-2.317074221436979,-3.0604967331007784,-0.7434225116637997
29.25,0.39962640922068143,-2.3193741308911076,-3.0112990784648,-0.6919249475736927
29.26,0.40268576642523746,-2.3126943776019555,-2.958530896207994,-0.6458365186060387
29.27,0.4076781642066889,-2.30177289276155,-2.9027742148562132,-0.601001322094663
29.28,0.4105312359288105,-2.2955194947809003,-2.843702452939309,-0.5481829581584088
29.29,0.4108694577243382,-2.2947775935166903,-2.781932286015245,-0.48715469249855453
29.3,0.41515131230176716,-2.2853744152375617,-2.7173100874744383,-0.4319356722368766
29.31,0.41943257586855187,-2.275952320949433,-2.6505267877406355,-0.3745744667912025
29.32,0.42040905321612476,-2.2738004486298333,-2.581619768449252,-0.3078193198194187
29.33,0.42073298324323044,-2.2730863640994787,-2.5113668454247073,-0.23828048132522875
29.34,0.4239121978103802,-2.2660716745238747,-2.439979841140787,-0.17390816661691216
29.35,0.4258526383284801,-2.261784584215337,-2.368291429328998,-0.1065068451136607
29.36,0.42127176760922574,-2.2718983839101,-2.296624514747799,-0.02472613083769923
29.37,0.42059810945654896,-2.273383699722771,-2.225789076601282,0.04759462312148923
29.38,0.41424929194908994,-2.287356969068464,-2.156121890707893,0.1312350783605709
29.39,0.40748629597491753,-2.302193118011233,-2.0883152887979137,0.2138778292133195
29.4,0.4027496688852188,-2.3125547495703977,-2.0226279360160637,0.2899268135543339
29.41,0.3921113698488049,-2.335741362535896,-1.9595656368963517,0.37617572563954454
29.42,0.37903162887123654,-2.364093416961875,-1.899260415436776,0.46483300152509893
29.43,0.3703632725900288,-2.382792505690981,-1.8420142327839204,0.5407782729070604
29.44,0.35609484556005494,-2.413421746898551,-1.787835442645671,0.6255863042528799
29.45,0.34038155646991586,-2.446947343970785,-1.7368479952213607,0.7100993487494242
29.46,0.3264291766619759,-2.476545982173225,-1.6889704535971362,0.787575528576089
29.47,0.30767226502805367,-2.5161013387507705,-1.6441918030955267,0.8719095356552439
29.48,0.29501686250326986,-2.542646320388368,-1.6023801811770395,0.9402661392113284
29.49,0.27945793965544274,-2.57513363464221,-1.5634293535169224,1.0117042811252874
29.5,0.2633055559615137,-2.6086985009132437,-1.5271878695650902,1.0815106313481537
29.51,0.24539033185965595,-2.6457480236824154,-1.4934832121534936,1.1522648115289218
29.52,0.22906102096512224,-2.6793667600981035,-1.4621642345340924,1.2172025255640113
29.53,0.21479916748855005,-2.7086202678730804,-1.4330113243874705,1.2756089434856102
29.54,0.20039428323448857,-2.7380719516472993,-1.405885532438669,1.3321864192086303
29.55,0.19004131467193994,-2.759184197745674,-1.380533197501805,1.378651000243869
29.56,0.17335019090792753,-2.793131954427235,-1.356835011863498,1.4362969425637369
29.57,0.1604668400401994,-2.819265445740344,-1.3345130946038555,1.4847523511364884
29.58,0.1501503636898552,-2.8401519357801,-1.3134730617331989,1.5266788740469013
29.59,0.13639076452473353,-2.8679582317205905,-1.2934208662630116,1.5745373654575792
29.6,0.12954762260812283,-2.881767165173469,-1.2742910904050917,1.6074760747683772
29.61,0.11786360364131944,-2.905316225631152,-1.255780100762374,1.6495361248687779
29.62,0.10698234653652702,-2.9272176984052902,-1.237854341276185,1.6893633571291053
29.63,0.10125494978771638,-2.9387351067094625,-1.220205486948537,1.7185296197609254
29.64,0.09307566204327163,-2.955171502350231,-1.2028334337737776,1.7523380685764536
29.65,0.08531328724681567,-2.970758418043915,-1.1854281642164477,1.7853302538274671
29.66,0.08456297135821475,-2.972264492467804,-1.1680232809154758,1.804241211552328
29.67,0.07502418264532082,-2.991403169497532,-1.1503082299732665,1.8410949395242657
29.68,0.06836699376292055,-3.004751924578778,-1.1323494727707164,1.872402451808062
29.69,0.07073257412989159,-3.000009278316407,-1.1138355842716063,1.8861736940448008
29.7,0.06385448195911064,-3.013796743399838,-1.0948643902708188,1.918932353129019
29.71,0.06211077321701047,-3.017291098944465,-1.0751223212196739,1.942168777724791
29.72,0.057826178512067894,-3.0258757450366267,-1.0547369898549295,1.971138755181697
29.73,0.05284148296020109,-3.0358604440469104,-1.0333910917456266,2.0024693523012838
29.74,0.05481695000303509,-3.031903772757981,-1.0112409289363093,2.0206628438216714
29.75,0.05279661640283784,-3.0359503025952166,-0.9879641467851261,2.0479861558100905
29.76,0.04979270836277056,-3.0419660403019426,-0.9637456200290451,2.0782204202728978
29.77,0.054727153219697115,-3.0320836363206984,-0.9382574175284709,2.0938262187922274
29.78,0.052118994665019604,-3.037307414648403,-0.9117142721123783,2.1255931425360246
29.79,0.051925000119622464,-3.037695929812985,-0.8837833606955762,2.153912569117409
29.8,0.0467373710850798,-3.0480838471696696,-0.8547123010394901,2.1933715461301797
29.81,0.0508703174138253,-3.0398080870316018,-0.8241655917317455,2.215642495299856
29.82,0.05601710784693857,-3.0294997626717555,-0.7924287442383858,2.2370710184333693
29.83,0.05088320670133834,-3.0397822750284558,-0.7591674946463682,2.2806147803820873
29.84,0.0486609765162565,-3.0442322516170064,-0.724712318222131,2.3195199333948753
29.85,0.0512687278886864,-3.039010224946756,-0.6887357387660432,2.3502744861807128
29.86,0.050098131300222254,-3.04135443110499,-0.6516221238723603,2.3897323072326295
29.87,0.05046654601667393,-3.0406166684299287,-0.6130575084644835,2.4275591599654454
29.88,0.05180935659174418,-3.037927528602687,-0.5734902917553648,2.4644372368473224
29.89,0.05135383494602506,-3.0388397863146777,-0.532626894908314,2.5062128914063635
29.9,0.04854503599040482,-3.0444644070357936,-0.4909898777166866,2.5534745293191072
29.91,0.04935026992962101,-3.0428520064017515,-0.44831142208315977,2.5945405843185916
29.92,0.05133719664936751,-3.0388731068594894,-0.40519662648342153,2.6336764803760677
29.93,0.04303718509015561,-3.055491690090217,-0.36140522576790035,2.6940864643223166
29.94,0.04295571039711873,-3.055654790307317,-0.3176296445440305,2.7380251457632867
29.95,0.03552905918092345,-3.0705195771194123,-0.2736534952902397,2.7968660818291724
29.96,0.028309662474544337,-3.084965763108348,-0.23025664572757684,2.854709117380771
29.97,0.027034947984162783,-3.0875161689441515,-0.18723673648898229,2.9002794324551693
29.98,0.019954274946754235,-3.101681454803205,-0.14545724586622832,2.956224208936977
29.99,0.012508237238951002,-3.116575526736376,-0.10471515483239725,3.0118603719039787
30.0,0.0004995969784934298,3.1405934595912406,-0.0659528480806344,3.0766389995077117
30.01,0.013237220025418116,3.115117440318466,-0.02895047298580522,3.1391173938753156
30.02,0.028342420784105708,3.0849002201892857,0.005271485289597705,-3.079628734899688
30.03,0.04447091911220375,3.052621473086239,0.036963443323641085,-3.015658029762598
30.04,0.06414374428515296,3.01321703030802,0.06501933815048491,-2.9481976921575352
30.05,0.08366607415684674,2.974064666580414,0.08972955750858026,-2.8843351090718334
30.06,0.10335424839221943,2.9345143629590527,0.10988571322505285,-2.824628649734
30.07,0.12683381371685049,2.887239937653152,0.12582663551934536,-2.7614133021338065
30.08,0.15591752673431716,2.8284801089099862,0.1362217283967495,-2.6922583805132367
30.09,0.1816764617222746,2.776210620369505,0.14147839104044552,-2.6347322293290594
30.1,0.21518843747027433,2.7078230861380868,0.14013944435120326,-2.5676836417868834
30.11,0.24676260110544807,2.6429164141062045,0.13273979986173245,-2.510176614244472
30.12,0.2813125908550926,2.5712693245620506,0.11774513427798564,-2.453524190284065
30.13,0.32035742059844374,2.4893791154306104,0.09596014456027942,-2.393418970870331
30.14,0.35962666108783337,2.405857143645818,0.06593277059444977,-2.3399243730513684
30.15,0.4010338997950736,2.316302250992324,0.029001682123672014,-2.2873005688686523
30.16,0.4406037082496246,2.229050520033145,-0.015909591293503618,-2.2449601113266486
30.17,0.4869761082065848,2.1243441508766043,-0.06660674743058916,-2.1909508983071935
30.18,0.530861350904287,2.022359383672489,-0.12350644026619503,-2.145865823938684
30.19,0.5719423356122255,1.9238491345553834,-0.1834760329575889,-2.1073251675129723
30.2,0.6173504017960648,1.8108522669009115,-0.24635265677086815,-2.0572049236717795
30.21,0.6534411292383729,1.7173497551050148,-0.30856049041623446,-2.025910245521249
30.22,0.687328228112199,1.6259841504305135,-0.369938870630767,-1.9959230210612804
30.23,0.720538081598758,1.5324366659449897,-0.4273151077309639,-1.9597517736759535
30.24,0.7480912711531144,1.4512305454855001,-0.4811099105785904,-1.9323404560640904
30.25,0.7722831522118294,1.3767380901970792,-0.5290500947955256,-1.9057881849926046
30.26,0.7956484356574104,1.3014380928795073,-0.572211766465351,-1.8736498593448583
30.27,0.8113376247382965,1.2487192846490827,-0.6091399001759084,-1.857859184824991
30.28,0.8294912802471048,1.185200190665954,-0.6412741623018503,-1.8264743529678042
30.29,0.8367430826974314,1.158976167365484,-0.667655868110434,-1.826632035475918
30.3,0.8445816003428387,1.130026147932591,-0.689787210490141,-1.819813358422732
30.31,0.8509250452198384,1.1061050180714256,-0.7069391238778219,-1.8130441419492476
30.32,0.8588435780271003,1.0755770653780632,-0.7205096142392372,-1.7960866796173005
30.33,0.8600889607481202,1.0707045927311345,-0.7298526649241224,-1.8005572576552569
30.34,0.8612141566429247,1.066285069743485,-0.7362065610945134,-1.8024916308379983
30.35,0.8619068585740832,1.0635560408027716,-0.7389452292541443,-1.8025012700569158
30.36,0.858310814246769,1.077655397010566,-0.7391483405192604,-1.8168037375298265
30.37,0.8561187147149572,1.0861691413376344,-0.7361882848407936,-1.8223574261784279
30.38,0.8428841195854345,1.1363510462513648,-0.7310077003427248,-1.8673587465940895
30.39,0.844582334786207,1.1300234045357969,-0.7229730216619921,-1.852996426197789
30.4,0.8192035145736593,1.2215509934884123,-0.7129149330789576,-1.9344659265673698
30.41,0.8153644688723869,1.234875748367025,-0.7001952729697497,-1.9350710213367748
30.42,0.7846568627916064,1.337307806250459,-0.6855551656025252,-2.0228629718529842
30.43,0.7655759966499307,1.3977203159874463,-0.6683546434583673,-2.0660749594458134
30.44,0.7200751208193537,1.5337715089628015,-0.6492636303903214,-2.1830351393531227
30.45,0.6890278009624241,1.6212991712905171,-0.6276433370284169,-2.248942508318934
30.46,0.6327037791904382,1.7715131922864575,-0.6041073415621977,-2.375620533848655
30.47,0.5906487937329642,1.8778673877169547,-0.5780212795454398,-2.4558886672623945
30.48,0.5302119044086124,2.023891707926673,-0.5499549075499056,-2.5738466154765787
30.49,0.4755003426121027,2.150527254882739,-0.5192824261324548,-2.669809681015194
30.5,0.39514078974999023,2.3291504373073826,-0.4865413354121675,-2.8156917727195503
30.51,0.341268990989514,2.4450594397014327,-0.45112033579103705,-2.89617977549247
30.52,0.24301952494028367,2.6506376798803077,-0.4135366888535025,-3.06417436873381
30.53,0.23185540185158032,2.673623397529078,-0.3732023378275756,-3.046825735356654
30.54,0.13464497620213073,2.871482318891681,-0.3306280931940036,3.0810748950939018
30.55,0.09740078787887468,2.946481744476279,-0.28526159067814066,3.0514419720251666
30.56,0.055503947473009296,3.0305276826983127,-0.2376236775662921,3.0150339469149814
30.57,0.009143753798204141,3.1233048911527623,-0.18721417087692913,2.972666245149895
30.58,0.020657154279615595,-3.1002754062061935,-0.13458310519270864,2.965692301013485
30.59,0.07029869064764467,-3.000879210833108,-0.0793020030691165,2.9215772077639914
30.6,0.10685814181398869,-2.9274675400426133,-0.021970004550322546,2.905497535492291
30.61,0.1385819820873766,-2.8635337795403824,0.03775040734568158,2.901284186886064
30.62,0.16488244114275796,-2.810315013718918,0.0991949112278872,2.9095099249468053
30.63,0.19306133003034878,-2.7530302084830183,0.16259722868846796,2.9156274371714863
30.64,0.22395732151127365,-2.6898465525224564,0.2272228398299495,2.917069392352406
30.65,0.24420541018128342,-2.6481922344426185,0.29320316229166543,2.941395396734284
30.66,0.26900420214423754,-2.5968747071987828,0.35974695101870446,2.9566216582174873
30.67,0.2934203104291988,-2.5459873030664903,0.42690501718516816,2.9728923202516584
30.68,0.31315600810221994,-2.504563899436222,0.49386405720932824,2.9984279566455503
30.69,0.32785314064473403,-2.4735322232081303,0.5606346557443314,3.034166878952462
30.7,0.34519996043405976,-2.4366889856046665,0.626430648315926,3.0631196339205924
30.71,0.3621515347734837,-2.400442493966679,0.6912700721322433,3.0917125660989226
30.72,0.37362056850712205,-2.375774250617444,0.7544425677653748,3.1302168183828187
30.73,0.38229261551610016,-2.357040450327916,0.816012281572564,-3.1101325752791067
30.74,0.38571527726888216,-2.3496267210024637,0.8753776139584462,-3.0581809722186764
30.75,0.3923896107403042,-2.335136397944587,0.9326671133747106,-3.015381795860289
30.76,0.3883381480974728,-2.343937616185236,0.9873990221049931,-2.9518486688893573
30.77,0.3924875131127087,-2.3349235153816346,1.0397639381232637,-2.9084978536746884
30.78,0.38529256675444623,-2.350542961776417,1.089393687507707,-2.843248657895462
30.79,0.37853129271153896,-2.3651746566356326,1.1365259971696036,-2.7814846533743505
30.8,0.37074912491243006,-2.3819616526490455,1.1808920715198146,-2.7203315830107266
30.81,0.3576867863286181,-2.410013412726786,1.2227586176665004,-2.6504132767863005
30.82,0.34507734609890944,-2.436950269738781,1.2619417763529512,-2.584293261087854
30.83,0.3266343313258839,-2.476111877956606,1.298721654722218,-2.5083517745007624
30.84,0.311595872283961,-2.5078485396526307,1.3329880882864624,-2.442348679240493
30.85,0.2930923925616512,-2.5466732994282495,1.3650231998769349,-2.371488807874402
30.86,0.2727953199997834,-2.5889979336611644,1.3947824821446329,-2.299404891373789
30.87,0.25068025240717956,-2.634826892391482,1.4225419452688064,-2.225816469519298
30.88,0.2291824227889615,-2.679117320811258,1.448316372386249,-2.155751613982079
30.89,0.20870005909453476,-2.7211015330489534,1.4723690437422543,-2.089714730388379
30.9,0.18844672148696143,-2.76243207332456,1.494767765366291,-2.0259854684887353
30.91,0.1659776907932501,-2.8080939108824707,1.5157565491807656,-1.95933484711635
30.92,0.14373645976652158,-2.8531205431138877,1.5354492201589593,-1.8946155439067396
30.93,0.12818432879041025,-2.884516678423194,1.5540634118739354,-1.844605216882457
30.94,0.10810644467391015,-2.924956387040898,1.5717513154991816,-1.7864776046395072
30.95,0.09077859068642949,-2.95978518163907,1.5886966443597759,-1.7347034811807407
30.96,0.07655650908646458,-2.9883296762515843,1.6050824509614645,-1.6897731799665379
30.97,0.058839999216059015,-3.023844644933736,1.6210512093107756,-1.6382894529350747
30.98,0.0477411149583372,-3.0460741156815088,1.6368105500743484,-1.6003006414237293
30.99,0.038462042839589976,-3.0646495892720735,1.6524553932945931,-1.5660803246129198
31.0,0.0253268617565778,-3.0909335132083626,1.6682137830520856,-1.5240380109191383
31.01,0.016169114667051853,-3.1092530150039908,1.6841283534728673,-1.4898039387027284
31.02,0.010176470256534275,-3.121239361766744,1.7004459321981387,-1.4615000132147036
31.03,0.006391463094245791,-3.128809640367574,1.7171539378153697,-1.437221728996643
31.04,0.0009358406704854665,3.1397209719756196,1.734518752346235,-1.4052022196293847
31.05,0.0028066495161323743,3.135979347187913,1.7524713473622187,-1.3835079998256943
31.06,0.005980292738041142,3.1296319968196973,1.7713002729620453,-1.358331723857652
31.07,0.006410279798633567,3.128772006187832,1.7908802429134527,-1.3378917632743792
31.08,0.007704759022546506,3.126182983080624,1.8115256683649348,-1.314657314715689
31.09,0.008968485910947635,3.1236554413029074,1.8330563286773158,-1.2905991126255918
31.1,0.002768152449984528,3.136056341619322,1.8558165016137003,-1.2802398400056219
31.11,0.004302473762687917,3.1329876795160967,1.879573300660282,-1.2534143788558147
31.12,0.0004231402472995145,3.1407463730699403,1.9047045481736522,-1.2360418248962879
31.13,0.002775693641021071,-3.1360412591793057,1.9309278419651985,-1.2162162060350825
31.14,0.009134152735333008,-3.1233240940804405,1.9586574348612242,-1.201203778237922
31.15,0.018155010039662335,-3.1052806385575584,1.987565468948912,-1.1903391996731159
31.16,0.022776741957445938,-3.0960352300492544,2.0181044223561453,-1.169045654774187
31.17,0.029051136191210882,-3.083482205353837,2.04990600338002,-1.1497970984457297
31.18,0.03854183599032583,-3.064489884553573,2.0834614424650333,-1.13523398016098
31.19,0.0426635882559012,-3.0562395706911656,2.118367997405913,-1.1085777390825076
31.2,0.05258337187978351,-3.0363773848946978,2.1551547960984587,-1.0916531261864302
31.21,0.06383296319309377,-3.0138398689118606,2.1933914622960864,-1.0759539759716397
31.22,0.07271950060658396,-2.996025163092458,2.2336426632609805,-1.0535174808261478
31.23,0.08321776646362698,-2.9749644197358163,2.275457710930057,-1.0327631765137133
31.24,0.0925523730585129,-2.9562226175097672,2.3194327381868236,-1.0075299514829956
31.25,0.10697947054331788,-2.927223483592464,2.365103971451071,-0.9908578521360512
31.26,0.1189079080940594,-2.9032128248370794,2.4130928124801643,-0.966879669862343
31.27,0.12806347952722413,-2.884760385542689,2.462928571927716,-0.9354963497091815
31.28,0.14198696921306417,-2.8566557869068117,2.515248875792385,-0.91128064448039
31.29,0.15535780605353947,-2.8296133598436217,2.569579825872129,-0.8839921214638358
31.3,0.16989459442963875,-2.800147238378311,2.6265622235396178,-0.8564758452616581
31.31,0.1838279614383963,-2.7718339118637,2.6857183131827465,-0.8256330821331401
31.32,0.19868559299871222,-2.741559467617801,2.7476734152041202,-0.793952424357665
31.33,0.21465773222980647,-2.7089098942770606,2.8119386745409196,-0.7623367383616063
31.34,0.23108462052465745,-2.675207994656196,2.879097906174432,-0.7288794063489581
31.35,0.24462901772399004,-2.6473185197244273,2.9486353384659574,-0.6872314489892016
31.36,0.2645312003964477,-2.606157106754512,3.021058927176792,-0.6559692732482827
31.37,0.28065271217710475,-2.5726444831755617,3.0958013432136213,-0.6147394807904032
31.38,0.29898369537777514,-2.534337742581598,-3.1099314411242984,-0.5755936985427007
31.39,0.3180247963699273,-2.49430187310135,-3.0304170764171516,-0.5361152033158015
31.4,0.33576802660985716,-2.456751704655717,-2.9486058854145316,-0.49185418075881465
31.41,0.35596906553545904,-2.4136909465857834,-2.865249878839918,-0.4515589322541348
31.42,0.3758819498482782,-2.3708959845396036,-2.780293356533367,-0.4093973719937637
31.43,0.3964179430822541,-2.326369015034331,-2.6945899344799162,-0.36822091944558527
31.44,0.4121776746042393,-2.2919068050041034,-2.608250006623583,-0.31634320161947954
31.45,0.43218358181936667,-2.2477671059952633,-2.522184594020995,-0.2744174880257313
31.46,0.4494058966632423,-2.2093922886856623,-2.4366103875468084,-0.227218098861146
31.47,0.46760083712667233,-2.1684433471820306,-2.3524103247971677,-0.18396697761513706
31.48,0.48484198840361503,-2.1292276701452746,-2.269815865534752,-0.14058819538947695
31.49,0.5073850470731303,-2.0772976656439535,-2.189583998119636,-0.11228633247568273
31.5,0.5240878598759571,-2.0383051523662137,-2.111876701209095,-0.07357154884288104
31.51,0.5379562928718485,-2.0055710059194753,-2.0372564321280136,-0.0316854262085381
31.52,0.5530706575168836,-1.9695018188548905,-1.9657743926442568,0.0037274262106337455
31.53,0.5658199755445602,-1.938737868837237,-1.8977814680554526,0.040956400781784544
31.54,0.5848917770990093,-1.8920994018192572,-1.8332252629250965,0.05887413889416078
31.55,0.600664431612629,-1.852928839110992,-1.772269368501281,0.08065947060971101
31.56,0.6112748717198918,-1.8262517330789632,-1.7147924829978038,0.11145925008115938
31.57,0.632848236974559,-1.7711400777945034,-1.6608109565524711,0.11032912124203231
31.58,0.6419903616250243,-1.747409811173282,-1.61017256635311,0.13723724482017213
31.59,0.6587049686739798,-1.7034001261614524,-1.5627829283414116,0.1406171978200408
31.6,0.676116410289031,-1.656634900942086,-1.5184874350968987,0.1381474658451874
31.61,0.6949346722350955,-1.6049345599502332,-1.4771072683888329,0.1278272915614002
31.62,0.7102612734546678,-1.561854054479487,-1.4385028486421614,0.1233512058373257
31.63,0.7309036849907387,-1.5023023902602293,-1.40242845263644,0.09987393762378934
31.64,0.7603650313479373,-1.4138427480527715,-1.3687691495408243,0.045073598511947234
31.65,0.7730566429254062,-1.374301161415864,-1.3372248315012667,0.037076329914597195
31.66,0.7978467335504704,-1.294162696912497,-1.3077108442060463,-0.013548147293549312
31.67,0.8188960529967739,-1.2226228065300806,-1.2798831881423183,-0.057260381612237635
31.68,0.8448375587132729,-1.1290696962559135,-1.2536915647880835,-0.12462186853217011
31.69,0.8661590090849998,-1.0466630062596807,-1.2287579218764202,-0.18209491561673938
31.7,0.8873449125180373,-0.9584830632321251,-1.205069777476575,-0.24658671424445003
31.71,0.8998034890831627,-0.902954858288869,-1.1822242681985813,-0.2792694099097124
31.72,0.9222943607855436,-0.7936416786770617,-1.1602494945801325,-0.3666078159030707
31.73,0.9344501331145284,-0.7281691326630396,-1.1387258177535644,-0.4105566850905248
31.74,0.950411075842926,-0.6324825709225218,-1.1177235424515648,-0.48524097152904305
31.75,0.9611600505349829,-0.5592424169737654,-1.0968124259887309,-0.5375700090149654
31.76,0.9683733201439901,-0.5043396324050406,-1.0761051224805918,-0.5717654900755512
31.77,0.976143841922278,-0.4377361659852299,-1.0551647757390772,-0.6174286097538473
31.78,0.9802074744999056,-0.3985791062283718,-1.03414507943577,-0.6355659732073982
31.79,0.9840169687363002,-0.35805909994727675,-1.0126045131350658,-0.6545454131877891
31.8,0.988388901445233,-0.30507229293497,-0.9907354227978213,-0.6856631298628513
31.81,0.9908738184976793,-0.27040852918250763,-0.9680920405870392,-0.6976835114045316
31.82,0.993878701375069,-0.22140558057269724,-0.9449024994993274,-0.7234969189266302
31.83,0.9957122650565494,-0.18527390671336103,-0.9207163689524435,-0.7354424622390825
31.84,0.996779732563001,-0.16054899006764733,-0.8957948882701366,-0.7352458982024893
31.85,0.9979501705889887,-0.12807904103841355,-0.8696824462143419,-0.7416034051759283
31.86,0.9986832651853256,-0.10264594999421595,-0.8426715056436738,-0.7400255556494578
31.87,0.9991515232528,-0.08239401724981874,-0.814301313766305,-0.7319072965164862
31.88,0.9996980733231964,-0.04914809223670284,-0.7848949866206036,-0.7357468943839008
31.89,0.9999497514397333,-0.020049734380686496,-0.7539877745640583,-0.7339380401833718
31.9,0.9999886444969219,-0.009531222196243107,-0.7219345934913034,-0.7124033712950604
31.91,0.9999946563228885,0.0065383067353274645,-0.6882693677888867,-0.6948076745242141
31.92,0.9998542104711944,0.034151787229896875,-0.6533819583767191,-0.687533745606616
31.93,0.9997087811680546,0.048268662113442364,-0.6168094171585455,-0.6650780792719879
31.94,0.9994056536384531,0.06895826247692122,-0.5789817968722594,-0.6479400593491805
31.95,0.9989511347909265,0.09160998257448041,-0.5394455141554462,-0.6310554967299267
31.96,0.9985954707593535,0.10601351414141426,-0.4986779641637705,-0.6046914783051848
31.97,0.9981030474162855,0.12320885115814874,-0.4562425353251289,-0.5794513864832775
31.98,0.9975008446742475,0.14142692764650758,-0.4126723382820703,-0.5540992659285779
31.99,0.9970043688260054,0.15484516148117528,-0.3675556859762751,-0.5224008474574504
32.0,0.9969343294231171,0.1566457978507185,-0.3214896619416543,-0.47813545979237276
32.01,0.9961639837276888,0.17523632700192254,-0.27409404694550904,-0.4493303739474316
32.02,0.9950813674727758,0.19844737301314241,-0.22603603673159572,-0.42448340974473814
32.03,0.9952937055393505,0.19411317596043967,-0.17696967707387745,-0.37108285303431704
32.04,0.9946865490814076,0.20626513146672582,-0.1276340060162214,-0.3338991374829472
32.05,0.9949741922241223,0.20059956565591716,-0.07771408707700615,-0.2783136527329233
32.06,0.9940782974860192,0.2177623693371644,-0.02801643231442273,-0.2457788016515871
32.07,0.994431354958937,0.21116478931632285,0.02175334474798722,-0.1894114445683356
32.08,0.994557342213843,0.20876018876366953,0.07073161516942204,-0.13802857359424744
32.09,0.9949085088272475,0.20190725783034674,0.11920886624422215,-0.08269839158612459
32.1,0.9957185514196772,0.1851379422353836,0.16627797532827432,-0.018859966907109307
32.11,0.9963155540807437,0.17173725672634932,0.21224485350803707,0.040507596781687735
32.12,0.9969300448305292,0.15675528003740058,0.25617082145856845,0.09941554142116787
32.13,0.9976084550366595,0.13834735471624574,0.29839438039708616,0.16004702568084042
32.14,0.9984548187326282,0.11119637987913779,0.33795008194888393,0.22675370206974615
32.15,0.9991456190142548,0.0826802358301521,0.37522002617379413,0.29253979034364197
32.16,0.9996013165363805,0.0564772490727855,0.4092057478046192,0.3527284987318337
32.17,0.9999683296653917,0.0159174122967444,0.4403364673145117,0.42441905501776733
32.18,0.9999197945598104,-0.025330852708056305,0.4675622842520263,0.4928931369600825
32.19,0.9994572019540047,-0.06589975162668249,0.49135754236163026,0.5572572939883128
32.2,0.9982419067030626,-0.11861226537798131,0.5105919562340372,0.6292042216120185
32.21,0.9967208562765559,-0.1620108002029155,0.5257826619915502,0.6877934621944658
32.22,0.9940772976207695,-0.21778077107321916,0.5356840795674661,0.7534648506406852
32.23,0.990738204761984,-0.27241332511340877,0.5408627757058705,0.8132761008192793
32.24,0.9861643304789701,-0.3330788741450243,0.5399269053267195,0.8730057794717438
32.25,0.9802363948698353,-0.39828683569539025,0.533525113556026,0.9318119492514164
32.26,0.9713488712387882,-0.4799083105839016,0.5201137526065531,1.0000220631904546
32.27,0.9636046037676894,-0.5412454904471128,0.5005130067688107,1.0417584972159235
32.28,0.9528584691562612,-0.6165494049271334,0.4730882117331427,1.0896376166602761
32.29,0.939762523864746,-0.6977228201027332,0.4390213261926952,1.1367441462954284
32.3,0.9235158476563126,-0.7872966968667792,0.39676581866426863,1.1840625155310478
32.31,0.9057521810131108,-0.8752902823610121,0.34817437328947654,1.2234646556504887
32.32,0.8836934220871445,-0.9742023051406586,0.2920798190283857,1.2662821241690443
32.33,0.8601743882148277,-1.0703696303797783,0.23130757527333987,1.301677205653118
32.34,0.8352270383569244,-1.1645016055345607,0.16527343662211372,1.3297750421566745
32.35,0.8064055018911577,-1.2654959585845467,0.0977207523015609,1.3632167108861075
32.36,0.7752647197234558,-1.3673244762420245,0.02842820543243255,1.395752681674457
32.37,0.7418237436409422,-1.4700209062186718,-0.038590650748944716,1.4314302554697271
32.38,0.7121574885480315,-1.5564592586421655,-0.10379905910399063,1.452660199538175
32.39,0.683699621935954,-1.6359520715728093,-0.16373918701639462,1.4722128845564146
32.4,0.6542681645520062,-1.7151636240287988,-0.2195308731717234,1.4956327508570755
32.41,0.6267241540203186,-1.7869083018286616,-0.26863006528268163,1.51827823654598
32.42,0.606363241874699,-1.8386344258838045,-0.31272223230998786,1.5259121935738167
32.43,0.5811595125462236,-1.9012870581015675,-0.3500256456818139,1.5512614124197537
32.44,0.56457909848842,-1.941746223218906,-0.38245630084955684,1.559289922369349
32.45,0.5419718807850673,-1.996029237110385,-0.408693228179057,1.587336008931328
32.46,0.5265583596880691,-2.0324983749582,-0.43061005633790517,1.6018883186202948
32.47,0.5065448143889281,-2.079247236945476,-0.4471211262634798,1.6321261106819966
32.48,0.4958798562298086,-2.103897170486609,-0.45992570441859165,1.6439714660680174
32.49,0.4882718212438255,-2.1213759183901137,-0.46805298473384693,1.653322933656267
32.5,0.48009080969319445,-2.1400761946368188,-0.4729939726446999,1.6670822219921189
32.51,0.4679449609222564,-2.167664653268268,-0.47383922472956763,1.6938254285387007
32.52,0.4677585175924025,-2.1680865628888752,-0.4718835234581482,1.696203039430727
32.53,0.4601887886277703,-2.185176994684622,-0.4662578303276058,1.7189191643570163
32.54,0.45580711090431336,-2.195035073720175,-0.4580877916230972,1.736947282097078
32.55,0.4495234319461656,-2.209129139616849,-0.44653746632352276,1.7625916732933262
32.56,0.4480820826336038,-2.212354967366566,-0.4325918952299308,1.7797630721366353
32.57,0.45102582084115034,-2.2057639120731163,-0.41544631265547305,1.7903175994176435
32.58,0.46018510037190197,-2.185185303232279,-0.39597067378487455,1.7892146294474045
32.59,0.44649350352208095,-2.2159072864221585,-0.3733919559297624,1.8425153304923962
32.6,0.45255760194947026,-2.2023298997920673,-0.348487124669945,1.8538427751221223
32.61,0.4567901053282641,-2.19282566710573,-0.32051748621693954,1.87230818088879
32.62,0.4543774436747056,-2.1982462067075574,-0.2901868702789181,1.9080593364286391
32.63,0.45612516538004233,-2.194320342244872,-0.25679609795277253,1.9375242442920992
32.64,0.46112701591538724,-2.183062864748653,-0.22099518933907403,1.9620676754095792
32.65,0.46874494355995644,-2.165853807067155,-0.18213324404512207,1.9837205630220331
32.66,0.47520527876883123,-2.1511980105873114,-0.14082697127851126,2.0103710393088003
32.67,0.4790709450912534,-2.142400678750265,-0.09648696042630123,2.045913718323964
32.68,0.4824840727534552,-2.134615628918548,-0.049719418608979354,2.084896210309569
32.69,0.4907086950893225,-2.11578681083901,-1.4151692588568196e-05,2.1157726591464217
32.7,0.49794666652349223,-2.099133836183719,0.052008276060717465,2.1511421122444365
32.71,0.5046881150447927,-2.0835513391231197,0.106758372109643,2.190309711232763
32.72,0.5130627830039948,-2.0640942180034583,0.16357709073416277,2.227671308737621
32.73,0.5170555938838826,-2.0547777695240828,0.22275679186703853,2.2775345613911213
32.74,0.5217966581645607,-2.0436812408312006,0.28358273072893675,2.3272639715601375
32.75,0.5348336202315338,-2.0129710019942166,0.34622068256856076,2.359191684562777
32.76,0.539320824041536,-2.0023319040377143,0.4098986774023507,2.412230581440065
32.77,0.5482583296017008,-1.9810321639300519,0.47466655940466856,2.4556987233347205
32.78,0.551166456452906,-1.9740695342663979,0.5397167601296813,2.513786294396079
32.79,0.5564442095256664,-1.9613924241310463,0.6050175349391592,2.5664099590702056
32.8,0.5594054344331779,-1.9542560005688299,0.6697701755395653,2.624026176108395
32.81,0.5608837848773037,-1.9506868066717684,0.733913430749306,2.6846002374210745
32.82,0.5638269323075714,-1.9435682517131379,0.7967126749293997,2.7402809266425376
32.83,0.558752270937702,-1.9558315695494242,0.8581303471627544,2.8139619167121785
32.84,0.5570436275130146,-1.959949233009039,0.9175427644889369,2.877491997497976
32.85,0.5520357250585982,-1.9719852270878795,0.974972240398509,2.9469574674863885
32.86,0.5443477538296654,-1.9903698949561501,1.0299301463953954,3.0203000413515455
32.87,0.5369117542423828,-2.0080482538621696,1.0825097156660168,3.090557969528186
32.88,0.5226763362565248,-2.041618207415375,1.1323572960883843,-3.109209803675827
32.89,0.5136015366382861,-2.0628386600356436,1.1796277603183527,-3.0407188868255903
32.9,0.4942217371710626,-2.1077139231464073,1.2240870767482088,-2.9513843072849704
32.91,0.4778203077438397,-2.1452491312691935,1.2659331668597902,-2.872003009050603
32.92,0.4539618685154021,-2.1991791241349024,1.3050317029476834,-2.7789744800970007
32.93,0.43236182876180096,-2.247371767285343,1.3416049234019858,-2.6942086164922574
32.94,0.40800561713468436,-2.3010556220539886,1.3756003345216126,-2.606529350603985
32.95,0.38285130209114565,-2.355831074749671,1.4072497372437072,-2.520104495186208
32.96,0.35983201018361044,-2.4054169794062483,1.4365684601605129,-2.4411998676128253
32.97,0.3325158761317378,-2.4636526577824993,1.4637872310433544,-2.3557454183537327
32.98,0.3052488611368622,-2.52119314907422,1.488978118110148,-2.2730140399952186
32.99,0.27846980288101325,-2.577191606494878,1.5123627267804924,-2.193630973904216
33.0,0.24891219498039624,-2.6384787783584662,1.5340601728374952,-2.1106463559836253
33.01,0.22307534824142447,-2.691656285031926,1.5542759695859636,-2.037253052561697
33.02,0.19974352882455407,-2.739400317624285,1.573167030796467,-1.9706179587588348
33.03,0.17295371287247416,-2.7939370717021164,1.590916143477492,-1.8983320919999782
33.04,0.15239959173055637,-2.8356011064432267,1.6077091684480556,-1.839875032288304
33.05,0.12870120678353833,-2.883474288226405,1.623699918855058,-1.7760111000981236
33.06,0.10746362084474531,-2.926249568508591,1.6390953715388712,-1.7178403671321243
33.07,0.08865925183791484,-2.9640410234309176,1.654015012253234,-1.6651292714954349
33.08,0.0702369665802723,-3.0010029648679053,1.6686809447541013,-1.6135013975575798
33.09,0.050920144607300495,-3.0397083033247494,1.6831744092171146,-1.5603025946377227
33.1,0.03380019939008649,-3.073979376469255,1.6977290858132885,-1.5114768448970433
33.11,0.02549634550043177,-3.0905944362231548,1.7123857591473777,-1.4802051118090542
33.12,0.01242670434533242,-3.116738605198432,1.7273887186454449,-1.4390579833357098
33.13,0.0019794013722127662,-3.1376338482602453,1.7427377024852677,-1.4028137564340735
33.14,0.0053250003638612075,3.130942602530184,1.7586889213214227,-1.3722536812087611
33.15,0.013087281349250695,3.11541734365056,1.7752017302841654,-1.3402156133663943
33.16,0.018559049717261845,3.104472423008923,1.7925472554980395,-1.3119251675108836
33.17,0.025108229954208316,3.0913709159136666,1.810645913794094,-1.2807250021195729
33.18,0.030115735076827455,3.0813520751543533,1.8297877300130783,-1.251564345141275
33.19,0.0331309254359647,3.0753186745820456,1.8498559813322615,-1.2254626932497839
33.2,0.03178138124846068,3.0780191858993815,1.8711639247400471,-1.2068552611593342
33.21,0.03164168194197277,3.078298725103219,1.893559554984743,-1.1847391701184762
33.22,0.029981950096991332,3.0816197659949576,1.917383533176121,-1.1642362328188367
33.23,0.031180038840089904,3.0792224671290844,1.9424503389576808,-1.1367721281714036
33.24,0.024882563410914906,3.091822390056967,1.9691316664877498,-1.1226907235692167
33.25,0.021961556520851563,3.0976660090223715,1.9972101187433675,-1.100455890279004
33.26,0.022868939586143815,3.095850786748933,2.0270912148480433,-1.0687595719008895
33.27,0.013090137517128163,3.1154116308254394,2.0585271953795954,-1.056884435445844
33.28,0.006161362348661994,3.1292698509244654,2.0919590873286973,-1.0373107635957681
33.29,0.00047071980546165937,-3.140651213944103,2.1271101284660134,-1.01542396476947
33.3,0.007562578360093722,-3.12646735269141,2.1644571008637024,-0.9922608536244738
33.31,0.014154907782869472,-3.1132818925730263,2.203695292290969,-0.9662081223155912
33.32,0.025431798105300232,-3.0907235728875597,2.2453355866957923,-0.9471261475962347
33.33,0.03327868298719959,-3.0750229964330456,2.2890457016349304,-0.9191166091116105
33.34,0.048755976427920934,-3.044042026002977,2.3353663801659033,-0.9037769010107065
33.35,0.054964695360438055,-3.0316078358773066,2.383936804945679,-0.8676406663566008
33.36,0.07051233612590195,-3.000450856895251,2.435319759871391,-0.8474146904129444
33.37,0.08084030876030865,-2.97973541483329,2.4891225481861268,-0.8143273441601695
33.38,0.09817318886831543,-2.944929503135657,2.5459173117835165,-0.7923384922604132
33.39,0.10977745017106556,-2.9215943652671417,2.605272406339922,-0.7563185355725229
33.4,0.12449909265377739,-2.891946693484788,2.667750370563462,-0.7234882431313363
33.41,0.14297458324210113,-2.8546601989137153,2.7328685021343078,-0.6956566061315634
33.42,0.1553693202937442,-2.8295900482995187,2.8011535313604154,-0.6524417275196523
33.43,0.1730182121103916,-2.793806098715475,2.8720541109764146,-0.6173250974876968
33.44,0.18952595755919385,-2.7602339909924494,2.9460284149481666,-0.5769229012389705
33.45,0.2102746995104022,-2.717880787844834,3.022435416704247,-0.5428691026305057
33.46,0.22880912489426386,-2.6798842971486097,3.101629699004182,-0.5016713110267949
33.47,0.2469605330704409,-2.642507907195117,-3.10032275263482,-0.45781484543970297
33.48,0.26519322636536025,-2.6047840166123533,-3.0168281399938985,-0.41204412338154545
33.49,0.2849260892287798,-2.5637340127927195,-2.931931385696011,-0.3681973729032915
33.5,0.30172347162612173,-2.528592938142635,-2.8455474023183305,-0.31695446417569584
33.51,0.32225493218920087,-2.4853715940337002,-2.758621571010277,-0.2732499769765771
33.52,0.34623674964446277,-2.434479144542057,-2.671180739246638,-0.23670159470458063
33.53,0.35891909142088363,-2.4073735281486517,-2.5841965137025467,-0.1768229855538949
33.54,0.3761883419850846,-2.370234662819303,-2.4977501487621723,-0.1275154859428693
33.55,0.39235393929896434,-2.335213960851707,-2.412757276393686,-0.07754331554197899
33.56,0.40947024033307267,-2.2978460223966826,-2.329285331681039,-0.03143930928435651
33.57,0.42089611290395884,-2.27272670967315,-2.248117050161215,0.024609659511935094
33.58,0.4350177270717401,-2.241476725200193,-2.1692565135379955,0.07222021166219716
33.59,0.4467889479430632,-2.215246863750809,-2.0933081117962016,0.1219387519546076
33.6,0.456543911720791,-2.1933791364740722,-2.0201988935891557,0.17318024288491665
33.61,0.47016383040943943,-2.1626398621677887,-1.9503473609776016,0.21229250119018703
33.62,0.482873004727863,-2.133727451142026,-1.8836207825098834,0.25010666863214265
33.63,0.4896363570515908,-2.1182473589815136,-1.8202693391362594,0.29797801984525424
33.64,0.5049663953291762,-2.082906590018682,-1.760131259235118,0.3227753307835641
33.65,0.506786976075766,-2.0786854697395505,-1.703313561153256,0.3753719085862943
33.66,0.5164925598108632,-2.056093082573472,-1.6496544271974842,0.4064386553759878
33.67,0.525307378510634,-2.0354400399938215,-1.599139534319883,0.43630050567393824
33.68,0.5302279369686964,-2.023853889048017,-1.5516275641973785,0.4722263248506386
33.69,0.5424359514100816,-1.9949246317415887,-1.5069985521168923,0.48792607962469636
33.7,0.548857901047413,-1.9795979752868187,-1.465143810147183,0.5144541651396357
33.71,0.5577246216791849,-1.9583087865867292,-1.4258491143389558,0.5324596722477735
33.72,0.5738343783470949,-1.9192323296705842,-1.3890449529410989,0.5301873767294855
33.73,0.5852012223290959,-1.89133628139855,-1.3544327666658666,0.5369035147326832
33.74,0.5948944828460432,-1.867323913494964,-1.3219860756843196,0.5453378378106443
33.75,0.6093419682011226,-1.8311317960823497,-1.291332481430965,0.5397993146513846
33.76,0.6333208239412638,-1.7699190531981612,-1.2624915138332387,0.5074275393649227
33.77,0.6457564673119943,-1.7375654512220076,-1.2350286590138682,0.5025367922081395
33.78,0.670824174649034,-1.6709535502579353,-1.2090121346709637,0.46194141558697177
33.79,0.6801328739034134,-1.6457049105191068,-1.1839577427499626,0.4617471677691442
33.8,0.7135312389709878,-1.552541654993539,-1.1599844581063299,0.39255719688720886
33.81,0.7314731474607065,-1.5006328419104251,-1.1365703805721896,0.3640624613382355
33.82,0.7678251455639522,-1.39071365562745,-1.1138860377355366,0.2768276178919134
33.83,0.7899864240137902,-1.3200189440173362,-1.0913821721958423,0.22863677182149375
33.84,0.8216810202292446,-1.212884237330337,-1.0692798480936825,0.14360438923665442
33.85,0.8459742564429258,-1.1248133859183729,-1.047010388266559,0.07780299765181406
33.86,0.8672276511993197,-1.0423785009185413,-1.0248424336487003,0.017536067269840847
33.87,0.8895539213256524,-0.9488571049795234,-1.002193244485285,-0.053336139505761625
33.88,0.9035909686113891,-0.885434368954023,-0.979374441433824,-0.09394007247980099
33.89,0.9228700900218015,-0.7906570781708796,-0.9557923511872737,-0.165135273016394
33.9,0.936494493637532,-0.716599107899188,-0.9317959423187828,-0.21519683441959486
33.91,0.9518033293367535,-0.6234669398525197,-0.9067821785726904,-0.2833152387201707
33.92,0.9614198430893535,-0.5573567086674739,-0.8811314170663339,-0.3237747083988601
33.93,0.9674407807183997,-0.5117612987899027,-0.854232046054099,-0.34247074726419635
33.94,0.977205128391259,-0.4278504686613086,-0.8264901934376485,-0.39863972477633997
33.95,0.9814881514591058,-0.38542700405986885,-0.7972864217356131,-0.4118594176757443
33.96,0.9865776340164786,-0.32805488047190356,-0.7670479299091998,-0.4389930494372961
33.97,0.990247066136166,-0.2795543383455532,-0.7351488399801629,-0.4555945016346097
33.98,0.9931107113441812,-0.23489935893687405,-0.7020341438892818,-0.4671347849524076
33.99,0.9950164723383222,-0.19975329642988743,-0.6670741682406414,-0.467320871810754
34.0,0.9969286090224885,-0.15679195150085945,-0.6307303272672437,-0.47393837576638426
34.01,0.9983927295330702,-0.1134090368399767,-0.5923736757512669,-0.47896463891129015
34.02,0.9991392424645067,-0.08298824243312868,-0.5524830963661026,-0.46949485393297397
34.03,0.9997977404198507,-0.04022600140938101,-0.5104373970507177,-0.47021139564133674
34.04,0.9999592095819373,-0.01806448346906828,-0.4667368992162439,-0.44867241574717565
34.05,0.9998711847882692,0.03210208434174595,-0.4207782333164029,-0.4528803176581489
34.06,0.9994795171429276,0.0645307997000331,-0.3730904029023393,-0.4376212026023724
34.07,0.9989787902661595,0.0903939640791194,-0.3231011918483609,-0.41349515592748026
34.08,0.9978462737640932,0.13128594044056302,-0.2713786431470163,-0.40266458358757934
34.09,0.9972986244114881,0.14703993209346436,-0.21739772033240712,-0.3644376524258715
34.1,0.9954395455598084,0.19107956358740236,-0.16177775303768072,-0.3528573166250831
34.11,0.9940151598068125,0.2189213458328925,-0.1040576378629064,-0.3229789836957989
34.12,0.9918460968913136,0.25557790654059204,-0.044919229834762466,-0.3004971363753545
34.13,0.9906415700808161,0.2738329879052614,0.01602101380748227,-0.25781197409777906
34.14,0.9891824537910476,0.294443283279012,0.07801324604322694,-0.21643003723578508
34.15,0.9866443706265285,0.3272364834835913,0.14135838481285828,-0.185878098670733
34.16,0.9853538849620114,0.3427186225268958,0.20524453008178445,-0.13747409244511133
34.17,0.98297256629252,0.369604941307087,0.26989866263863793,-0.09970627866844907
34.18,0.9816425199113046,0.3838116501912617,0.334467998121312,-0.04934365206994969
34.19,0.9803968333459384,0.3966615781133755,0.39912965488972707,0.0024680767763515326
34.2,0.979178852478314,0.4088403577278624,0.46302493827397323,0.05418458054611077
34.21,0.9774179905131006,0.42584049811964375,0.5263158126891694,0.10047531456952552
34.22,0.9770506692251191,0.42930316178823114,0.5881783894424246,0.15887522765419348
34.23,0.977566088536886,0.42443653920656155,0.6487944377590945,0.22435789855253305
34.24,0.9775691743998386,0.4244072367930754,0.7074098121821517,0.2830025753890763
34.25,0.9779882620550256,0.4204090207912729,0.7642505318488808,0.34384151105760785
34.26,0.9797174026183133,0.4035000333851733,0.8186526909830525,0.4151526575978791
34.27,0.9807808431678762,0.3927445681344563,0.8708953437164373,0.47815077558198105
34.28,0.982080449185314,0.3791920507693505,0.9204093828959834,0.5412173321266329
34.29,0.9835135004563456,0.36367018622348707,0.9675222200490193,0.6038520338255323
34.3,0.9855962488409573,0.3398642387678548,1.011752819768616,0.6718885810007613
34.31,0.987300193819377,0.31908341774738436,1.0534651599729656,0.7343817422255813
34.32,0.9889703024906236,0.29732181974593,1.0922547216056049,0.7949329018596749
34.33,0.9907756029932967,0.27186192934276654,1.1285092414324842,0.8566473120897177
34.34,0.9925228257331152,0.2447285992847954,1.1618890066055922,0.9171604073207967
34.35,0.9937650641686394,0.2234533632993713,1.1927951761565116,0.9693418128571404
34.36,0.9957788146722876,0.18382945159895314,1.220942836659229,1.0371133850602758
34.37,0.9966246019426871,0.1643727143709366,1.246739588542789,1.0823668741718524
34.38,0.9976742261000507,0.13643096413583167,1.2699468141026395,1.1335158499668079
34.39,0.9984941457906686,0.10977184680908514,1.290974290329999,1.1812024435209139
34.4,0.9990568187636426,0.08687137796998168,1.3096216399613214,1.2227502619913397
34.41,0.9996450201893405,0.05329171150755568,1.3262981677427443,1.2730064562351886
34.42,0.9998158847159666,0.03837925836180788,1.3408331350737335,1.3024538767119256
34.43,0.9999864441627894,0.010413786184715983,1.3536334406767427,1.3432196544920267
34.44,0.9999975309153744,-0.004444399299582645,1.3645483724889305,1.368992771788513
34.45,0.9998436232075019,-0.03537014201667764,1.3739807695763806,1.4093509115930583
34.46,0.9996421268555971,-0.05350846601961501,1.3817894977025391,1.4352979637221541
34.47,0.99924899665827,-0.07751631371849134,1.3883719838973563,1.4658882976158476
34.48,0.9987599138213042,-0.09961295360642253,1.3935860532257667,1.4931990068321892
34.49,0.9984685587792871,-0.11070075937559265,1.3978229713250006,1.5085237307005932
34.5,0.9977515434028655,-0.13414319798047725,1.4009296126205533,1.5350728106010305
34.51,0.9969245277380749,-0.1568961434242249,1.403291282834529,1.5601874262587538
34.52,0.9963520866025756,-0.17088319838184837,1.4047354956966034,1.5756186940784518
34.53,0.9958747724742247,-0.1817265396208829,1.405642947286344,1.587369486907227
34.54,0.9946296832454935,-0.20736692826087186,1.4058153726515261,1.613182300912398
34.55,0.9941256146256886,-0.21688975635619867,1.4056313132441631,1.6225210696003618
34.56,0.993233479673946,-0.23279458914074702,1.4048624203629905,1.6376570095037375
34.57,0.9915104840602414,-0.26079195061058846,1.4038883757596992,1.6646803263702876
34.58,0.9907733097098033,-0.2718957732680643,1.402448359577793,1.6743441328458573
34.59,0.9898817038227775,-0.284751199295785,1.4009269383936145,1.6856781376893994
34.6,0.9887341899645778,-0.3004932863699717,1.3990299657618168,1.6995232521317885
34.61,0.9872440669117583,-0.31978923918221636,1.3971506833204825,1.716939922502699
34.62,0.9858280336373563,-0.33711205913717673,1.3949618509698074,1.7320739101069842
34.63,0.9850853242413867,-0.3458542874246504,1.3928688883509377,1.738723175775588
34.64,0.9829959795806033,-0.3693500191763886,1.3905123791975567,1.7598623983739452
34.65,0.9820163953437858,-0.37987120264783747,1.3883129146135187,1.7681841172613562
34.66,0.9795057276011021,-0.4056072982056656,1.3858801905342035,1.791487488739869
34.67,0.9772956989795201,-0.42699638619094055,1.3836523430588268,1.8106487292497673
34.68,0.9744130333247265,-0.45340342166980285,1.3812096269476464,1.8346130486174492
34.69,0.9723984424435118,-0.4709944784730534,1.3790094557757477,1.8500039342488013
34.7,0.9691341088910095,-0.4982047372435678,1.3766041235290698,1.8748088607726376
34.71,0.9668471858746487,-0.5164311061740392,1.3744714505663616,1.8909025567404008
34.72,0.9622720770691477,-0.5511266403215294,1.3721372255561697,1.923263865877699
34.73,0.9586553909478321,-0.5771148140826003,1.3701002707010477,1.947215084783648
34.74,0.9565528141671039,-0.5917127156764403,1.3678612843642377,1.959574000040678
34.75,0.9498926001486523,-0.6358084086343814,1.3659402304003616,2.001748639034743
34.76,0.9445129771410273,-0.6693751628240872,1.3638141009231513,2.0331892637472384
34.77,0.9398387909341872,-0.6972764525159223,1.3620237617484443,2.0593002142643666
34.78,0.9327055688671448,-0.7379053179561419,1.3600238734990389,2.0979291914551808
34.79,0.9253288261277842,-0.7777888246530262,1.358375650295015,2.1361644749480413
34.8,0.9197376289258073,-0.8067695396507506,1.3565128125333568,2.1632823521841074
34.81,0.9097179849265395,-0.8563839089952965,1.3550161077726433,2.2114000167679397
34.82,0.9019303037512759,-0.8931558870231666,1.3532997494578982,2.246455636481065
34.83,0.8928186876458947,-0.9344629905746242,1.3519629826056192,2.2864259731802434
34.84,0.8800453681106648,-0.9896772015672983,1.3504020121180078,2.340079213685306
34.85,0.8687466852949344,-1.0362605748977616,1.349233352275447,2.3854939271732083
34.86,0.8544294582575654,-1.0926891798112774,1.3478367830746705,2.440525962885948
34.87,0.8434313068683328,-1.1343156296319712,1.346844687337356,2.4811603169693273
34.88,0.824871970018676,-1.2016412758696684,1.3456221061693077,2.547263382038976
34.89,0.8068725503521865,-1.2639155407956082,1.3448157301447323,2.6087312709403405
34.9,0.7881861175285969,-1.3258804511746995,1.3437776644897963,2.669658115664496
34.91,0.7663979200137409,-1.3951632160580467,1.3431671936912752,2.738330409749322
34.92,0.7454375056277175,-1.4592107563532042,1.3423254196861643,2.8015361760393684
34.93,0.722925355119423,-1.5255387404260454,1.3419223570254957,2.867461097451541
34.94,0.6948899846043353,-1.6050588485734785,1.3412901775108044,2.946349026084283
34.95,0.6655603134459297,-1.685104031414995,1.341107612151542,3.026211643566537
34.96,0.6356961699559213,-1.7637725917748053,1.34070012603921,3.1044727178140152
34.97,0.6055618781470586,-1.8406491856720137,1.3407530016667268,-3.101783119840846
34.98,0.5712791338679111,-1.9254656650491366,1.3405873797287555,-3.0171322624016943
34.99,0.5352441985706239,-2.0119990204049163,1.3408927751223905,-2.93029351165228
35.0,0.5012334395104721,-2.091545422777254,1.3409885529062786,-2.8506513314960538
35.01,0.4598678427694448,-2.1858999236788064,1.3415659839481733,-2.755719399552607
35.02,0.4227499070201205,-2.268637508763479,1.3419453792734681,-2.6726024191426396
35.03,0.382516542271158,-2.3565557577510723,1.3428171287021462,-2.583812420726368
35.04,0.34156878011783637,-2.444421530255512,1.3435053886472579,-2.4952583882768162
35.05,0.30418571766450914,-2.5234256054357838,1.3446968675730169,-2.4150628341707856
35.06,0.26490596615498246,-2.605379847041938,1.3457226476834196,-2.3320828124542285
35.07,0.22174112236286103,-2.6943932890504345,1.347262790832186,-2.241529227296966
35.08,0.18665533149140173,-2.766079579367306,1.3486585672192364,-2.168447160593044
35.09,0.15490309939053343,-2.830533917454563,1.3505802618474803,-2.1020711278775432
35.1,0.1146893166978174,-2.9117081595405407,1.352382774726088,-2.019094372912958
35.11,0.08219417613699978,-2.977018638249173,1.3547233210107448,-1.951443347919669
35.12,0.05068031363458338,-3.0401885853948367,1.3569740459429935,-1.8860226758417562
35.13,0.015414873864776425,-3.1107616847774406,1.359775644330706,-1.81264797807144
35.14,0.008102285626548283,3.1253879050344566,1.362521284977046,-1.7628666200574106
35.15,0.036872443869565355,3.0678310453085413,1.3658315434886894,-1.701999501819852
35.16,0.06391955028882494,3.013666340344933,1.3691245370824414,-1.6445418032624914
35.17,0.08471567756428658,2.971957980183306,1.3729969890184,-1.598960991164906
35.18,0.1075719439177013,2.926031659177382,1.3768960132368084,-1.5491356459405738
35.19,0.124303466372531,2.8923410090956168,1.3813906333279344,-1.5109503757676825
35.2,0.14576900318092065,2.849012185730928,1.3859611010153756,-1.4630510847155525
35.21,0.16074158652238613,2.818708725932271,1.3911448061476692,-1.427563919784602
35.22,0.17413011279466134,2.7915480214131376,1.3964593328610577,-1.3950886885520801
35.23,0.1886908119150825,2.7619349745082418,1.4024064525298814,-1.3595285219783604
35.24,0.2010995217661247,2.7366321650143663,1.4085452816571842,-1.3280868833571822
35.25,0.21649177742995726,2.7051534799660635,1.4153379838631832,-1.28981549610288
35.26,0.22394360737128857,2.6898746956222985,1.4223893557627554,-1.2674853398595434
35.27,0.2332356839751678,2.6707850203419583,1.4301180168296799,-1.2406670035122782
35.28,0.24405110142214526,2.648510481167421,1.4381784727761675,-1.2103320083912534
35.29,0.25106692260154906,2.6340280034125927,1.4469419852917473,-1.1870860181208451
35.3,0.26186458152215164,2.611685258902941,1.456116604746124,-1.155568654156817
35.31,0.2682214367677759,2.5984999692618347,1.466022627235719,-1.1324773420261156
35.32,0.273252824930174,2.5880467870689112,1.476425208784496,-1.1116215782844152
35.33,0.2786899162980156,2.5767332341031173,1.4875903744799797,-1.0891428596231376
35.34,0.28450842338448307,2.564605410290448,1.4993435872906624,-1.0652618229997854
35.35,0.2872532475767678,2.5588766716294566,1.5118937079569241,-1.0469829636725325
35.36,0.29111646342596603,2.55080537308352,1.52512926215937,-1.0256761109241503
35.37,0.2996279708372655,2.532987282813451,1.5391995866849268,-0.9937876961285244
35.38,0.2983919076359873,2.5355779316316793,1.5540584978650471,-0.981519433766632
35.39,0.30068516815070606,2.5307706803944447,1.5697941142775464,-0.9609765661168982
35.4,0.30733435367884415,2.516811574498504,1.5864271691789944,-0.9303844053195097
35.41,0.30762698294011104,2.516196519205802,1.60398367275706,-0.9122128464487416
35.42,0.31743362010022247,2.495548841713818,1.6225522400280707,-0.8729966016857472
35.43,0.3171975444228649,2.496046723606686,1.6420968288817228,-0.8539498947249632
35.44,0.31775236928097755,2.4948765361601435,1.662774199749249,-0.8321023364108945
35.45,0.32484324869723286,2.4799006862900086,1.6844874019838292,-0.7954132843061797
35.46,0.3254297434826317,2.4786603030731076,1.707460890157439,-0.7711994129156683
35.47,0.3272762032130293,2.4747534761342296,1.731539172256665,-0.7432143038775645
35.48,0.3368819542664117,2.454386039680789,1.7570132482753,-0.6973727914054887
35.49,0.3371010758278094,2.4539205701666544,1.7836727998550923,-0.6702477703115624
35.5,0.34286652571014237,2.4416592545347933,1.8118735782628816,-0.6297856762719115
35.51,0.34739755535579575,2.4320039014009436,1.8413556075031465,-0.5906482938977972
35.52,0.3490952509330968,2.42838177548696,1.8725370361442086,-0.5558447393427514
35.53,0.35371494764233685,2.4185129709989117,1.9051149288589824,-0.513398042139929
35.54,0.35882884200334797,2.4075669088399065,1.9395670274849057,-0.46799988135500076
35.55,0.3634944940473651,2.3975601678098224,1.9755556908625493,-0.42200447694727317
35.56,0.36950604751227806,2.3846378702025968,2.0136151080598514,-0.3710227621427455
35.57,0.3744265528820614,2.374036127423463,2.0533826764362275,-0.3206534509872354
35.58,0.37724763928326327,2.367947573603595,2.095445593827115,-0.2725019797764801
35.59,0.3799187330010507,2.362175772467778,2.139427299232285,-0.22274847323549274
35.6,0.3859903471617803,2.3490304025216773,2.1859641462225103,-0.16306625629916682
35.61,0.39004826425302125,2.3402246375830744,2.234677328298461,-0.10554730928461377
35.62,0.3930711620713074,2.333654206573832,2.2862475809750245,-0.04740662559880764
35.63,0.39554377799672846,2.328272977557755,2.3403051352034083,0.012032157645653538
35.64,0.3980470115737158,2.322818754943164,2.3975681494526553,0.07474939450949147
35.65,0.4051361331303522,2.307337201393455,2.4576845464897747,0.15034734509631967
35.66,0.40301525467099353,2.3119743938503343,2.5213981368734273,0.20942374302309294
35.67,0.4001511234983729,2.318229171076649,2.588376591691876,0.2701474206152274
35.68,0.3970571016361157,2.3249764096886536,2.659367976790459,0.33439156710180556
35.69,0.3951933373671614,2.3290360304123756,2.7340486016575714,0.40501257124519574
35.7,0.38580254171924866,2.3494375502109914,2.81313206657951,0.4636945163685186
35.71,0.3760746056534972,2.370480163505632,2.896269657750493,0.5257894942448613
35.72,0.3628838721047777,2.398870915593319,2.9840746467107313,0.5852037311174122
35.73,0.34959748147719,2.42730977132139,3.07610747444932,0.6487977031279303
35.74,0.328586277735535,2.4719799555349518,-3.1104036305246354,0.700801721119999
35.75,0.309940415923263,2.511331930408063,-3.00971642836326,0.7621369484082636
35.76,0.286929821134553,2.5595519516785643,-2.9049230739013185,0.8187102815997035
35.77,0.261808581148488,2.611801308357684,-2.7969404561630773,0.8744435426588251
35.78,0.23136842657192372,2.6746245717644035,-2.6860830033374143,0.9224777320777686
35.79,0.19623392131455306,2.7465612933989845,-2.5735773817938297,0.9630466319867724
35.8,0.16585393559485354,2.808344900008666,-2.4601003971328006,1.0147400100381194
35.81,0.1326515041560993,2.87550535502143,-2.347034248398806,1.0606457037593509
35.82,0.09512512863351115,2.951054299214796,-2.23517847940223,1.0969525285625605
35.83,0.059081890893125245,3.02336001846899,-2.125752469102951,1.1340728196076455
35.84,0.020631689678126543,3.100326346265457,-2.019353298767617,1.1635056621465125
35.85,0.011064309441142253,-3.1194635831889443,-1.9167516095203858,1.2027119736685585
35.86,0.04767194683314394,-3.046212609621782,-1.818163915374756,1.2280486942470261
35.87,0.08617008181631977,-2.969038495064285,-1.7238516804558364,1.2451868146084484
35.88,0.1157397848932694,-2.9095931383391314,-1.633710390066124,1.2758827482730073
35.89,0.15633438562806976,-2.827636040434276,-1.5476263778710213,1.2800096625632547
35.9,0.18169083109168757,-2.7761813952377494,-1.4653500925705623,1.3108313026671874
35.91,0.2186294155063484,-2.70077328317135,-1.3865664140888359,1.314206869082514
35.92,0.2538857508944611,-2.628201586396704,-1.3110370808146283,1.3171645055820758
35.93,0.26715890037646267,-2.6007055341668512,-1.238368053860832,1.3623374803060195
35.94,0.2933031075564365,-2.546232496971126,-1.1684265068759818,1.3778059900951438
35.95,0.32796337083813343,-2.473298860073623,-1.10080366357448,1.372495196499143
35.96,0.3476816291981329,-2.4313979840418845,-1.0355172206172136,1.3958807634246708
35.97,0.38196893875118293,-2.3577409673187573,-0.9721698243867362,1.385571142932021
35.98,0.4090804066385255,-2.298700535830167,-0.9109464490024336,1.3877540868277334
35.99,0.4331163234400741,-2.245697937810937,-0.8514663532614007,1.3942315845495363
36.0,0.45391216881985075,-2.1992906792680906,-0.7940834809063744,1.4052071983617163
36.01,0.4750624070417169,-2.15152275096581,-0.7384271368495162,1.4130956141162936
36.02,0.505681587558783,-2.0812489989708802,-0.6850136308053092,1.3962353681655713
36.03,0.5196447665450276,-2.0487224134887856,-0.6334684415813197,1.415253971907466
36.04,0.5497247033932341,-1.9775233693928356,-0.5844589525038928,1.3930644168889428
36.05,0.5701275699295018,-1.9282704030913722,-0.5375881398233083,1.390682263268064
36.06,0.580082035515156,-1.9039338560964432,-0.4936609154437014,1.4102729406527417
36.07,0.5933425763249958,-1.871182567282069,-0.4522360282993197,1.4189465389827494
36.08,0.6092625323716782,-1.8313321543032324,-0.4142418026784525,1.41709035162478
36.09,0.6349989741719293,-1.7655782693417734,-0.379168884288095,1.3864093850536783
36.1,0.6465159114929003,-1.7355753509707765,-0.3480545646414186,1.387520786329358
36.11,0.6609152170444517,-1.6975173587147316,-0.32029458851984993,1.3772227701948818
36.12,0.6572827036213066,-1.707177607473575,-0.2970181465214316,1.4101594609521433
36.13,0.671933017383377,-1.6679611839961517,-0.2774932832600245,1.3904679007361271
36.14,0.6728111003238465,-1.6655886704212006,-0.2629160308676121,1.4026726395535885
36.15,0.6840316021323526,-1.635042048081804,-0.2523832643686122,1.3826587837131918
36.16,0.67768547572001,-1.6523715626872775,-0.24711780880924666,1.4052537538780308
36.17,0.6856536885892888,-1.630589988941562,-0.2459886527340702,1.3846013362074918
36.18,0.6877260259480498,-1.624888528062525,-0.2501869925279934,1.3747015355345316
36.19,0.6898101373263538,-1.619139103183347,-0.2582913781316359,1.3608477250517113
36.2,0.6788446191207386,-1.6492166457778639,-0.2713943880031792,1.3778222577746846
36.21,0.6769980632542351,-1.6542403733367579,-0.2877424174838568,1.3664979558529011
36.22,0.6677024170263287,-1.6793564010940316,-0.30828428583149153,1.37107211526254
36.23,0.6568979353038569,-1.708198467861543,-0.33095704057008196,1.377241427291461
36.24,0.6500858457099857,-1.7261978399010158,-0.35658204401773197,1.3696157958832837
36.25,0.6400454944764411,-1.7524777020243194,-0.3829050051283246,1.3695726968959947
36.26,0.6284807896153501,-1.7823956234634921,-0.4107085241084198,1.3716870993550723
36.27,0.6279458023571656,-1.783770839360197,-0.4377346878076571,1.3460361515525399
36.28,0.6116273519529376,-1.8253608240299004,-0.4648428441845138,1.3605179798453866
36.29,0.5996945471065007,-1.855353958949154,-0.489948326035865,1.3654056329132889
36.3,0.588126941884152,-1.8841107593626545,-0.514059332824045,1.3700514265386095
36.31,0.5935961609113536,-1.8705524311893402,-0.5353589228443021,1.3351935083450381
36.32,0.5740720878168805,-1.9186517632222704,-0.5550010306152023,1.363650732607068
36.33,0.5779278146651281,-1.9092181904431051,-0.5714390773760589,1.3377791130670462
36.34,0.5739416350078038,-1.9189703874673507,-0.5859169564268695,1.3330534310404814
36.35,0.552191775655665,-1.971610901259961,-0.5971074585062824,1.3745034427536784
36.36,0.5551243168784028,-1.964567814000755,-0.6062769843687184,1.3582908296320366
36.37,0.5539336685808629,-1.9674293844497255,-0.612254893113064,1.3551744913366615
36.38,0.5536567732116843,-1.9680944764030743,-0.6162775712973947,1.3518169051056796
36.39,0.5598932687978024,-1.953078693921648,-0.6172789933718105,1.3357997005498377
36.4,0.5444979279523628,-1.9900118306572294,-0.6164348653527362,1.3735769653044931
36.41,0.5544181230567005,-1.9662653894215818,-0.6127481317153546,1.353517257706227
36.42,0.5555561836993385,-1.9635292022504762,-0.6073210961349579,1.3562081061155185
36.43,0.5648652676078083,-1.9410527161682096,-0.5992037402224265,1.341848975945783
36.44,0.5787619598908047,-1.9071731962822842,-0.5894236899140525,1.3177495063682316
36.45,0.5749965986553448,-1.9163926721671567,-0.5770654286549551,1.3393272435122017
36.46,0.5798996645785395,-1.904381599261285,-0.5630867742466916,1.3412948250145933
36.47,0.5808015262307379,-1.9021667205715027,-0.5466000889864169,1.3555666315850858
36.48,0.5918548587278881,-1.8748764770352595,-0.5285010897971548,1.3463753872381048
36.49,0.5954288072121635,-1.8659940966773674,-0.50792713465759,1.3580669620197774
36.5,0.6097157772391313,-1.830188743398353,-0.4857207221397182,1.3444680212586348
36.51,0.6268996207852117,-1.7864579081380272,-0.4610439707332884,1.325413937404739
36.52,0.6296279674691891,-1.7794441563291312,-0.43469565249114234,1.344748503837989
36.53,0.6373615991557955,-1.759453826130129,-0.40586469862921126,1.3535891275009178
36.54,0.6527513791891656,-1.7191714188656988,-0.3753163345160431,1.3438550843496557
36.55,0.6762438768894076,-1.6562888704926209,-0.3422707080796697,1.3140181624129512
36.56,0.6905309908242129,-1.617146822758962,-0.30747074470495983,1.3096760780540022
36.57,0.6764477359411375,-1.6557353450666303,-0.27017477474890866,1.3855605703177216
36.58,0.6966431280900455,-1.600177257910436,-0.23111609986248458,1.3690611580479515
36.59,0.720970735926843,-1.5311883673833369,-0.1896007953658531,1.3415875720174837
36.6,0.7323759964374317,-1.4979828029643125,-0.14636661935478504,1.3516161836095275
36.61,0.7348511088893074,-1.4906984027191135,-0.10077899703689502,1.3899194056822184
36.62,0.7693439928172706,-1.3859653838747044,-0.053594755113996875,1.3323706287607076
36.63,0.7758263377338407,-1.365545209486411,-0.004250694952917628,1.3612945145334934
36.64,0.793198172033315,-1.3095066378326345,0.04646430165641978,1.3559709394890542
36.65,0.8104923591648019,-1.2516082734067937,0.09903262628775115,1.350640899694545
36.66,0.8158723064184903,-1.2331203171837362,0.15262552040250763,1.3857458375862437
36.67,0.8370732278280708,-1.1577698124422933,0.20764188787175483,1.3654117003140482
36.68,0.84400811365425,-1.1321665080802759,0.2632146035686111,1.395381111648887
36.69,0.8597728787178892,-1.071943133544294,0.31966712118059604,1.3916102547248899
36.7,0.8777743293505212,-0.9991997183885261,0.3761076793153356,1.3753073977038617
36.71,0.8889738307919084,-0.9513936067159328,0.43280448883369166,1.3841980955496245
36.72,0.9030276802132173,-0.888060487115905,0.48886626718317167,1.3769267542990766
36.73,0.91540110694048,-0.8285861992394287,0.5445352220968377,1.3731214213362664
36.74,0.9195665031839158,-0.8076409982953725,0.5989513303029134,1.4065923285982858
36.75,0.9229997483183146,-0.7899834515642582,0.6523615880029109,1.442345039567169
36.76,0.9349233483397799,-0.7255066707969002,0.7039649526425381,1.4294716234394382
36.77,0.9413157946441226,-0.6885772765798114,0.7540371104461855,1.4426143870259969
36.78,0.9512150197302687,-0.6272918638874199,0.8018532411130803,1.4291451050005002
36.79,0.9572220950580661,-0.5871042443617716,0.847729718805123,1.4348339631668947
36.8,0.961260403467832,-0.5585147386117593,0.8910221127023796,1.449536851314139
36.81,0.9639680524838485,-0.538519708641769,0.9320879570370566,1.4706076656788256
36.82,0.9701776894452695,-0.4896670635992332,0.9703566212520277,1.4600236848512609
36.83,0.9697723356344418,-0.4930005211491501,1.0062199331851376,1.4992204543342877
36.84,0.9707969624594666,-0.48453104053953483,1.0391682296169942,1.523699270156529
36.85,0.9729173330512736,-0.4665259067643259,1.069618311833035,1.5361442185973608
36.86,0.9765379480159299,-0.43409100429492037,1.0971062448671822,1.5311972491621026
36.87,0.9791493673806434,-0.4091307504054745,1.1220654472531246,1.531196197658599
36.88,0.9806429233141432,-0.3941558114774309,1.1440619316014886,1.5382177430789195
36.89,0.9798751885538786,-0.4019221556412031,1.1635398338177037,1.5654619894589068
36.9,0.9791963672711983,-0.40866776179781644,1.1800788597639584,1.588746621561775
36.91,0.9797866974332446,-0.40280782801777604,1.1941305841427006,1.5969384121604766
36.92,0.9774635028803881,-0.42540952977043917,1.2052707182827553,1.6306802480531946
36.93,0.9761271522424338,-0.4378898729164619,1.213957271557521,1.651847144473983
36.94,0.9754485398181485,-0.44409535477895656,1.2197415521514228,1.6638369069303793
36.95,0.9738629080126148,-0.4582728464480148,1.2230890295371994,1.6813618759852142
36.96,0.9719437047751049,-0.4748766435506641,1.2235022828313264,1.6983789263819906
36.97,0.9688066511973565,-0.5008543284307355,1.2214575261339156,1.722311854564651
36.98,0.9630901340514106,-0.5450811610370256,1.216379471889369,1.7614606329263947
36.99,0.9589901499668556,-0.5747573937042701,1.2087616085749342,1.7835190022792045
37.0,0.9559434003275966,-0.595878861942913,1.1979164697547688,1.7937953316976818
37.01,0.9478504477556363,-0.6487478761609426,1.1843667782392922,1.8331146544002348
37.02,0.9394156966059779,-0.6997492480801089,1.1672741881438424,1.8670234362239513
37.03,0.9271097182773674,-0.7683405827682439,1.1472123837022705,1.9155529664705144
37.04,0.9193659953148812,-0.8086609563120826,1.1231525706560672,1.9318135269681498
37.05,0.9061479649937213,-0.8734206619123345,1.095759243328509,1.9691799052408436
37.06,0.8883854238879111,-0.9539601089548304,1.0637822258577332,2.0177423348125636
37.07,0.8712523790271254,-1.026096458998495,1.0280498808352192,2.0541463398337143
37.08,0.8504075847592544,-1.1080736493020789,0.9870885943000594,2.095162243602138
37.09,0.8272120855613019,-1.1933371855079151,0.9420195964916556,2.1353567819995707
37.1,0.7977212232611705,-1.294579022206498,0.8912051617662405,2.1857841839727383
37.11,0.7650569171830728,-1.3993332303313586,0.8362633378069264,2.235596568138285
37.12,0.728127979202796,-1.510418941710093,0.7755398009850539,2.285958742695147
37.13,0.6868351341923113,-1.6273414512921673,0.711399415059815,2.338740866351982
37.14,0.6402212497412401,-1.7520201631788042,0.6423691147973815,2.3943892779761855
37.15,0.5867713482910357,-1.887460961242117,0.5717082527147173,2.459169213956834
37.16,0.5289859931566298,-2.0267821627029807,0.498212824040412,2.5249949867433927
37.17,0.47229200880390515,-2.1578141214484092,0.4258433646691339,2.583657486117543
37.18,0.40726200452053146,-2.302684305893364,0.3534768370483928,2.656161142941757
37.19,0.34139831433840456,-2.4447842667191724,0.2851957515008332,2.7299800182200054
37.2,0.26987936322955136,-2.595057166255249,0.21960972424743125,2.81466689050268
37.21,0.2010481981512142,-2.736736952413315,0.1603122316388572,2.897049184052172
37.22,0.12929019522418095,-2.8822863865902977,0.10547694148182364,2.987763328072121
37.23,0.05961297616478135,-3.0222959724123144,0.05794460920867483,3.080240581620989
37.24,0.007525910109355608,3.126540691279976,0.0155827053124648,-3.110957985967511
37.25,0.07415268789388782,2.9931510278860785,-0.01944153239327702,-3.0125925602793555
37.26,0.14181926645402718,2.856994621242104,-0.04931558586266429,-2.906310207104768
37.27,0.20678467406115428,2.7250177414724086,-0.07234522225590094,-2.7973629637283093
37.28,0.2712441258622226,2.5922218924335882,-0.09057714977521109,-2.6827990422087993
37.29,0.33140321733956424,2.4660117511833777,-0.10261819865881647,-2.5686299498421943
37.3,0.38605841550758996,2.3488828270449993,-0.11027973373713092,-2.45916256078213
37.31,0.43856247309994373,2.2335956803968204,-0.11236069214094681,-2.3459563725377675
37.32,0.486461152389998,2.125523134665006,-0.11041621120692897,-2.235939345871935
37.33,0.5303663737234571,2.0235273148071173,-0.10337691089687125,-2.1269042257039885
37.34,0.5718370457290624,1.9241058356758114,-0.09255877137537884,-2.01666460705119
37.35,0.6077089729081219,1.8352475501294865,-0.07699304204758715,-1.9122405921770735
37.36,0.6373488013245459,1.7594870426551377,-0.05778903202638471,-1.8172760746815224
37.37,0.6645694553457246,1.687757693657504,-0.03406507923417213,-1.7218227728916762
37.38,0.688099754523322,1.6238586794502154,-0.006761788923731973,-1.6306204683739474
37.39,0.7068364103873453,1.5715609047708536,0.024916498462789437,-1.5466444063080642
37.4,0.7238319117859147,1.5229127576564843,0.060156735321710474,-1.4627560223347738
37.41,0.7367070497402962,1.4852173507696604,0.09965819603275693,-1.3855591547369035
37.42,0.7471062886713864,1.4541966886015996,0.14268985986651034,-1.3115068287350893
37.43,0.7559555078020561,1.4273676083992155,0.18983233653685666,-1.237535271862359
37.44,0.76257994640317,1.4070086534518864,0.24038538239169968,-1.1666232710601867
37.45,0.7670569078582306,1.3931102069591934,0.2947779803842317,-1.0983322265749618
37.46,0.7690161886447098,1.3869913235936928,0.3522860186683703,-1.0347053049253225
37.47,0.769449279603823,1.3856357297975437,0.4131501070194569,-0.9724856227780868
37.48,0.7700665183285362,1.383701830070344,0.47657452537065553,-0.9071273046996886
37.49,0.7669557137684383,1.3934256304379382,0.5425872792200015,-0.8508383512179368
37.5,0.7642221258737465,1.4019239075341474,0.6103003602346085,-0.791623547299539
37.51,0.7589596310721084,1.4181649481600975,0.6795414036425342,-0.7386235445175633
37.52,0.7532925455130078,1.435484475570767,0.7493591904699867,-0.6861252851007803
37.53,0.7489831047731911,1.4485406235704725,0.819447288882999,-0.6290933346874734
37.54,0.7430237532170239,1.466438414631922,0.8888753357296242,-0.577563078902298
37.55,0.7358710557845792,1.4876882678187442,0.9573121660844494,-0.530376101734295
37.56,0.7280867662653431,1.5105391901605718,1.0239571907279192,-0.48658199943265246
37.57,0.7143518413409351,1.5501977637069597,1.0885617918710662,-0.4616359718358935
37.58,0.7071542701805228,1.5706620031253973,1.1505364228780177,-0.42012558024737945
37.59,0.70416787760582,1.5790916222266758,1.2097724492584758,-0.3693191729681998
37.6,0.6938798845014496,1.607866228084631,1.2659119020808038,-0.3419543260038271
37.61,0.6828805560917856,1.638195636198104,1.3189820870221236,-0.31921354917598055
37.62,0.6723451254914856,1.6668480174535159,1.3688255928948587,-0.298022424558657
37.63,0.6587842612723046,1.7031893443531072,1.4155649379476718,-0.28762440640543546
37.64,0.6521507538090554,1.720756536247191,1.4591923952303658,-0.26156414101682535
37.65,0.6433301903649994,1.7439122531263165,1.4998793369928978,-0.2440329161334186
37.66,0.6245167462854516,1.7925674015148,1.537721789457775,-0.25484561205702505
37.67,0.617788566058771,1.8097380769881228,1.5729045760067268,-0.23683350098139602
37.68,0.5984907746563825,1.8583608361119446,1.6055950035275464,-0.25276583258439816
37.69,0.5877940198318031,1.8849339175193305,1.635969236181709,-0.24896468133762137
37.7,0.5738537835283053,1.9191849401207395,1.6642450992978322,-0.2549398408229074
37.71,0.5475706301079075,1.9826763272237606,1.6905774125709703,-0.2920989146527905
37.72,0.5269075622783912,2.031676751579107,1.7152209760638917,-0.31645577551521514
37.73,0.5010561381191725,2.09195519601627,1.7383016901138246,-0.3536535059024452
37.74,0.4898984122536179,2.117646213696847,1.7601015175234658,-0.357544696173381
37.75,0.4702684173229713,2.1624028517783334,1.7807122552911896,-0.3816905964871437
37.76,0.4484399237790019,2.211554340762478,1.8004352416461242,-0.4111190991163536
37.77,0.42915771612569553,2.2544725627326856,1.8193242471730395,-0.4351483155596461
37.78,0.40638849313593445,2.3045967431080583,1.837693811410532,-0.4669029316975264
37.79,0.38389280112475527,2.3535757566738478,1.8555568171714427,-0.49801893950240517
37.8,0.36223218300609333,2.4002694483189506,1.87323659840827,-0.5270328499106804
37.81,0.35410475706163114,2.4176794032643505,1.8907034373707488,-0.5269759658936017
37.82,0.3272755525923711,2.4747548532128736,1.9082869863286454,-0.5664678668842282
37.83,0.32118664944006675,2.4876281293177076,1.92591433677066,-0.5617137925470476
37.84,0.2975269925582617,2.5373900719440767,1.9439208166991262,-0.5934692552449508
37.85,0.28323277969527677,2.5672661539900283,1.9621905856691593,-0.605075568320869
37.86,0.26742361715912755,2.6001561102417945,1.98106545239509,-0.6190906578467046
37.87,0.2599919433307402,2.615564934989753,2.0003872771487483,-0.615177657841005
37.88,0.2524016717731278,2.6312696767253865,2.0205060343832137,-0.6107636423421725
37.89,0.2430497154647604,2.6505754325066273,2.041221732544181,-0.6093536999624464
37.9,0.22616335089690068,2.6853183200786033,2.062894465034427,-0.6224238550441761
37.91,0.22015170471372472,2.697652677445629,2.0852821161890405,-0.612370561256589
37.92,0.21416863112805792,2.709911388185077,2.1087565685090417,-0.6011548196760353
37.93,0.20099225964403594,2.7368511607521917,2.1330321450021814,-0.6038190157500103
37.94,0.184879532140879,2.7696940937748367,2.1584934717252433,-0.6112006220495936
37.95,0.19566226199931336,2.7477272142755926,2.184808379066037,-0.5629188352095554
37.96,0.17554491782161266,2.7886741456466053,2.2123741888779147,-0.5762999567686907
37.97,0.1741338237904147,2.791540484271634,2.2408076127963366,-0.5507328714752973
37.98,0.16937120194205774,2.8012094171832707,2.2705175015423977,-0.5306919156408729
37.99,0.1641678098953961,2.811764022039655,2.3010630765921767,-0.5107009454474786
38.0,0.16071879904971278,2.818754901231239,2.332862523799826,-0.48589237743141317
38.01,0.1568066617717998,2.8266796932988734,2.3654096005605996,-0.4612700927382738
38.02,0.1523146971915478,2.835772901137891,2.3991289678588514,-0.4366439332790394
38.03,0.14783402324455377,2.8448369097377215,2.4334397315338148,-0.41139717820390653
38.04,0.1510205713122572,2.838391445595442,2.4687701847661683,-0.36962126082927393
38.05,0.15041288575087453,2.8396208603541537,2.5044550393148155,-0.3351658210393383
38.06,0.15104844580878599,2.8383350496558455,2.5409243977183573,-0.2974106519374883
38.07,0.14269901913570054,2.855217036802423,2.577419135323293,-0.2777979014791303
38.08,0.1484753422186785,2.843539958875887,2.614371551800168,-0.22916840707571906
38.09,0.1492005128188197,2.842073281203785,2.650920361097413,-0.1911529201063721
38.1,0.1499934863754993,2.840469284355834,2.687503731135555,-0.1529655532202787
38.11,0.16243112377917257,2.8152846537903997,2.7231513892039714,-0.09213326458642843
38.12,0.16359193678543155,2.8129315529419765,2.758314865637252,-0.05461668730472453
38.13,0.17325275138411414,2.793329827527696,2.7919091175081387,-0.001420710019557496
38.14,0.17920153067235528,2.781243085902793,2.824410078051046,0.043166992148253085
38.15,0.19382052706451464,2.751482582698754,2.854611827165895,0.10312924446714128
38.16,0.2037825699436343,2.731152609565342,2.883028445132908,0.15187583556756554
38.17,0.2173003478334006,2.7034969038187864,2.9083251744414085,0.20482827062262204
38.18,0.23629557148638655,2.6644892892894187,2.93107048574289,0.26658119645347134
38.19,0.25238748637407304,2.631298996777832,2.949791269852804,0.31849227307497213
38.2,0.2729039433442927,2.5887721188095214,2.9651319959405806,0.37635987713105945
38.21,0.29489031017371026,2.5429112095475612,2.975475830534538,0.4325646209869768
38.22,0.31763813241554845,2.4951174931818048,2.981579795173473,0.48646230199166807
38.23,0.3457423376972384,2.435533059990424,2.981698248104889,0.5461651881144646
38.24,0.3728297856354429,2.3774790003031896,2.976772241801321,0.5992932414981315
38.25,0.40162709869001345,2.3150069625600964,2.964993116696349,0.6499861541362525
38.26,0.43580501148601847,2.2397276542852733,2.947620301134907,0.7078926468496335
38.27,0.46831844242466597,2.1668193461271574,2.9229352155489114,0.7561158694217539
38.28,0.5011908444122525,2.091643871627637,2.8927220535221636,0.8010781818945266
38.29,0.5356290840631845,2.0110875908256114,2.8555884456855236,0.8445008548599122
38.3,0.5723342579038456,1.9228934096791217,2.814041861044246,0.8911484513651244
38.31,0.6074267442235457,1.8359582139580126,2.7672062830956343,0.9312480691376217
38.32,0.6456854730019239,1.737751404018633,2.718284437924112,0.9805330339054789
38.33,0.6760069777954443,1.6569319308214612,2.666827360216559,1.0098954293950977
38.34,0.7053300580376048,1.5758153663244432,2.6163007565975387,1.0404853902730955
38.35,0.7321553315818324,1.4986308460633007,2.566271657268646,1.0676408112053455
38.36,0.7568638740432562,1.4245901456651278,2.5198400895120194,1.0952499438468917
38.37,0.7816578089430297,1.3469538556978777,2.4761955179524597,1.129241662254582
38.38,0.7976896077755603,1.2946838746271583,2.437703483414774,1.1430196087876157
38.39,0.8130658395203397,1.2427944022896398,2.4031096987371527,1.160315296447513
38.4,0.8258744945220523,1.1980899202077988,2.3740828994689167,1.175992979261118
38.41,0.8363088013654213,1.1605613462999531,2.349110806806338,1.1885494605063853
38.42,0.8462689427323992,1.1237076001655741,2.329398706588744,1.2056911064231697
38.43,0.8556006684591208,1.0881723833008243,2.3133884344268685,1.2252160511260441
38.44,0.8563900672536493,1.0851185159517809,2.3020403901210877,1.2169218741693066
38.45,0.8608265075867182,1.0678095353609212,2.29387903649484,1.2260695011339189
38.46,0.8609272616739516,1.067413499778346,2.289757009488549,1.222343509710203
38.47,0.861961965690151,1.0633386642141986,2.288329092811513,1.2249904285973146
38.48,0.8594548674837866,1.073187931995877,2.2904099961075697,1.2172220641116926
38.49,0.8569626496028114,1.0828985764578345,2.294786270318247,1.2118876938604126
38.5,0.8542810738589108,1.0932602301400076,2.3022655772963865,1.2090053471563789
38.51,0.8375258608104797,1.1561140732690232,2.311748590091357,1.1556345168223336
38.52,0.8338612053115516,1.1694597971575489,2.3240477853761603,1.1545879882186114
38.53,0.8331726329708239,1.1719523953527762,2.3381556100966723,1.166203214743896
38.54,0.8188746518084189,1.2226973807011727,2.3548928196023367,1.132195438901164
38.55,0.8076492738313489,1.2612834473193808,2.3733225304714325,1.1120390831520517
38.56,0.7868025411035151,1.3303702417994894,2.3942736802269375,1.0639034384274482
38.57,0.7616458298510808,1.409894205663318,2.416861885220098,1.0069676795567801
38.58,0.7505952375379804,1.443667747026948,2.4419224816340637,0.9982547346071158
38.59,0.7275459087317709,1.512116558477719,2.4686082006291263,0.9564916421514074
38.6,0.6908911624576102,1.6161506775844703,2.497757781556594,0.8816071039721238
38.61,0.6581345080171631,1.7049159967094796,2.528547637464286,0.8236316407548064
38.62,0.632432458115594,1.77221382346105,2.561815554603833,0.7896017311427826
38.63,0.5959110887533686,1.8647932401880711,2.5967491453444986,0.7319559051564274
38.64,0.5536982365430551,1.9679948924501653,2.634179148762151,0.6661842563119859
38.65,0.49274687427441677,2.11110536959038,2.673291935060569,0.5621865654701891
38.66,0.4329233886141337,2.2461260233877365,2.714903029813682,0.4687770064259454
38.67,0.39458674791398923,2.3303565283463277,2.7581845647744996,0.4278280364281718
38.68,0.34108114746051743,2.4454591068820966,2.8039266094577138,0.3584675025756173
38.69,0.2760720559294158,2.58218279770991,2.85127350827432,0.2690907105644101
38.7,0.21104779548230437,2.7162991014245863,2.900978241378907,0.18467913995432075
38.71,0.168124282681834,2.803739539684536,2.9521442155648154,0.14840467588027936
38.72,0.11568073352669975,2.909712039731877,3.0054760405508456,0.0957640008189686
38.73,0.07277387664882602,2.9959161220983495,3.0600256074055108,0.0641094853071613
38.74,0.02389576292015436,3.0937965783605734,3.116441169306673,0.022644590946099732
38.75,0.032544380142322894,-3.076492398176694,-3.109466948703157,-0.032974550526463156
38.76,0.06947960736018295,-3.0025213929778958,-3.0507372625877593,-0.048215869609863495
38.77,0.0994773683129337,-2.942308312805062,-2.991611206129649,-0.049302893324587135
38.78,0.14493809050135173,-2.8506918495435336,-2.93154638278356,-0.08085453324002645
38.79,0.1821804243117033,-2.775185589225391,-2.8716352125000646,-0.09644962327467357
38.8,0.22723172001992925,-2.6831244651524804,-2.811364661492703,-0.1282401963402225
38.81,0.25491498892958675,-2.626073080200349,-2.751838899655505,-0.12576581945515602
38.82,0.27781190361686636,-2.578561459026865,-2.6925487654920834,-0.11398730646521854
38.83,0.30125597221152156,-2.5295735661682754,-2.6345824696912175,-0.10500890352294184
38.84,0.3287110910133832,-2.471715647246861,-2.5774098861762367,-0.10569423892937581
38.85,0.34245443457989094,-2.442536548804892,-2.522080169334937,-0.07954362053004527
38.86,0.3580174853343166,-2.4093051096521654,-2.4680250754559685,-0.05871996580380309
38.87,0.3689242921240078,-2.385889840280358,-2.4162422183365835,-0.030352378056225683
38.88,0.3838883990031929,-2.353585291487941,-2.366119390891996,-0.012534099404054784
38.89,0.3924915194682082,-2.334914803607173,-2.3186026369086816,0.016312166698491764
38.9,0.3940311427926587,-2.331565708914913,-2.2730404421120762,0.05852526680283677
38.91,0.3934362642816403,-2.3328600140507723,-2.2303379586128917,0.10252205543788064
38.92,0.39467826379991733,-2.3301573293968016,-2.189816012272404,0.1403413171243975
38.93,0.3903564184591684,-2.339555267628412,-2.1523575249667948,0.18719774266161723
38.94,0.3832080806983184,-2.3550586059957253,-2.117270742546429,0.23778786344929603
38.95,0.3714244462269656,-2.3805071563035414,-2.08544192608496,0.2950652302185811
38.96,0.35817852395038224,-2.408960156508089,-2.05618348934955,0.35277666715853906
38.97,0.3419254868442831,-2.443662411746427,-2.030419755923942,0.4132426558224853
38.98,0.3203439554533111,-2.4894075439306365,-2.007486502333504,0.4819210415971326
38.99,0.29973173142884296,-2.53276976444792,-1.9883968476964147,0.5443729167515055
39.0,0.27455359182697314,-2.5853418071941476,-1.9725353832380572,0.6128064239560906
39.01,0.249040269069888,-2.6382143017022806,-1.9610845778046233,0.6771297238976575
39.02,0.21679103939666797,-2.704540396052427,-1.9535177214395851,0.7510226746128419
39.03,0.18424160875678797,-2.770992241259971,-1.9513230378652382,0.8196692033947325
39.04,0.15117392508007205,-2.8380811758221194,-1.954132324898428,0.8839488509236917
39.05,0.10968447174189325,-2.921781451880755,-1.9639799930267035,0.9578014588540518
39.06,0.07017435058725385,-3.001128506623403,-1.9807811834709341,1.0203473231524687
39.07,0.023713490808238768,-3.09416122591519,-2.0075407071305706,1.0866205187846192
39.08,0.02795234066124673,3.085680689674474,-2.0446483278220766,1.1528562896830357
39.09,0.08264513975141924,2.9761136319205,-2.096745376062042,1.2103262991970445
39.1,0.14472539508425428,2.851121773367143,-2.164742361229112,1.267321172583332
39.11,0.2129020922412946,2.7125042701137803,-2.2553675225440064,1.3153135145218
39.12,0.29517702753155217,2.5423110602999377,-2.368446040166149,1.3724282067134996
39.13,0.3832281704510439,2.3550151055757294,-2.5101081111416996,1.4180620904621575
39.14,0.47485002745503335,2.1520054266761406,-2.6716506369842423,1.4595292435192038
39.15,0.5684094423839603,1.932449992749351,-2.849974159129109,1.5007611553011264
39.16,0.6521746600209691,1.720693465746041,-3.0229065198942093,1.539585321539336
39.17,0.7225491258548927,1.5266274882513773,3.099032423648448,1.5724049353970708
39.18,0.7779930972634245,1.3586623501141404,2.9654556970597494,1.606793346945609
39.19,0.8207409703663567,1.2161790498318015,2.854275931940696,1.6380968821088946
39.2,0.8518933488088514,1.1024127356451865,2.7697747741194214,1.667362038474235
39.21,0.8743156243445124,1.0135446993998285,2.7025822400606745,1.689037540660846
39.22,0.8927407634770753,0.9348089408544327,2.6539536093131115,1.7191446684586789
39.23,0.9064041013646856,0.872208716326374,2.6163138518224685,1.7441051354960944
39.24,0.914538783411727,0.8328601978670594,2.590976117790388,1.7581159199233287
39.25,0.9226638366484133,0.791727527881817,2.572534230129186,1.780806702247369
39.26,0.9286026657664136,0.7603340708331663,2.5625750304908763,1.80224095965771
39.27,0.9331360900502905,0.7355140723081197,2.557174125325532,1.8216600530174123
39.28,0.9353498046248077,0.7230992647626744,2.5580166785725016,1.8349174138098272
39.29,0.9388663836448184,0.7029472886138123,2.5621193447226527,1.8591720561088403
39.3,0.940150248562903,0.695450734852203,2.571146676458553,1.87569594160635
39.31,0.9412900870865106,0.6887295892347995,2.582728260590651,1.8939986713558516
39.32,0.940740314270065,0.6919791891360833,2.598454956252037,1.9064757671159536
39.33,0.9413499596694899,0.6883748048711417,2.616376151507552,1.9280013466364103
39.34,0.9402095824009891,0.695102407212079,2.637990962772703,1.9428885555606241
39.35,0.9392119591731893,0.70093701727022,2.6616519681583446,1.9607149508881245
39.36,0.9379347692966709,0.7083394032521537,2.688763727963947,1.9804243247117934
39.37,0.9367041229536934,0.7154026008149108,2.7179082557897645,2.0025056549748537
39.38,0.9348415750728899,0.7259674205211142,2.7503977754388016,2.0244303549176874
39.39,0.932248555077966,0.7404356473954629,2.7849939018216823,2.0445582544262195
39.4,0.9292371637832516,0.7569069434058973,2.8229184251936994,2.066011481787802
39.41,0.9261598804115481,0.7733934389834075,2.863075389851584,2.0896819508681768
39.42,0.9214268521062197,0.7981189095919072,2.9065944325373403,2.108475522945433
39.43,0.9180339713343428,0.815406185845271,2.952490133940067,2.137083948094796
39.44,0.9132216422844113,0.8393488806371882,3.0017920925590666,2.1624432119218784
39.45,0.9075045613610859,0.8669836973761549,3.0535935421864817,2.186609844810327
39.46,0.9007274219415702,0.8987102111350094,3.108808010519144,2.2100977993841346
39.47,0.8944799619485051,0.9270591912901948,-3.116613253320657,2.2395128625687346
39.48,0.8869651894795968,0.9601287691728836,-3.0555269367195423,2.2675296012871606
39.49,0.8799852656509898,0.9899302937005896,-2.9919778195779565,2.3012771939010404
39.5,0.8704494755021251,1.029363304720394,-2.9253646761342877,2.3284573263249047
39.51,0.860872376010378,1.0676292561213285,-2.8565817997935237,2.3589742512647343
39.52,0.8524178720966743,1.100408015413419,-2.785227040090929,2.3975502516752383
39.53,0.8405349810338915,1.1450527349257313,-2.7122559031469646,2.4258766691068905
39.54,0.8326517687009435,1.1738347935015805,-2.6374739695432288,2.471876544134777
39.55,0.8208536348008262,1.2157845800227551,-2.561894584354745,2.505506142802086
39.56,0.8102856705585875,1.252313825114406,-2.4855032690287553,2.5453682130364252
39.57,0.7961971393698944,1.2996253888551326,-2.409325066458015,2.574234851866439
39.58,0.7834291845819833,1.3412635547494827,-2.3334558826846212,2.6084658697454826
39.59,0.7724897566970957,1.376087524007992,-2.2588503216771643,2.6482474614944302
39.6,0.7609289818014267,1.4121052855610976,-2.185622990364279,2.68545703125421
39.61,0.7496508993925314,1.446523761021144,-2.1145715275679215,2.722090018590521
39.62,0.737366414997508,1.4832661404278327,-2.0457532727312064,2.7541658940205473
39.63,0.7265182173757286,1.5151101108275262,-1.979755204137651,2.7883199922144093
39.64,0.7190805177180567,1.5366361015452108,-1.9165455512794543,2.8300036543549214
39.65,0.7083079034547227,1.5673961480503509,-1.8564945109104598,2.8592946482187758
39.66,0.6977378660573964,1.5971231084084034,-1.7994926506870808,2.8865695480841023
39.67,0.6863107923286159,1.6287838116188103,-1.7457213424243834,2.908680153136393
39.68,0.6759675377525707,1.6570389720224366,-1.6950267751834165,2.9311195599737334
39.69,0.663568613707007,1.690434918100742,-1.6474401631607667,2.9453102259180777
39.7,0.6586442060650258,1.7035616369366038,-1.6027974210058669,2.976826249237116
39.71,0.6414125964234847,1.7489164591962842,-1.561013279399798,2.9732555685835043
39.72,0.6325515186380388,1.7719063986986654,-1.5219383872767498,2.9893405212041713
39.73,0.6139215371689796,1.819554649613823,-1.4853951224869992,2.978235535078764
39.74,0.6005662747531867,1.8531743730205148,-1.4512641236527903,2.9787468105062813
39.75,0.5874818305516553,1.8857055897970587,-1.419291862053612,2.978187855328916
39.76,0.5654542578425612,1.939624828926998,-1.3893975899702753,2.954162888282313
39.77,0.5429960478767275,1.993590935732143,-1.3612639988342863,2.928330372613157
39.78,0.523144182888185,2.04052047542829,-1.3348541517527563,2.90781067999854
39.79,0.4946018895195277,2.106839233319834,-1.3097972121644452,2.866548861695307
39.8,0.465617519544365,2.172928140735598,-1.286103765351199,2.8241534010927896
39.81,0.4296469543811698,2.253389114476611,-1.2633588282507933,2.766437364452182
39.82,0.4069201161010303,2.303432922210736,-1.2416234109555093,2.738128974013341
39.83,0.35965393181267835,2.4057986912029703,-1.2204468277777405,2.656939788198876
39.84,0.3278623744775394,2.4735126750596352,-1.1999425216748074,2.609730110445144
39.85,0.2956713201529878,2.541276289269594,-1.179631080005259,2.562277937904734
39.86,0.2651171307551136,2.6049418576336287,-1.159679187148773,2.5185642623971845
39.87,0.23333278502773358,2.6705853078885506,-1.13958373413829,2.473016265152746
39.88,0.2178582853603749,2.7023536391475256,-1.1195641062089983,2.4612675618230626
39.89,0.17841541752266948,2.782841065445496,-1.0990964465271156,2.4012477952069746
39.9,0.16557826271518752,2.8089039758311305,-1.0784511023412886,2.395830229007167
39.91,0.12493758808277602,2.8910628013546873,-1.0570845873267722,2.3350379184981267
39.92,0.11289784351279665,2.9153145319161236,-1.0353156870694515,2.3325550881940114
39.93,0.09301878297826559,2.9552857561478802,-1.012581110099102,2.315318440932604
39.94,0.07545020199894409,2.990548708956894,-0.9892453238142898,2.3033912744084026
39.95,0.057052059991686686,3.0274265424662015,-0.9647244283397012,2.291034336373684
39.96,0.049543952984016044,3.0424641658638545,-0.9394261531662605,2.3012949881494715
39.97,0.036562118151227924,3.0684521155395426,-0.9127452320521442,2.3019879595879
39.98,0.01890214870048119,3.1037861046361805,-0.8851310903026665,2.2942681122407396
39.99,0.0013273433226754408,-3.1389379661649195,-0.8559569968734251,2.2829809692914944
40.0,0.005899501601185615,-3.129793581944031,-0.8257138054457467,2.3040797764982845
40.01,0.017120378010135398,-3.1073502246460194,-0.7937544186597313,2.3135958059862882
40.02,0.023998282962466953,-3.0935914794594264,-0.7606125318431322,2.332978947616294
40.03,0.034394489095298214,-3.0727901054998084,-0.7256234322539712,2.3471666732458374
40.04,0.04844225525887136,-3.044670210628715,-0.6893670645234077,2.355303146105307
40.05,0.054785328058303634,-3.0319671118277944,-0.651165844503755,2.3808012673240393
40.06,0.06318484480832469,-3.0151387277472512,-0.6116515571825846,2.4034871705646665
40.07,0.07783192558869409,-2.985771208793778,-0.570140609855388,2.41563059893839
40.08,0.08678436561699258,-2.9678053077110875,-0.5273243266134547,2.440480981097633
40.09,0.09651409303279118,-2.9482635290562302,-0.4825218083706482,2.465741720685582
40.1,0.10133959295441487,-2.938564945099075,-0.43649315472038536,2.5020717903786895
40.11,0.11247634905700554,-2.9161629246513905,-0.3885697532770002,2.52759317137439
40.12,0.12107742298157975,-2.898842215539206,-0.3395899260615748,2.5592522894776315
40.13,0.12512593481117507,-2.8906831285055703,-0.28890598249296806,2.6017771460126022
40.14,0.13871436747405666,-2.863266426591949,-0.23744191038468054,2.6258245162072686
40.15,0.1402976602735542,-2.860068569506844,-0.18457589667228416,2.67549267283456
40.16,0.14567350426810413,-2.8492052443243714,-0.1313202167653027,2.7178850275590687
40.17,0.15190973291430715,-2.836592365618281,-0.07707720160376044,2.7595151640145206
40.18,0.15258180763213663,-2.835232362140093,-0.022942743253566496,2.8122896188865267
40.19,0.16410836755870287,-2.8118845412706217,0.031667141403199955,2.8435516826738216
40.2,0.16175438435339032,-2.8166562715943675,0.08558552024781409,2.9022417918421817
40.21,0.16484830201659365,-2.810384239247865,0.13940142029048555,2.9497856595383505
40.22,0.16438434611734076,-2.8113249850137763,0.19189481121871224,3.0032197962324885
40.23,0.16026915767607308,-2.8196659946554865,0.2436831307977595,3.063349125453246
40.24,0.15758578336801685,-2.825101833141239,0.2935109565182063,3.1186127896594455
40.25,0.15479962726668764,-2.830743388387026,0.34204644425854175,-3.1103954745340188
40.26,0.1502997364262652,-2.8398497611772,0.38800954515414615,-3.05532600084824
40.27,0.1420177539253857,-2.8565935871698676,0.43213528016229197,-2.994456439847427
40.28,0.13166957395400267,-2.8774865942975985,0.47311770355445626,-2.932581009327532
40.29,0.11948601361415774,-2.902048311531629,0.5117666463091904,-2.869370349338767
40.3,0.10762063773828219,-2.925933702867325,0.5467349877624298,-2.810516616549832
40.31,0.09250711567079883,-2.9563135222738395,0.5789087793875988,-2.747963005518148
40.32,0.07856709570773822,-2.984296352111675,0.6068710540904109,-2.6920179009775005
40.33,0.0663637928043277,-3.008767448956724,0.6315832949992142,-2.6428345632236483
40.34,0.045268021702177634,-3.0510256606542527,0.6515182677727666,-2.580641378752567
40.35,0.02266483785169438,-3.0962590960519876,0.667715800389829,-2.5192104107377697
40.36,0.006106143756013264,-3.1293802901873207,0.6784882482561215,-2.4753167687361444
40.37,0.01835274584357597,3.1048851010462437,0.6849684405191425,-2.419916660527101
40.38,0.04733968875462566,3.0468778768944174,0.6852528222843762,-2.361625054610041
40.39,0.07597498506300884,2.9894961215561193,0.680607152212032,-2.3088889693440873
40.4,0.10006507367406374,2.9411270078302634,0.668863788440384,-2.2722632193898793
40.41,0.12846821779574122,2.8839441668873573,0.651511894046133,-2.2324322728412245
40.42,0.1599091112652486,2.8203954961817352,0.6261102100116805,-2.1942852861700546
40.43,0.20362359441293262,2.7314773699715875,0.5945541280371239,-2.1369232419344635
40.44,0.22777594172550525,2.6820067110667614,0.5542144176962827,-2.127792293370479
40.45,0.2669597729962605,2.601118798658375,0.5077077328146405,-2.0934110658437346
40.46,0.3068391374015512,2.517852292995315,0.4524466659833158,-2.0654056270119994
40.47,0.3519257072578962,2.4223373972263196,0.392162396358754,-2.0301750008675654
40.48,0.39105189943008023,2.338044200424649,0.3245994800722856,-2.0134447203523633
40.49,0.4327828069237016,2.246437919629712,0.2547751654221497,-1.9916627542075622
40.5,0.48777497257914076,2.1225143952211485,0.18079676439659262,-1.9417176308245558
40.51,0.5075390334873262,2.0769402534570895,0.10849454563259804,-1.9684457078244917
40.52,0.5459574370556864,1.9865297111035762,0.03589441759682325,-1.950635293506753
40.53,0.5771191725654065,1.9111992484332783,-0.03136204169494956,-1.9425612901282279
40.54,0.6076114656508629,1.835493099390628,-0.09583541366456819,-1.9313285130551963
40.55,0.6220004746811562,1.799002756843176,-0.15282713439809267,-1.9518298912412686
40.56,0.6242275658331365,1.7933078200440487,-0.20550566185019223,-1.998813481894241
40.57,0.6410052579897484,1.7499781123420777,-0.25021129845299256,-2.00018941079507
40.58,0.6371452767658023,1.760015225427122,-0.29035637826146227,-2.050371603688584
40.59,0.6400232038820544,1.7525357242845447,-0.32304948835824854,-2.0755852126427934
40.6,0.6167028043054615,1.8124981246698058,-0.35158630655371365,-2.1640844312235195
40.61,0.5826821185925584,1.8975425388854181,-0.3735614952124183,-2.2711040340978363
40.62,0.564583934433871,1.9417345050740864,-0.39196425823403974,-2.333698763308126
40.63,0.5230747654623311,2.040683376369623,-0.4046951197312055,-2.4453784961008287
40.64,0.4145778072481913,2.286635027771242,-0.41438688982493355,-2.701021917596176
40.65,0.3591555901611558,2.406866739627298,-0.4191493528280224,-2.8260160924553204
40.66,0.27380513936430356,2.5868983615525454,-0.4212790228184402,-3.0081773843709856
40.67,0.18379268677250327,2.7719056840696368,-0.4190444953433628,3.092235127766587
40.68,0.1597125878895434,2.8207936602762387,-0.41444976691816127,3.0479418799851867
40.69,0.059393789111790926,3.0227351246513163,-0.40589385964673225,2.854556322881538
40.7,0.014239902582439245,3.1131118858391567,-0.39513419794405596,2.7749392233963737
40.71,0.05411182555087926,-3.033316118016604,-0.38068230512256795,2.6526338128940363
40.72,0.06637428830313942,-3.008746411574714,-0.36408966883875,2.6446567427359637
40.73,0.09793996584650072,-2.945398207943059,-0.3439681208461681,2.601430087096891
40.74,0.11016390730854742,-2.9208167345258684,-0.3216973894147807,2.5991193451110877
40.75,0.14165678090980222,-2.857322906633356,-0.2959816718421339,2.561341234791222
40.76,0.14467302210966784,-2.8512276334204567,-0.26805801407846236,2.5831696193419944
40.77,0.17295796618275985,-2.793928434921636,-0.2367193141634718,2.5572091207581638
40.78,0.17763117084074304,-2.7844350202532584,-0.2030861640658421,2.5813488561874163
40.79,0.2109771679649041,-2.7164436103130436,-0.16604155379240204,2.5504020565206416
40.8,0.22252540474622315,-2.6927845315429626,-0.12661547262738282,2.56616905891558
40.81,0.24356961308662795,-2.6495034218950635,-0.08378851653499901,2.5657149053600645
40.82,0.2472019097948066,-2.6420097069326425,-0.038527751688580116,2.6034819552440625
40.83,0.2639177467877531,-2.607429223485298,0.010074240479876947,2.6175034639651753
40.84,0.28012808914327963,-2.573737577597901,0.06108264644550799,2.634820224043409
40.85,0.28790258673426605,-2.5575207138932803,0.11527232845834676,2.672793042351627
40.86,0.3082713725356205,-2.514841909768089,0.17170828013972222,2.6865501899078112
40.87,0.3206717985339422,-2.488715341198371,0.2310097740737332,2.7197251152721043
40.88,0.3389279743122526,-2.450038263286825,0.29221266230516435,2.742250925591989
40.89,0.3537459353886809,-2.4184467116688237,0.3557634129290247,2.7742101245978485
40.9,0.36323004465080816,-2.3981278702432918,0.4206533382703225,2.8187812085136144
40.91,0.3711604529322209,-2.3810757912069933,0.4871569154284371,2.8682327066354305
40.92,0.38191919503378713,-2.3578486160982903,0.5542311581513367,2.912079774249627
40.93,0.3927409404084408,-2.3343724087136093,0.6220082222238777,2.956380630937487
40.94,0.4059715771286733,-2.305509238563845,0.6894529397925983,2.994962178356443
40.95,0.4114109311908634,-2.2935895943139295,0.7566136317718262,3.0502032260857557
40.96,0.4151088305718525,-2.285467806095078,0.8225282023360859,3.107996008431164
40.97,0.4159484088627719,-2.2836217271507673,0.8872315805915342,-3.112331999437285
40.98,0.4187605220363824,-2.2774327108838546,0.949899393665461,-3.055853202630271
40.99,0.417285564934966,-2.2806799548924923,1.010609377091488,-2.9918959751956065
41.0,0.4121181680234572,-2.2920374283691953,1.0687144713192975,-2.9224334074910936
41.01,0.4066773973208173,-2.303964315865597,1.1243594814115536,-2.854861509902436
41.02,0.399355923378596,-2.319964236517061,1.177080567926384,-2.7861405027361412
41.03,0.38851083084381804,-2.3435628220661036,1.2270833396901,-2.7125391454233827
41.04,0.37594017229819643,-2.3707703230950017,1.2740686041300804,-2.6383463799545046
41.05,0.36074888345025896,-2.403451212185507,1.3182802461685281,-2.5614538488255514
41.06,0.344701470522659,-2.4377511609161107,1.359556132534992,-2.4858780137284837
41.07,0.3266000258950766,-2.4761844700044917,1.3981538266258084,-2.408847010549286
41.08,0.30868605231147433,-2.5139700297036436,1.4340225365666086,-2.3351927409093345
41.09,0.28712932441701783,-2.559135418096617,1.467414070735161,-2.2566358183478084
41.1,0.26493330344833765,-2.605323146575618,1.4983688144192573,-2.179493346184711
41.11,0.24891338830578202,-2.638476314148921,1.5271195172103782,-2.1175894758202873
41.12,0.2287002224982282,-2.680108034538341,1.5537823203759262,-2.0492949522653197
41.13,0.2068513158354707,-2.724881512577949,1.5785618494376241,-1.9797419451640135
41.14,0.18850613035859018,-2.7623110872339987,1.601637296365928,-1.9192369235796598
41.15,0.1711286390214219,-2.7976424683298298,1.6231782333703797,-1.8623646054793772
41.16,0.15115410752414105,-2.838121271687802,1.6434155265722399,-1.8016485089195442
41.17,0.13152705419675834,-2.8777741345139405,1.66247772038716,-1.7429334522784863
41.18,0.11685989388675255,-2.9073376145822216,1.6806370385381713,-1.6952106540591934
41.19,0.10126091004683996,-2.938723124605683,1.6979757828257962,-1.6464863997481072
41.2,0.0862011790252461,-2.9689760683626654,1.7147988168270072,-1.5994104219899141
41.21,0.07300035115112305,-2.995461965124703,1.7311381055562385,-1.5565852364986452
41.22,0.06438694557721764,-3.012729620170935,1.7473248021801684,-1.5231308848284835
41.23,0.053557216010834,-3.034426947958068,1.7633379741373822,-1.4854203850841363
41.24,0.04689990499837185,-3.0477584224840673,1.7795315894925408,-1.4558952952029787
41.25,0.036406072729295726,-3.0687644143016954,1.7958309242152541,-1.4185899686626369
41.26,0.03247617872963597,-3.0766288731426035,1.812612180072797,-1.393944253964186
41.27,0.026455478521201253,-3.0886755226070783,1.8297473877992505,-1.3647623967732578
41.28,0.020443423345590607,-3.1007029583653027,1.8476368558893246,-1.3348454929249591
41.29,0.01686458874618297,-3.1078618770490603,1.866100876686688,-1.3092225534438384
41.3,0.013806317385451024,-3.1139791415160034,1.8855674807229281,-1.283638684940655
41.31,0.01479500645045025,-3.112001561078631,1.905807132010549,-1.2653766140904066
41.32,0.013270109468884767,-3.1150516556534207,1.9272801599960996,-1.2408534915300662
41.33,0.01243239919312206,-3.1167272146229323,1.949709018719334,-1.2167490738373203
41.34,0.017403916673392906,-3.1067830628093738,1.973591162646496,-1.2028110817237168
41.35,0.020456311352263064,-3.10067717696054,1.9986023909959627,-1.1839057392230838
41.36,0.021621751899815505,-3.098345779690339,2.025281761051366,-1.159557766437881
41.37,0.02819297008123611,-3.085199241087388,2.0532590470147327,-1.1447270190774659
41.38,0.0321630314136664,-3.077255495133774,2.0831185290162924,-1.1228112830295203
41.39,0.0396576923907119,-3.0622564637658893,2.1144436464859995,-1.1064851969276976
41.4,0.03801414092719788,-3.065546048723974,2.1478661751738786,-1.069773083281734
41.41,0.051878978015740686,-3.0377880982468963,2.1829217251679838,-1.0624754837647064
41.42,0.06109180741130558,-3.0193329083740927,2.2202899448952325,-1.0435624539102615
41.43,0.0658406737146569,-3.009815980437985,2.2594555889891486,-1.013913737752453
41.44,0.07442581874425934,-2.9926032525354773,2.3011439913647833,-0.9894380632793259
41.45,0.08257302297447423,-2.97625836015138,2.3447840121140775,-0.962142934914129
41.46,0.0950135988722483,-2.9512783736488597,2.3911411243033585,-0.9407658092273682
41.47,0.1058409559351259,-2.9295135150140887,2.439580673786408,-0.9140911183790899
41.48,0.11641917071796722,-2.90822511875143,2.4908985533547976,-0.8840616350733592
41.49,0.13070501808702828,-2.8794325236088736,2.544385942486507,-0.8593668410842054
41.5,0.1450309999242893,-2.850504046354023,2.6008547349009468,-0.8318265259246163
41.51,0.15284111539742873,-2.834707591477252,2.659508369399448,-0.7889693463028863
41.52,0.17150336369275837,-2.7968817729626907,2.721155972245932,-0.7651475619709635
41.53,0.18472281287563225,-2.7700130256102726,2.7848981535076804,-0.7282741280616335
41.54,0.1973095291692985,-2.7443671812045056,2.8515202184046418,-0.6872979075704391
41.55,0.21328491633309446,-2.7117206229683264,2.9200069130272266,-0.6514577711840337
41.56,0.22951109069627904,-2.6784419837362035,2.991100887589114,-0.613642435854269
41.57,0.24239471282730282,-2.6519258200238465,3.0636661332412727,-0.5675933539144673
41.58,0.25911967068982955,-2.617371391005008,3.138392699939678,-0.5274212162349009
41.59,0.27280926237341074,-2.5889689495499613,-3.069150840479462,-0.4801818909295009
41.6,0.2876833301177188,-2.5579785990342185,-2.991951046129924,-0.43397244709570554
41.61,0.3039575912791527,-2.5239045359692476,-2.9145182118278057,-0.3906136758585583
41.62,0.31828547183486033,-2.4937519472900713,-2.836234356717786,-0.34248240942771463
41.63,0.3311339229988176,-2.466582570310887,-2.75845348136937,-0.2918709110584833
41.64,0.3399516983084982,-2.4478615806466326,-2.6805500061102507,-0.23268842546361795
41.65,0.34920096896190395,-2.4281561396112066,-2.6038492799259716,-0.17569314031476532
41.66,0.3620452350752567,-2.4006705706756843,-2.5276897188491354,-0.12701914817345092
41.67,0.3711871746750202,-2.3810182361868133,-2.4533173027213047,-0.07229906653449154
41.68,0.3852710483609559,-2.350589599005804,-2.380023683286736,-0.029434084280932075
41.69,0.38966954556041494,-2.3410471571650415,-2.3089416002117846,0.03210555695325677
41.7,0.39346888845305045,-2.3327890414029,-2.239327961029575,0.0934610803733252
41.71,0.405735714208542,-2.306025384954368,-2.17218523141468,0.13384015353968798
41.72,0.40682411089281073,-2.3036431176591496,-2.106765786026103,0.1968773316330464
41.73,0.4132636375774123,-2.289522320279969,-2.0439343300945088,0.24558799018546018
41.74,0.4215303789819738,-2.271328048302903,-1.9829779692750227,0.28835007902788035
41.75,0.42278432443285924,-2.2685615521184146,-1.92461745026187,0.3439441018565446
41.76,0.428578760461295,-2.255754335581207,-1.868214931514937,0.38753940406626997
41.77,0.4322690326571913,-2.247577586947839,-1.81433733362961,0.4332402533182287
41.78,0.4394893726041921,-2.231532406074011,-1.7624586904555226,0.46907371561848826
41.79,0.4389182221327582,-2.232803907546954,-1.712977550007073,0.5198263575398814
41.8,0.4508983455759961,-2.2060495571343206,-1.6655114028340423,0.5405381543002782
41.81,0.45647881291939935,-2.1935254723512547,-1.620272833701897,0.5732526386493576
41.82,0.4616985037508808,-2.181774548387282,-1.5770487283452745,0.6047258200420079
41.83,0.46582478129553323,-2.172459716353888,-1.5358478706573777,0.6366118456965105
41.84,0.47487481736423814,-2.151949089817319,-1.4966467101101253,0.6553023797071938
41.85,0.48678423691678724,-2.1247834826454177,-1.4592351126975422,0.6655483699478757
41.86,0.48209876319780287,-2.135495320230357,-1.4237932110315346,0.7117021091988223
41.87,0.5116609437763238,-2.0673589806573207,-1.3898821390817884,0.6774768415755325
41.88,0.5278834495712491,-2.0293795186528065,-1.3578933529855983,0.6714861656672084
41.89,0.541138110577473,-1.9980128333423197,-1.3271566159071368,0.6708562174351828
41.9,0.553399899284384,-1.9687113461693795,-1.298275474082062,0.6704358720873175
41.91,0.5750327498391368,-1.9163042984242102,-1.270353815159495,0.6459504832647152
41.92,0.5996463977548786,-1.8554742951684835,-1.2442010233920469,0.6112732717764366
41.93,0.6183136489285033,-1.8084022225927412,-1.2187087002642887,0.5896935223284524
41.94,0.6386259520284793,-1.7561699686378243,-1.194879067702381,0.5612909009354432
41.95,0.6658157773745554,-1.6844193527397202,-1.1714121541528875,0.5130071985868326
41.96,0.7032433047966777,-1.5816942510257888,-1.1494840333895329,0.4322102176362559
41.97,0.7301595844428386,-1.5044816954344804,-1.1276293219970364,0.37685237343744415
41.98,0.7602213144840173,-1.4142852396500016,-1.1071742005271474,0.30711103912285415
41.99,0.7913280529369872,-1.3156363854977222,-1.0865174288827062,0.22911895661501608
42.0,0.8122005454045805,-1.2457639665377538,-1.0671083479855294,0.17865561855222425
42.01,0.840989762938255,-1.143372726101773,-1.047240718330889,0.09613200777088395
42.02,0.8650687313739078,-1.051017923238538,-1.028458579260709,0.022559343977828814
42.03,0.882113304323174,-0.9809326234288076,-1.0089809947669306,-0.028048371338123056
42.04,0.895631390087208,-0.9218952898021964,-0.9904183170389651,-0.06852302723676862
42.05,0.9135826565994204,-0.8375751079517534,-0.9709432062481481,-0.13336809829639476
42.06,0.9259372440466169,-0.774573268591555,-0.9522053340395116,-0.17763206544795657
42.07,0.9411350515121635,-0.6896474623797149,-0.932356242544131,-0.2427087801644161
42.08,0.9536207299809282,-0.6115048799571015,-0.9130602569949933,-0.30155537703789176
42.09,0.9651521906749962,-0.5295440033189782,-0.892469522123998,-0.36292551880501966
42.1,0.9661404868794118,-0.5219374305647252,-0.8722412150174269,-0.35030378445270177
42.11,0.9720506691683088,-0.47396627877004704,-0.8505460525073062,-0.37657977373725915
42.12,0.976411315417107,-0.43526552876123836,-0.8290153146083352,-0.3937497858470969
42.13,0.9810957035472111,-0.38950389596458324,-0.8058526120378509,-0.4163487160732676
42.14,0.982712036435869,-0.3724299318752516,-0.7826475643373231,-0.4102176324620715
42.15,0.9870926853537184,-0.321685275725179,-0.7576476647248289,-0.43596238899964995
42.16,0.9889337976583936,-0.2978143438559809,-0.7323878792058788,-0.4345735353498979
42.17,0.9892605908522921,-0.29337603001529505,-0.7051677056271894,-0.41179167561189445
42.18,0.9921329697781274,-0.25103572564557486,-0.6774569803468604,-0.4264212547012856
42.19,0.992295455412469,-0.248426380223357,-0.6476130517939487,-0.3991866715705917
42.2,0.9937389515377667,-0.22392128701338662,-0.6170324848918578,-0.3931111978784712
42.21,0.9946241825672276,-0.20747319669528452,-0.5841347736413491,-0.37666157694606456
42.22,0.9957840559253647,-0.18371520946664732,-0.5502374074903035,-0.3665221980236562
42.23,0.9965451903036872,-0.1662961410508443,-0.513825688826126,-0.34752954777528167
42.24,0.9972364380656855,-0.14872352207477704,-0.4761348870449757,-0.3274113649701986
42.25,0.997528454294655,-0.14064322142430205,-0.43572036419997023,-0.2950771427756682
42.26,0.9978474185965689,-0.13125103016188736,-0.393735476689206,-0.2624844465273186
42.27,0.9985178440612185,-0.10890444305347778,-0.34881214972701385,-0.23990770667353606
42.28,0.9986675347840772,-0.1032573961207279,-0.3020269914595799,-0.19876959533885202
42.29,0.9990626029585391,-0.0866045509327623,-0.2520994591233837,-0.16549490819062143
42.3,0.9993723247982715,-0.07086555583156413,-0.20004148143266626,-0.12917592560110217
42.31,0.9995481096063502,-0.060128158588545595,-0.14467813313937686,-0.08454997455083124
42.32,0.9997218554338682,-0.0471726582803933,-0.08697796578737944,-0.039805307506986146
42.33,0.9998714230308835,-0.03207238370318789,-0.025899252738796858,0.006173130964391036
42.34,0.999909484924097,-0.026909692147234068,0.03760091725019012,0.06451060939742419
42.35,0.9999795420078589,-0.012793142505762072,0.10439378257724351,0.11718692508300557
42.36,0.9999998444750008,0.0011154371459528216,0.1734934497637876,0.1723780126178348
42.37,0.9999892003466309,0.009295019228740969,0.24555907982771227,0.23626406059897131
42.38,0.9998936871229845,0.02916364323016049,0.31953722813621793,0.2903735849060574
42.39,0.9997295521026731,0.04651538141735074,0.3958439448139735,0.3493285633966228
42.4,0.9996359430729833,0.05396880719347736,0.4733409699783304,0.419372162784853
42.41,0.9994851686069929,0.06417947175226621,0.5522044320015154,0.48802496024924913
42.42,0.999251772541096,0.07737290403825423,0.6312397824599312,0.553866878421677
42.43,0.9990299318167286,0.08810108115427964,0.7104407191249508,0.6223396379706712
42.44,0.9989069051932954,0.09352193357637494,0.7886403919727456,0.6951184583963708
42.45,0.9984185808363274,0.11249306303825636,0.8657556069728214,0.753262543934565
42.46,0.9982532261556908,0.11822969568764162,0.9407613390171752,0.8225316433295335
42.47,0.9979361641104121,0.12851602806322648,1.0136086981626025,0.885092670099376
42.48,0.9976562262199544,0.13695809282028484,1.083506353193162,0.946548260372877
42.49,0.9974328732595588,0.14333808564587686,1.1505055263399893,1.0071674406941125
42.5,0.997408743233459,0.14401046190955727,1.2140798369668282,1.070069375057271
42.51,0.9970288561064893,0.15421067000704008,1.274383348057174,1.120172678050134
42.52,0.9971672703410019,0.15057404990409373,1.3311296769150527,1.180555627010959
42.53,0.9967560196405928,0.16113933795698904,1.3845374614756767,1.2233981235186877
42.54,0.9967650360700177,0.16091512300431046,1.4345106525191904,1.27359552951488
42.55,0.9968451841626114,0.15890817587100114,1.4812857467145364,1.3223775708435352
42.56,0.9966542588559036,0.16364861073401957,1.5249099084456208,1.3612612977116012
42.57,0.9965606463487799,0.16592352423975432,1.5656013381540854,1.399677813914331
42.58,0.9962803939074139,0.17255525014619755,1.6035163596371746,1.430961109490977
42.59,0.9965376755583742,0.1664770071038817,1.63883285748874,1.4723558503848584
42.6,0.9963239287990786,0.1715418470529955,1.67179422907956,1.5002523820265645
42.61,0.9961823808433883,0.17481534643137708,1.7025263458306408,1.5277109993992637
42.62,0.996075844077273,0.177239388664318,1.7313449002562562,1.5541055115919382
42.63,0.9957911837639508,0.18355973218116683,1.7583176057264107,1.5747578735452439
42.64,0.9958306688606471,0.18269606641034852,1.7838211383051386,1.60112507189479
42.65,0.995809535990673,0.18315881521629726,1.8078612661055657,1.6247024508892685
42.66,0.9955331849550542,0.18910620122691427,1.8308658969260871,1.641759695699173
42.67,0.9955213870254681,0.18935596042403535,1.852776011838571,1.6634200514145356
42.68,0.9950439325470489,0.19920173973968724,1.8740621950378555,1.6748604552981683
42.69,0.9953772019654092,0.19238220587337393,1.8945984898931811,1.7022162840198072
42.7,0.995376628543042,0.19239414647547018,1.9148911972310523,1.7224970507555821
42.71,0.9950005637522636,0.200072137740088,1.934746155338615,1.734674017598527
42.72,0.9947514297846061,0.2050008370806271,1.9547005021207307,1.7496996650401035
42.73,0.9947699390143188,0.2046387309895714,1.9744916216759636,1.7698528906863922
42.74,0.9939667307959208,0.21980620021298805,1.9946848674864468,1.7748786672734587
42.75,0.9940464442196821,0.21834784447141525,2.014949793809392,1.7966019493379768
42.76,0.9940600713581749,0.21809756409264108,2.0358793768252763,1.8177818127326353
42.77,0.9932642582577516,0.23226393705166704,2.0570764201432272,1.8248124830915602
42.78,0.9931935023426733,0.23348204392875238,2.0791624197072758,1.8456803757785234
42.79,0.992780818039387,0.24046429787865306,2.101674394351473,1.8612100964728198
42.8,0.9929677954843036,0.2373261382979626,2.1252640721811367,1.887937933883174
42.81,0.9930518147879568,0.23590246063657583,2.149402960747644,1.913500500111068
42.82,0.9919974067325691,0.2531922540212888,2.174774893172906,1.9215826391516173
42.83,0.9923986445091066,0.24675502280740758,2.200784952588235,1.9540299297808275
42.84,0.9915418731955303,0.2603086950376754,2.2281505752791757,1.9678418802415003
42.85,0.9920225753356576,0.252793256817216,2.256207955709391,2.003414698892175
42.86,0.9920024800508506,0.2531118771828723,2.2857088926906313,2.032597015507759
42.87,0.9913875476335632,0.26267612341741625,2.315916458057168,2.0532403346397516
42.88,0.9909258094401693,0.26963601174822044,2.3476166713684408,2.0779806596202204
42.89,0.9914566935823497,0.26161802519707766,2.379993420622502,2.1183753954254243
42.9,0.991017113871606,0.26827399642053384,2.4138659786454286,2.145591982224895
42.91,0.9911432466576733,0.2663810501953456,2.4483312954952154,2.18195024529987
42.92,0.9912448988582943,0.26484571133619866,2.484240468142063,2.2193947568058645
42.93,0.9914336948610452,0.26197043219801003,2.5205944281801007,2.2586239959820906
42.94,0.9920996953031761,0.25156675673964074,2.5582749068249675,2.306708150085327
42.95,0.9925190806968374,0.24478995590864958,2.596177022855826,2.3513870669471766
42.96,0.9928643006567175,0.23906822283600337,2.6352132263135224,2.396145003477519
42.97,0.9934831520034005,0.2284546089026227,2.6741630981580378,2.445708489255415
42.98,0.9938224052808213,0.22242240290135049,2.7139724152706495,2.491550012369299
42.99,0.9947492582867803,0.20504327750336201,2.753296286637661,2.548253009134299
43.0,0.9955860487415904,0.18798302576297485,2.793120123133139,2.605137097370164
43.01,0.99662017263259,0.16448058748398392,2.8319666745272376,2.6674860870432537
43.02,0.9974848438028528,0.1418791384238496,2.870871681947696,2.7289925435238462
43.03,0.9981797804579302,0.12069041420506513,2.9082180223569885,2.7875276081519234
43.04,0.9990216338370875,0.08847714904714588,2.945106708314975,2.8566295592678292
43.05,0.9995574583362389,0.059502894594088286,2.979771745773308,2.9202688511792196
43.06,0.9999523860797389,0.019517028075685748,3.0133976551550368,2.993880627079351
43.07,0.999925227785837,-0.024457824268810945,3.0440563435363397,3.0685141678051506
43.08,0.9994143494180131,-0.06845189583057865,3.0730363134084593,3.141488209239038
43.09,0.9984040891436898,-0.1130074519890394,3.0982274085226935,-3.0719504466678536
43.1,0.9962081573388943,-0.17422379704906835,3.121045151227948,-2.98791635890257
43.11,0.9930893391443999,-0.23526385349819307,3.139170484700167,-2.9087509689812263
43.12,0.9888831624375235,-0.29849618005445455,-3.129009745469244,-2.8305135654147895
43.13,0.9834763331743862,-0.36408102030277467,-3.1196808792203137,-2.755599858917539
43.14,0.9760721105177548,-0.43839641482520214,-3.114252387511938,-2.675855972686736
43.15,0.9669713595253856,-0.5154576546840883,-3.1155293652966476,-2.6000717106125593
43.16,0.9571730020816626,-0.5874434770730255,-3.121446660473574,-2.5340031834005488
43.17,0.9421713410798263,-0.6834897279437322,-3.1350210176703723,-2.45153128972664
43.18,0.9254903438539819,-0.7769364173274765,3.1294410549753717,-2.3768078348767383
43.19,0.906411768122726,-0.8721724156832596,3.1024744138820455,-2.3085384776142814
43.2,0.8826962617876997,-0.9784545404391757,3.0704488569632713,-2.2342819097771396
43.21,0.8589600459800698,-1.0751222370528655,3.0304373502349575,-2.1776257198917635
43.22,0.8281045930015217,-1.190156655172031,2.9865300268634787,-2.1064986251440767
43.23,0.795874705753167,-1.3006908460100195,2.936209290807951,-2.046285170361616
43.24,0.7605816107804552,-1.413175702417267,2.8844485973418204,-1.985561007420499
43.25,0.7212942479183873,-1.5302544374697518,2.8291222662684343,-1.9238086034414004
43.26,0.6853741758044531,-1.6313578184599766,2.7755842728003697,-1.8762432159192401
43.27,0.6465263368241883,-1.735548020036728,2.72173522379768,-1.8259020633451783
43.28,0.6074237771578808,-1.835965684129704,2.6725390722354865,-1.774680550814396
43.29,0.559137094089354,-1.954903395732247,2.625551518854438,-1.7027303925929016
43.3,0.531440793748282,-2.0209916071877165,2.584856137870381,-1.6773375621214888
43.31,0.4971266413639259,-2.101024508571353,2.547632642769629,-1.6345281558386042
43.32,0.4621965582677585,-2.180651421868563,2.51708097628083,-1.5854529090301939
43.33,0.42730733058880793,-2.258567838622465,2.4902316470813846,-1.5343858214757367
43.34,0.4027871905015663,-2.3124727621609615,2.469649472141913,-1.5010630728767118
43.35,0.37573211943184287,-2.3712193486265396,2.452448898481716,-1.459517060071331
43.36,0.35567666621452215,-2.414316698559966,2.4408084769690443,-1.4280601316505763
43.37,0.3455975308726671,-2.435841699353247,2.432052379585408,-1.4152912282409313
43.38,0.3180979645837807,-2.494147521198263,2.42813742661926,-1.3609003593620637
43.39,0.29944795044086864,-2.5333646506855714,2.4266295449245807,-1.3231911115694341
43.4,0.29055970392176733,-2.5519692017642273,2.4293552336308433,-1.301860871784516
43.41,0.27846532594166507,-2.577200929124271,2.4341047743299833,-1.2718796037253324
43.42,0.27600644507794314,-2.582319323953937,2.442621917970315,-1.2582440652553346
43.43,0.26396183996096506,-2.6073377950079895,2.45288637605281,-1.2229611361187869
43.44,0.2569215939397137,-2.621921619078162,2.4665839414004727,-1.1946797467009518
43.45,0.2661114921745433,-2.6028790368714887,2.4818470793519616,-1.1984591909561362
43.46,0.2528808435490824,-2.630279202188869,2.5003170027448105,-1.152589102245907
43.47,0.24902139225026362,-2.6382532834394166,2.5202463517748295,-1.1246856719653404
43.48,0.24421775080048216,-2.6481667825717756,2.5432390771811084,-1.0917794474267024
43.49,0.2636597646508106,-2.6079641340389017,2.5676406393708513,-1.1075805337698335
43.5,0.26251725035891216,-2.6103325998034723,2.5950212372090773,-1.0778314701670368
43.51,0.25817278024428514,-2.619331883394664,2.6237962682116245,-1.040057155573298
43.52,0.26619271044592624,-2.602710522179784,2.655502666171769,-1.0249721188280334
43.53,0.28504630104433254,-2.5634831878579747,2.6886060371091687,-1.0310960822124433
43.54,0.2817295014700209,-2.57040035801852,2.7246076654708182,-0.9881772836902484
43.55,0.2939024903188939,-2.5449784630169154,2.762005501612436,-0.9762013425502354
43.56,0.30945173028638495,-2.5123598381617622,2.802259925983442,-0.968565543034382
43.57,0.309136745901443,-2.5130222893067455,2.8438843043627666,-0.9262787135100743
43.58,0.32546593350298547,-2.4785837557983865,2.888290217508267,-0.9163113338729331
43.59,0.34293632141796615,-2.441510653654722,2.9339901866287232,-0.9076844668961415
43.6,0.35306500578620714,-2.419902513453832,2.9823373032673146,-0.8809454904584398
43.61,0.36429507433007985,-2.3958411515194267,3.031828372902847,-0.855515782757313
43.62,0.37792304096600815,-2.366488782904774,3.083748340862143,-0.8329481834126697
43.63,0.38836764357590503,-2.343873600699739,3.1365667454750903,-0.802744961004757
43.64,0.40499677356181174,-2.307642049939358,-3.0916916210346073,-0.7840495710952496
43.65,0.42206278444663414,-2.2701536553132957,-3.0362191394148264,-0.7660654841015307
43.66,0.4323665378791195,-2.247361322298818,-2.979066065457137,-0.7317047431583192
43.67,0.44751305641502487,-2.2136277645555626,-2.9218238489458295,-0.7081960843902667
43.68,0.4616299234791794,-2.1819291730497854,-2.8634233810811196,-0.681494208031334
43.69,0.472198964928292,-2.158025232852527,-2.80546972814008,-0.6474444952875531
43.7,0.4840634089144557,-2.1310076518601417,-2.746941114830348,-0.6159334629702065
43.71,0.4935707538041552,-2.109211261366841,-2.689432625773499,-0.580221364406658
43.72,0.5025312993332045,-2.0885443678131486,-2.6319453338297922,-0.5434009660166436
43.73,0.512357268087958,-2.065737698824247,-2.57603771731637,-0.5103000184921234
43.74,0.5195526979732513,-2.0489379271816035,-2.5207099011587704,-0.4717719739771671
43.75,0.5261784935620786,-2.0333919078856977,-2.4674615192829132,-0.43406961139721567
43.76,0.5317226803344569,-2.0203260009076045,-2.4152751213976837,-0.3949491204900794
43.77,0.5341631321915749,-2.014557637758174,-2.36557936187466,-0.35102172411648563
43.78,0.5338538031722604,-2.0152893625583235,-2.3173329952616073,-0.30204363270328377
43.79,0.5316896263641678,-2.0204040569762594,-2.2718934978559018,-0.25148944087964237
43.8,0.5321009114243516,-2.01943268205573,-2.228199052373834,-0.2087663703181044
43.81,0.5215731879562389,-2.044205118912335,-2.1875461654061885,-0.14334104649385365
43.82,0.5137901060419301,-2.0623990901635922,-2.148861484754022,-0.08646239459042959
43.83,0.5034806037600469,-2.0863476230406226,-2.113398644715381,-0.02705102167475861
43.84,0.49200101424365716,-2.1128192344513024,-2.080083675328247,0.032735559123055605
43.85,0.47689417564979303,-2.1473570688019756,-2.050152172708769,0.09720489609320702
43.86,0.4550136783560486,-2.1968175042961406,-2.0225396461940774,0.17427785810206334
43.87,0.4345720377599814,-2.2424665635370484,-1.998496798819058,0.24396976471799023
43.88,0.4117919663624901,-2.2927534076805705,-1.976976762824175,0.31577664485639556
43.89,0.3832021171193244,-2.3550715188810427,-1.9592918124370473,0.39577970644399546
43.9,0.35504142687626233,-2.4156758919902135,-1.9444189725902636,0.47125691939994974
43.91,0.32340747882274967,-2.4829360956009765,-1.9338012800043873,0.5491348155965889
43.92,0.28824640589103345,-2.556802634765767,-1.926444807250708,0.6303578275150588
43.93,0.25020432340615617,-2.635810083191004,-1.9240311041636942,0.7117789790273101
43.94,0.2121018456415475,-2.714142171997775,-1.9255998356458541,0.788542336351921
43.95,0.17018338512465037,-2.799561121563431,-1.9332427236165186,0.8663183979469125
43.96,0.12560300493841486,-2.8897214009368053,-1.9460334522864269,0.9436879486503783
43.97,0.08174019247849776,-2.9779296711737095,-1.9667447393598725,1.011184931813837
43.98,0.03429194437254467,-3.0729953159995436,-1.994455736621048,1.0785395793784955
43.99,0.02203123179991755,3.0975266247401914,-2.0330116016062907,1.1526470808331042
44.0,0.07473921384185517,2.9919747117545343,-2.081320795956961,1.209889799468091
44.01,0.1367926023557025,2.8671469522823485,-2.1446863524600714,1.2713520024371665
44.02,0.20606953680147042,2.726479499396397,-2.2210681430603536,1.335637664722836
44.03,0.27647264172423874,2.581349181249898,-2.316900923543415,1.3849352023862733
44.04,0.3515770891998438,2.423082233245812,-2.4266959366145513,1.4334071373192234
44.05,0.43355208952667806,2.244730893888801,-2.555595423229644,1.4828589900611417
44.06,0.5114572156700522,2.067833181544803,-2.6906843988227593,1.5246677268120241
44.07,0.5876197422549694,1.8853647250674144,-2.83360193142496,1.564218650687212
44.08,0.6568481332078334,1.7083305687009973,-2.9662389452119093,1.6086157932666798
44.09,0.7123726927511602,1.5558460631228475,-3.091706111345301,1.6356331327114382
44.1,0.7603318863552917,1.4139448087398263,3.0870706896400355,1.6731258809002092
44.11,0.8001039084604817,1.28665581605189,2.9955615032407867,1.7089056871888968
44.12,0.8275530015287605,1.1921231810093345,2.9248238852613406,1.7327007042520062
44.13,0.8512145186579266,1.1050023724543496,2.865235239290677,1.7602328668363272
44.14,0.8686823456717233,1.0365203686346312,2.821883517710043,1.7853631490754118
44.15,0.8811992381479303,0.9848066771818258,2.7864291980841926,1.8016225209023669
44.16,0.8935809523407714,0.9310725803503618,2.7629803901103105,1.8319078097599488
44.17,0.9025051722438074,0.8904900180324716,2.7449104130556097,1.854420395023138
44.18,0.9083143190581193,0.8631200305982534,2.7358594461572574,1.872739415559004
44.19,0.9132940525203664,0.8389933900398867,2.7305850048224407,1.891591614782554
44.2,0.9174788505882766,0.8182017554302556,2.7323800739001527,1.914178318469897
44.21,0.9209582905849065,0.800527306472981,2.737011753233442,1.9364844467604612
44.22,0.9239001502144285,0.7852904030793785,2.7474687543264333,1.962178351247055
44.23,0.9235377031051235,0.7871827280849176,2.760249833686099,1.9730671056011817
44.24,0.9245958868948642,0.7816458146645301,2.778071480246374,1.9964256655818438
44.25,0.9252807773877054,0.7780422300827272,2.7979751881043704,2.019932958021643
44.26,0.9239380885908288,0.7850920780307997,2.8224344815469653,2.0373424035161656
44.27,0.9227622413074341,0.7912169813542267,2.848905572919717,2.05768859156549
44.28,0.9200095259814275,0.8053830697040087,2.8796437020568666,2.074260632352858
44.29,0.9195533710201858,0.8077078371879187,2.9124299831366227,2.104722145948704
44.3,0.9167479534174606,0.8218688426903205,2.9493191803729686,2.127450337682648
44.31,0.914048321232904,0.8352819234800632,2.9883500575281707,2.1530681340481075
44.32,0.9086924715121429,0.8613101572446968,3.0313860337873346,2.170075876542638
44.33,0.9069797192289047,0.8694793310199391,3.0766681947461874,2.2071888637262482
44.34,0.9010448066700121,0.8972477953842195,3.125867685412694,2.2286198900284746
44.35,0.897402450459746,0.9138996325210218,-3.10580790761711,2.2634777670414548
44.36,0.8922255484101766,0.9370933010607099,-3.0505205616487068,2.29557144447017
44.37,0.8836332523901452,0.9744593730588036,-2.992960263415785,2.315765670704998
44.38,0.8783511338887353,0.9967890599635003,-2.9318834360455948,2.3545128111704914
44.39,0.8693779663723425,1.0337084092041422,-2.868739549876811,2.3807373480986334
44.4,0.8617531966866965,1.0641619664345916,-2.802531014371962,2.416492326373033
44.41,0.8534641924488751,1.0963991750013895,-2.7346895547667334,2.4520965774114636
44.42,0.8424435797056662,1.1379874030604402,-2.6644749054013888,2.4807229987177575
44.43,0.8351223566957624,1.164882276680517,-2.5933148019643455,2.524988228534724
44.44,0.8254635964714294,1.1995466059444204,-2.5207101674483083,2.5629285337868577
44.45,0.8171384511381343,1.2287341625380874,-2.4480607251195554,2.6063904195219436
44.46,0.8050223950267513,1.2701662189317238,-2.3750544607252313,2.6379646275226314
44.47,0.7963849636247056,1.2990043936109272,-2.303000074185273,2.6811808393833862
44.48,0.7833927040585494,1.3413809490708204,-2.23168938573301,2.7101149723757563
44.49,0.7751091273809894,1.3678170660157043,-2.1622594612155823,2.7531087799483
44.5,0.7653074124724641,1.3985550696771425,-2.094523675182844,2.7901065623196
44.51,0.7580826373334492,1.4208565653586624,-2.02938427412509,2.832944467695834
44.52,0.7515677119186851,1.4407217888983372,-1.9666267944934874,2.875836723787762
44.53,0.7418500974460972,1.4699423062244372,-1.9068965283295247,2.9063464726256245
44.54,0.73881165306444,1.478982066880435,-1.849944896915464,2.9542583433836875
44.55,0.7322023884387624,1.498492669585572,-1.7961764202260062,2.988516217368008
44.56,0.7242681958250294,1.521647703086193,-1.7453313891554838,3.0162062149379096
44.57,0.7177999934290789,1.5403179471587005,-1.697608550683722,3.045258809337164
44.58,0.7149775454203302,1.5484086757902762,-1.6527683018175479,3.0820083295717624
44.59,0.7059156245751885,1.5741625951137612,-1.6108393835741148,3.0981833284917104
44.6,0.7017337953094493,1.5859362662199745,-1.5716281669756134,3.1256208739839986
44.61,0.6944551981191869,1.606267720405518,-1.5350217327360094,-3.1412894531415274
44.62,0.6881844981935732,1.6236250893647826,-1.50088909847916,-3.1245141878439426
44.63,0.6813684001400531,1.6423315287715594,-1.4689962696058299,-3.1113277983773893
44.64,0.6776284603559785,1.6525266267547805,-1.4392841057915726,-3.091810732546353
44.65,0.6559480164343919,1.7107168343082504,-1.4114130610375548,-3.122129895345805
44.66,0.6475833787883248,1.7327752446004743,-1.3854006037074509,-3.118175848307925
44.67,0.6356830066029385,1.7638066961648606,-1.3608146545602229,-3.1246213507250835
44.68,0.6199460158012209,1.8042448526064567,-1.3377519277055787,3.141188526867551
44.69,0.60395642058113,1.8446809318663981,-1.3156996148277031,3.122804760485485
44.7,0.5787922571714467,1.9070988914167408,-1.294835285700125,3.0812511300627206
44.71,0.5491019783948108,1.9790139432807021,-1.2745761083332126,3.0295952555656718
44.72,0.5293779280851658,2.025858341676987,-1.2551813097812818,3.0021456557213178
44.73,0.49783289736001374,2.0993962067437395,-1.236007122761482,2.947781977674365
44.74,0.47078936665373905,2.161222075614175,-1.217394266703882,2.9045689648615296
44.75,0.42597246753109336,2.2615196993199835,-1.198644920860432,2.823020686999171
44.76,0.39998174477728876,2.3185987974435327,-1.1801800392628388,2.784406470473215
44.77,0.3686716463633713,2.3864334511638314,-1.1612521303286532,2.735499725687102
44.78,0.3315932659851781,2.465608873510329,-1.1423601384023354,2.6752162952669223
44.79,0.3072658276648328,2.5169555953105975,-1.1227089088892797,2.643520802979709
44.8,0.2735297783272014,2.58747094225725,-1.1028724917433834,2.592841873178953
44.81,0.25335692227881096,2.629294994162445,-1.0820081737783651,2.5718821392387765
44.82,0.22203241576796282,2.693795808505116,-1.0607620692429376,2.528627429431533
44.83,0.19144336453677005,2.756327651963366,-1.03824277234229,2.48861488287393
44.84,0.17593562070547492,2.7878803862534642,-1.0151657677381685,2.4801391531879537
44.85,0.15823030452251813,2.8237964127706534,-0.9905892998257293,2.4687995945832037
44.86,0.13736083897162266,2.8659996489884283,-0.9652963279468652,2.451889330244293
44.87,0.11443471769170246,2.9122207322828064,-0.9382932465951128,2.432671328301667
44.88,0.09774508224458302,2.945789854302247,-0.9104297743450965,2.426965678532243
44.89,0.08829671323226398,2.964768955499232,-0.8806597335854924,2.437756618094862
44.9,0.07299774121284192,2.995467198965096,-0.8499004058133954,2.437817702401095
44.91,0.05978759841762336,3.02194610386214,-0.8170536690376532,2.4441855342797933
44.92,0.04511523885595913,3.0513315388516165,-0.7831070190201005,2.4487467493078694
44.93,0.03363690047471167,3.0743061601200017,-0.7469128988310474,2.461966248228537
44.94,0.02331049721939772,3.0949674359711916,-0.7095338380699395,2.4786840331384554
44.95,0.006495499799425042,3.128601562637544,-0.6697776911569615,2.484806053385081
44.96,0.003086383371105043,3.1354198770474895,-0.628789252863768,2.518976177268329
44.97,0.016076436816807725,-3.109438394800285,-0.5853392247991351,2.5240991700011497
44.98,0.028018513428608914,-3.085548292283803,-0.5406642964184614,2.5448839958653418
44.99,0.03966795467037189,-3.062235923043499,-0.49350784170771456,2.568728081335784
45.0,0.05182063083885481,-3.0379049497783535,-0.44520989352580004,2.5926950562525533
45.01,0.054536742001914655,-3.0324650283429593,-0.39449769338331236,2.637967334959647
45.02,0.07345753313935974,-2.994545139607361,-0.34282636152362517,2.6517187780837355
45.03,0.08408430212618052,-2.9732252527662113,-0.28891737261156447,2.684307880154647
45.04,0.09231255844785126,-2.9567043088742206,-0.2343502622097109,2.7223540466645098
45.05,0.0967873526273562,-2.9477144392244212,-0.1778468426963845,2.769867596528037
45.06,0.10642387180942325,-2.928341061235669,-0.12111436669766557,2.8072266945380036
45.07,0.11695473445995601,-2.90714662377925,-0.06287286123562469,2.8442737625436254
45.08,0.12117533775854959,-2.8986449334154103,-0.004951288642166796,2.8936936447732435
45.09,0.12796428278141414,-2.8849604248828276,0.05394527632574588,2.9389057012085735
45.1,0.13615129330338752,-2.8684416840038116,0.11188235206731273,2.9803240360711243
45.11,0.13798279203028702,-2.864743784381632,0.17019357778497052,3.0349373621666023
45.12,0.14098431349466584,-2.858681476245526,0.22686195083210234,3.0855434270776283
45.13,0.13750830808737394,-2.86570188523078,0.2832894924543434,-3.1341939294944634
45.14,0.14404410504274281,-2.852498782296402,0.33739901064172545,-3.093287514241459
45.15,0.14026028057159617,-2.860144075512705,0.39068921756542696,-3.0323520141014546
45.16,0.135128804529635,-2.870505737249602,0.44103565234444675,-2.971643917585538
45.17,0.13783597952319096,-2.8650402420939547,0.4900546370789855,-2.928090428006646
45.18,0.12368049510080678,-2.8935966410963845,0.5355716561316327,-2.854017009951569
45.19,0.1221109086069005,-2.8967597924040955,0.5793326432999476,-2.807092871475543
45.2,0.11212768875052245,-2.9168646845168418,0.6190923471572592,-2.7472282755054853
45.21,0.10046540433513343,-2.940322291330004,0.6567327889738429,-2.68613022687574
45.22,0.08883227783186635,-2.96369360061999,0.6898998205038062,-2.6295918860557905
45.23,0.07907094669972349,-2.983285505313361,0.7206188123077671,-2.5792809895584585
45.24,0.06303601374479847,-3.0154369844343947,0.7463710496530676,-2.5213772730921242
45.25,0.048564316138894156,-3.044425801204245,0.7693404554271838,-2.4694190505481575
45.26,0.030006827861649196,-3.081569988068914,0.7867677734315539,-2.4148475456791187
45.27,0.010978402500777558,-3.119635407505818,0.8010263190243004,-2.362523580649468
45.28,0.00882153857907321,3.1239493475942663,0.8090140548294303,-2.314935292764836
45.29,0.027394499920989333,3.086796798619619,0.8133505408123776,-2.273446257807241
45.3,0.05176285904820089,3.038020648638311,0.8104556627464523,-2.2275649858918585
45.31,0.07414655549681773,2.9931633265368345,0.8032963416565057,-2.1898669848803287
45.32,0.1053304186603038,2.9305403292528984,0.7876460177905353,-2.142894311462363
45.33,0.13497897586517665,2.8708081653480653,0.7670003020582778,-2.1038078632897874
45.34,0.165160760518586,2.809750637338522,0.7363103853339772,-2.073440252004545
45.35,0.1925230241477249,2.7541274040782433,0.6999294698138733,-2.05419793426437
45.36,0.23113861861506185,2.6750969933643196,0.6518883640988588,-2.023208629265461
45.37,0.26944381949667207,2.59596176443147,0.5979669123859301,-1.99799485204554
45.38,0.31116611593334353,2.5087530183831106,0.5314109865391871,-1.9773420318439237
45.39,0.3517375105673379,2.4227394997105103,0.4602257521733132,-1.9625137475371972
45.4,0.3958873558080305,2.32752474613326,0.37730317087874027,-1.9502215752545198
45.41,0.44370618277177065,2.222132595209165,0.2934152557549901,-1.9287173394541748
45.42,0.49010759645087393,2.1171662797279813,0.20141049743522238,-1.9157557822927587
45.43,0.5322585482321446,2.01906029613325,0.1140898564692115,-1.9049704396640386
45.44,0.5648781104707028,1.9410215886995414,0.023871152864158442,-1.917150435835383
45.45,0.5880324450772982,1.8843444301288188,-0.056500178321973446,-1.9408446084507922
45.46,0.6239820906387663,1.7939361636658897,-0.13553502215615498,-1.9294711858220446
45.47,0.6256568218832916,1.7896462095018082,-0.20223810520045624,-1.9918843147022645
45.48,0.6448706299529289,1.7398846470849183,-0.2656786847981928,-2.005563331883111
45.49,0.6534664339329186,1.7172828969353353,-0.3169006079142214,-2.034183504849557
45.5,0.6560730770507571,1.7103854389285242,-0.36468118717008785,-2.075066626098612
45.51,0.6390076026000745,1.7551778423856446,-0.4016577678941355,-2.15683561027978
45.52,0.6328060078939381,1.771249155557527,-0.4357458684429285,-2.2069950240004554
45.53,0.6002821064976214,1.853885076457283,-0.4607106833694961,-2.314595759826779
45.54,0.5826715178057883,1.8975686265810627,-0.48344848075947666,-2.3810171073405395
45.55,0.5346004165154867,2.0135229430840402,-0.4985445437593967,-2.512067486843437
45.56,0.4720405430956228,2.1583846557611297,-0.5119470844075307,-2.6703317401686606
45.57,0.41727810674564925,2.2806963685743114,-0.518871694879861,-2.7995680634541724
45.58,0.36294863598755545,2.398731910720131,-0.5244623885435102,-2.923194299263641
45.59,0.29362505516563325,2.545558945338083,-0.5244405051249931,-3.0699994504630763
45.6,0.2523203720859732,2.6314377149682113,-0.5232899170982822,3.128457675113093
45.61,0.19105444264284063,2.7571201235366485,-0.517148839990874,3.008916343652064
45.62,0.1566291486277743,2.8270391613885373,-0.5099621844380519,2.946183961352997
45.63,0.1226783947557822,2.8956162221696857,-0.4982178747821503,2.8893512102277503
45.64,0.09447615086998752,2.9523581268431567,-0.4854174143170914,2.8454097660193383
45.65,0.06466392057514946,3.0121745133655744,-0.4683462612947201,2.802664532519292
45.66,0.04373871088003174,3.054087315981796,-0.45013620829330064,2.77896178290449
45.67,0.013702019007265042,3.114187758006139,-0.42782957424054546,2.741167974932902
45.68,0.004046018590052765,3.133500594331391,-0.40424535820400437,2.745439354644191
45.69,0.015113227906827155,-3.1113650469887806,-0.3766516936507258,2.734713353338055
45.7,0.027731755468636772,-3.086122031153219,-0.3475997605392601,2.738522270613959
45.71,0.039199584567322636,-3.0631733924346456,-0.31456126543814056,2.748612126996505
45.72,0.057691114007444276,-3.026146325760062,-0.27985697054907543,2.7462893552109864
45.73,0.05986859939367802,-3.0217838111943025,-0.241148767541494,2.7806350436528087
45.74,0.07996519677309502,-2.9814913236940024,-0.2005608779226224,2.78093044577138
45.75,0.08585637116960548,-2.9696682502360536,-0.15594163257259733,2.8137266176634563
45.76,0.10091396100083623,-2.9394205954641093,-0.10925285064378727,2.830167744820322
45.77,0.11775106095425257,-2.9055428893850666,-0.05853635382906228,2.8470065355560044
45.78,0.12350465648337122,-2.8939510354568134,-0.005629071310731802,2.8883219641460816
45.79,0.1384929879499702,-2.863713500833408,0.05121531748078091,2.9149288183141886
45.8,0.14850296687163658,-2.843484090211983,0.11024275876880221,2.9537268489807853
45.81,0.16008057605425247,-2.820048091281261,0.17296020130323772,2.993008292584499
45.82,0.17283581020682753,-2.7941764824873307,0.23765327452063295,3.0318297570079635
45.83,0.18452309009128096,-2.7704194579859895,0.30556072828909814,3.0759801862750877
45.84,0.1899616971557611,-2.7593463872547974,0.37497408667900306,3.1343204739338004
45.85,0.2002226568522762,-2.7384223050668948,0.4468492883393878,-3.097913713773304
45.86,0.20763044778328285,-2.7232886678901598,0.5194770912495376,-3.040419548039889
45.87,0.2198281402990942,-2.6983160576711924,0.5935499561675712,-2.9913192933408226
45.88,0.22568333695972775,-2.686303828194809,0.6673950330480118,-2.929486445936766
45.89,0.23048608253395111,-2.6764382826692854,0.7415055056080851,-2.865241518902216
45.9,0.23561717815445798,-2.6658854998781965,0.8143250987254048,-2.8029747085759853
45.91,0.23646453857944658,-2.6641414989600216,0.8862427345231703,-2.7328010736963946
45.92,0.23522539895289826,-2.666691718332252,0.9559131799928626,-2.6605804088544716
45.93,0.23255677955987272,-2.6721812225435246,1.0237086274725065,-2.5872954571635556
45.94,0.2314076217487768,-2.6745439946727725,1.0885617930001705,-2.5200795195066434
45.95,0.22626588545029772,-2.6851077935957615,1.150872615033162,-2.447204898550663
45.96,0.21762019621194845,-2.702841523259488,1.209868096433431,-2.3704756874866675
45.97,0.21073319255931777,-2.716942783890037,1.2659714611271682,-2.3002710621623814
45.98,0.2031618287165208,-2.732420617858517,1.3186791166130103,-2.2320855727080593
45.99,0.19318600969913766,-2.752776064742673,1.368404884293647,-2.1620043581432666
46.0,0.18138095804301488,-2.776811612832393,1.4148734943802384,-2.091500199966955
46.01,0.17217226651692877,-2.7955237672964226,1.4584527515052523,-2.0292087883779115
46.02,0.15967062578246627,-2.820878675494798,1.4990575825128012,-1.9632490491719874
46.03,0.15165578992880308,-2.837106204996743,1.5369822290043373,-1.9090968731785063
46.04,0.13916875017472508,-2.862348760353985,1.5723033147692675,-1.8485332320563337
46.05,0.13025358331346537,-2.880343178320709,1.605224943459051,-1.7976171853998262
46.06,0.11646615417577766,-2.9081305082398097,1.6359652387851276,-1.7390895601546492
46.07,0.11034533052185579,-2.920451662390856,1.6646293880139242,-1.6981042567748066
46.08,0.10215037291861473,-2.936934926163682,1.6915615960663761,-1.6546887849495282
46.09,0.0931110105728776,-2.955100496941951,1.7167634542785055,-1.61132135595913
46.1,0.08405183839879915,-2.973290410879785,1.740691990235343,-1.5692029060644586
46.11,0.07754216795037149,-2.986352480795931,1.7632422147240463,-1.5335906116596092
46.12,0.07057413770170473,-3.000326945044837,1.784971923322162,-1.4978864388125877
46.13,0.06791379587559922,-3.005660431966697,1.8056672771815878,-1.4718575980313018
46.14,0.06310151996952648,-3.015305710642904,1.825976287174562,-1.4419033093621203
46.15,0.057513094724872614,-3.0265029564680495,1.8455746267467232,-1.4111077239648138
46.16,0.055747265768273165,-3.0300402914774383,1.8651922763240363,-1.3879527393781121
46.17,0.04939895733886864,-3.042754512673067,1.8843936126670815,-1.3560371818394379
46.18,0.04920443484218715,-3.043144031348257,1.903985314066602,-1.3360559617647272
46.19,0.05067280332063232,-3.040203625347307,1.9234205392158792,-1.3195611426164005
46.2,0.048471276280173003,-3.044612100322826,1.9435805484169315,-1.2949926584398292
46.21,0.04625552119960025,-3.0490485903628444,1.9638080121932049,-1.2703287046235372
46.22,0.049007058352925716,-3.043539261138532,1.9850594696509265,-1.2545865763901278
46.23,0.05106146974697763,-3.039425284872864,2.0065680067683043,-1.2371920155384184
46.24,0.05641731106934725,-3.0286980884235755,2.029368240981603,-1.2251189777744083
46.25,0.0601585002350569,-3.0212029625661527,2.052584175481153,-1.2093981691322806
46.26,0.060521518511656686,-3.0204756006693954,2.0773325461548717,-1.1853771603553191
46.27,0.06473674588068806,-3.0120285569375627,2.1026278279406996,-1.1685289223013242
46.28,0.06722764298870208,-3.0070358813752005,2.1296733117172604,-1.1464761140871258
46.29,0.06653655940079498,-3.00842115035494,2.157372100765882,-1.117392056058765
46.3,0.07634214569256913,-2.9887596614055814,2.18701813922631,-1.107407506547695
46.31,0.08153478304919055,-2.9783418659021894,2.2173995662180666,-1.0874438750593307
46.32,0.0852002396112056,-2.9709853395332804,2.249904143981647,-1.062295823664659
46.33,0.0892560067841628,-2.9628427629097955,2.2831994336554557,-1.037143110614335
46.34,0.0978270842274912,-2.945625060555219,2.3187688011502683,-1.018791445474099
46.35,0.10390509874977918,-2.933406698510156,2.3551513961650055,-0.994627212504425
46.36,0.10904522191621283,-2.923067666689146,2.393926332112346,-0.9661913083780942
46.37,0.11103203629448392,-2.919069759198972,2.433494215456138,-0.9306213325244768
46.38,0.12633740606168156,-2.888240804259416,2.475528423692747,-0.9194160792274233
46.39,0.13311574949606184,-2.8745685564723535,2.5182787475742545,-0.8903380031329786
46.4,0.13666568857528957,-2.867403186272571,2.563510175899469,-0.8522719450075461
46.41,0.14284590208509906,-2.854920230280124,2.609307841152915,-0.8189572357465472
46.42,0.1474467753963273,-2.84561998710002,2.6575256303864876,-0.7800396896930789
46.43,0.15782324913813825,-2.8246208831585813,2.7060697539580265,-0.7524946700629785
46.44,0.1648408583702546,-2.8103993330302037,2.7568821258005243,-0.7159038483488585
46.45,0.16704568597792485,-2.805927678673361,2.8076770709606382,-0.669580557545587
46.46,0.1750838072765721,-2.7896108743258052,2.860488077231909,-0.6330863556218724
46.47,0.18196541929673973,-2.775622909043701,2.912827817351021,-0.5947345807848643
46.48,0.18534868725632406,-2.768739281545567,2.9668319876089333,-0.5476140380250863
46.49,0.18860278036589084,-2.7621142566165546,3.019806162421866,-0.5012648881411658
46.5,0.19150609512103645,-2.7561998256948326,3.0740076813871218,-0.45297780009763194
46.51,0.18938079880734696,-2.7605296632036853,3.126532939775603,-0.3961227042002979
46.52,0.19167852418321243,-2.7558484583487153,-3.103396466819866,-0.3475480084711508
46.53,0.18849332906712718,-2.7623371571663022,-3.0525254833050397,-0.2901883261387374
46.54,0.18999552414016305,-2.7592774783325082,-3.0014491368412215,-0.24217165850871306
46.55,0.18437622663466172,-2.7707183126591772,-2.953505529433137,-0.18278721677395982
46.56,0.18022089833724397,-2.7791706093332182,-2.9058849710892876,-0.1267143617560692
46.57,0.17341516104598506,-2.7930000158799455,-2.8621754858184825,-0.06917546993853683
46.58,0.16365989935104538,-2.8127937708466595,-2.819312242274516,-0.006518471427856666
46.59,0.15382458440606928,-2.832717115191698,-2.781186935338432,0.05153017985326603
46.6,0.14267666435927648,-2.8552622085644708,-2.7444435221374124,0.1108186864270585
46.61,0.12754509992674645,-2.8858057170947458,-2.713367869791078,0.1724378473036678
46.62,0.12089171843103096,-2.8992163730568903,-2.6842716340531814,0.21494473900370886
46.63,0.10027574030391381,-2.9407035446753516,-2.661975419334621,0.2787281253407309
46.64,0.08350350906165781,-2.9743909385047345,-2.6424031240066905,0.3319878144980439
46.65,0.06390187546290237,-3.0137017624129228,-2.6311191489113877,0.3825826135015353
46.66,0.045317759971759804,-3.050926081922447,-2.6235718887836965,0.4273541931387506
46.67,0.01551669211930954,-3.110558023909963,-2.6263663161723136,0.48419170773764925
46.68,0.011269009846815684,3.119054156849524,-2.6343124862982177,0.5298186640318451
46.69,0.04628446868581166,3.0489906333166976,-2.6554287517120057,0.5787659221508831
46.7,0.07374509831338127,2.9939684451147706,-2.6835298345904697,0.6056870274743463
46.71,0.11697703442309623,2.9071017156002297,-2.728339726412716,0.6477438651666412
46.72,0.15932803692368097,2.8215727385864318,-2.7818208190340545,0.6797917495591003
46.73,0.21321516524851922,2.71186340956388,-2.8550817452431647,0.7162401523725417
46.74,0.2703883939426999,2.593999794668275,-2.9364386753129557,0.7527468371983561
46.75,0.3351746587601694,2.45801144162062,-3.0367695472887,0.7884043182702661
46.76,0.3846877734167681,2.351853569224576,-3.138884400887913,0.7924473370670971
46.77,0.44585300799897515,2.21733864678125,3.031199527469274,0.813860880688024
46.78,0.48315855350091985,2.133075224150041,2.9276090248315523,0.794533800681511
46.79,0.547707139117989,1.9823500296349905,2.8240364541606073,0.8416864245256167
46.8,0.5671229279353734,1.9355756744812949,2.738135678497698,0.8025600040164029
46.81,0.5830734495298331,1.8965793336443186,2.658299032701691,0.7617196990573724
46.82,0.6157683565804534,1.814871139180338,2.5970427804806855,0.7821716413003476
46.83,0.6223745303623474,1.798047153682719,2.542318367700564,0.7442712140178451
46.84,0.6401314156727052,1.7522540366342367,2.503195043483461,0.7509410068492244
46.85,0.621364323998937,1.8006271039995847,2.4689443949136725,0.6683172909140878
46.86,0.6200599673668954,1.80395438192982,2.4468536009308344,0.6428992190010143
46.87,0.6060693348467106,1.8393735358982128,2.4279085350088536,0.5885349991106408
46.88,0.5820327274643832,1.8991401890862216,2.4184132612513,0.5192730721650781
46.89,0.55002402830581,1.9768066358255383,2.410808707137484,0.43400207131194557
46.9,0.5265664209191111,2.0324794104009767,2.4107588475547006,0.3782794371537241
46.91,0.47010634800419226,2.1627701199639593,2.411800046418262,0.2490299264543027
46.92,0.4202999457266015,2.274040943019248,2.4191252118661133,0.14508426884686562
46.93,0.3945324232274133,2.330474770677598,2.427073926203088,0.09659915552548994
46.94,0.3290532051042277,2.4709911139785743,2.440469135435888,-0.030521978542686304
46.95,0.2903829854665904,2.5523385642210816,2.454245259679231,-0.09809330454185089
46.96,0.23637520090304578,2.6643253873673056,2.472924019505198,-0.19140136786210793
46.97,0.21362976800908431,2.7110146485866915,2.4918914858037264,-0.2191231627829652
46.98,0.1623424020679918,2.8154644840666676,2.51541740724491,-0.30004707682175763
46.99,0.12412880758322282,2.892693053191248,2.5392415225045317,-0.35345153068671614
47.0,0.0910732223027021,2.959193467322603,2.5674170101116514,-0.3917764572109514
47.01,0.06132653264023758,3.0188625760235714,2.595969517423148,-0.42289305860042353
47.02,0.031677532445676455,3.0782269881347104,2.6287601316660014,-0.44946685646870915
47.03,0.005934155810322667,3.1297242723125174,2.6620524932054446,-0.4676717791070728
47.04,0.03384742649471559,-3.073884868183399,2.6995307531186765,-0.5097696858775107
47.05,0.04541378324117212,-3.050733837456988,2.737661262306017,-0.4947902074165815
47.06,0.08196738529120103,-2.9774737556536657,2.7799578258501727,-0.525753725675748
47.07,0.10685279823553841,-2.927478288740496,2.823061673844503,-0.5326453445945872
47.08,0.13718768939622453,-2.8663492578600005,2.8703145094905205,-0.5465215398290657
47.09,0.15496413987568616,-2.83041034432417,2.918508271563722,-0.5342666912916946
47.1,0.17528618874211715,-2.78919975363168,2.9708025357400727,-0.5231830178078335
47.11,0.20311760780672414,-2.7325109429784384,3.0241169489413973,-0.5265574152597509
47.12,0.22807377647122282,-2.681394938950219,3.081411282616491,-0.5203790856128765
47.13,0.25363320287734803,-2.6287237750506973,3.1397103503945947,-0.5147511817342945
47.14,0.2698358297039476,-2.5951475879285897,-3.0814342874144494,-0.4862866994858595
47.15,0.2985720096658912,-2.5352005235271564,-3.0185421068542717,-0.4833415833271153
47.16,0.3128564879226887,-2.5051946335131343,-2.9523079231373495,-0.44711328962421526
47.17,0.3367643847445534,-2.4546357710473052,-2.8855487826992787,-0.43091301165197343
47.18,0.36156440075733703,-2.4017021230078277,-2.8160361082431336,-0.4143339852353056
47.19,0.3790570020171733,-2.3640385785463183,-2.746509536532029,-0.38247095798571074
47.2,0.4027921638074002,-2.3124618950217872,-2.6750004431557732,-0.3625385481339858
47.21,0.41661298945837427,-2.2821598833415933,-2.6041428160103495,-0.321982932668756
47.22,0.4345390618470472,-2.2425397908613682,-2.5322030655559025,-0.2896632746945341
47.23,0.4443644730243131,-2.2206632124831613,-2.4616574010713794,-0.24099418858821822
47.24,0.46124913069206286,-2.182787615237506,-2.3909643192256693,-0.20817670398816318
47.25,0.4706974545115876,-2.1614304293498705,-2.3223780379639862,-0.16094760861411556
47.26,0.48059309035092646,-2.1389308488874854,-2.25450414167163,-0.11557329278414437
47.27,0.4855426095594534,-2.127625165108174,-2.189318063513722,-0.061692898405548154
47.28,0.4903287645466201,-2.1166587805111523,-2.1255436544371045,-0.00888487392595206
47.29,0.4912963626573107,-2.114437646873901,-2.0648436320298025,0.04959401484409841
47.3,0.49233971911489377,-2.1120410488005654,-2.006056094802848,0.10598495399771753
47.31,0.4895520318808857,-2.1184407763350697,-1.950522539637425,0.16791823669764477
47.32,0.48556180500088975,-2.1275812500476015,-1.8972114575914778,0.2303697924561238
47.33,0.4768724763096077,-2.14740644346548,-1.8471517359778218,0.3002547074876581
47.34,0.4672249208633153,-2.1692937988230865,-1.7994670978686453,0.3698267009544412
47.35,0.45466178173392424,-2.1976077732582953,-1.754888911361366,0.44271886189692944
47.36,0.4414795607280639,-2.227098730457302,-1.7127196768489896,0.5143790536083125
47.37,0.4264582843913877,-2.260445621923497,-1.6734080967289673,0.5870375251945298
47.38,0.4076596932743008,-2.3018133490739956,-1.6364527975995442,0.6653605514744513
47.39,0.39124152950373287,-2.337632108203732,-1.6020325634229462,0.7355995447807857
47.4,0.3707473605408418,-2.381965452171224,-1.5698526515005622,0.8121128006706618
47.41,0.3502928982993565,-2.425825059570163,-1.5398335285541724,0.8859915310159909
47.42,0.33168471569921504,-2.4654150022010963,-1.5118921339765214,0.9535228682245747
47.43,0.3121559481743505,-2.5066695849410388,-1.4857026710163392,1.0209669139246997
47.44,0.29682165526418613,-2.5388674916058953,-1.4613951064227706,1.0774723851831245
47.45,0.2753409850835693,-2.5837038943200104,-1.4384108491107512,1.1452930452092591
47.46,0.256697554143649,-2.622385247842143,-1.4170918506475618,1.2052933971945814
47.47,0.23856199881955684,-2.6598230006417247,-1.3966615554008555,1.2631614452408693
47.48,0.2208474696974611,-2.69622603355478,-1.3776712076718018,1.3185548258829785
47.49,0.20584810745824453,-2.726932060699973,-1.3591415933855457,1.3677904673144274
47.5,0.19250217594297284,-2.754169895307368,-1.3418292301256904,1.4123406651816774
47.51,0.1790780491648274,-2.7814941095696484,-1.324566767604682,1.4569273419649666
47.52,0.1651546948947727,-2.8097629375022413,-1.3083108073277332,1.501452130174508
47.53,0.1574284060239761,-2.8254205663030314,-1.2917184436545766,1.5337021226484546
47.54,0.1470771340919569,-2.846367418565183,-1.2759401899683902,1.5704272285967928
47.55,0.13599138060417484,-2.8687645120124445,-1.2594675050048778,1.6092970070075667
47.56,0.12982398250335828,-2.8812097379857007,-1.2436379476685693,1.6375717903171312
47.57,0.1270754332083197,-2.8867527566565014,-1.2267844379617785,1.659968318694723
47.58,0.11979841038507294,-2.9014189976718052,-1.2104243659930103,1.6909946316787952
47.59,0.11724325852684014,-2.90656557819326,-1.1927367163282958,1.7138288618649642
47.6,0.11142414620984868,-2.918280642820278,-1.1754114525102979,1.74286919030998
47.61,0.11167363484732161,-2.9177785318428207,-1.156476385294581,1.7613021465482395
47.62,0.10730526067509737,-2.92656813091217,-1.1377869218040375,1.7887812091081323
47.63,0.10783976923887398,-2.925492874316409,-1.1172214142020973,1.8082714601143115
47.64,0.1061025399662349,-2.928987384382928,-1.0967937068739873,1.8321936775089407
47.65,0.10937580613990266,-2.9224025197576875,-1.0742341677190848,1.8481683520386025
47.66,0.10727607698199043,-2.926626837168719,-1.0517080290685858,1.8749188081001333
47.67,0.11317986968777052,-2.9147468409878297,-1.0267996551152332,1.8879471858725965
47.68,0.11595028802063995,-2.909169278361129,-1.0018183013049944,1.9073509770561348
47.69,0.11936477021638908,-2.9022925462719273,-0.9742054919380274,1.9280870543339002
47.7,0.12511896895745003,-2.890697170565264,-0.9464065267760393,1.9442906437892247
47.71,0.12831983984861856,-2.8842433994597987,-0.915725073395508,1.9685183260642907
47.72,0.1315909529724684,-2.8776452164507593,-0.8847336492672608,1.9929115671834985
47.73,0.13922141353745526,-2.8622423981906477,-0.8506055191675045,2.0116368790231434
47.74,0.14667439118939316,-2.847181735688116,-0.816030670006679,2.031151065681437
47.75,0.15250558293627015,-2.8353866168164217,-0.7780626295289453,2.0573239872874765
47.76,0.1599186898030934,-2.8203760893589873,-0.7394983682419581,2.0808777211170293
47.77,0.1688884951735687,-2.802188941982918,-0.6972864688270947,2.1049024731558235
47.78,0.1747143124396916,-2.7903614328359114,-0.6543201958706515,2.13604123696526
47.79,0.1851536998481754,-2.769136125250749,-0.6074632639368565,2.1616728613138925
47.8,0.19633824440767061,-2.7463485078248224,-0.5596952755906862,2.186653232234136
47.81,0.20160710617458827,-2.7355957694343176,-0.5078218447253312,2.2277739247089863
47.82,0.21535565751315175,-2.7074806165503538,-0.4549009614934428,2.252579655056911
47.83,0.225251020412869,-2.6871913133616863,-0.3977150604395667,2.2894762529221193
47.84,0.2314121937191684,-2.6745345956069237,-0.3393958286772278,2.335138766929696
47.85,0.24530285730344437,-2.6459284886288064,-0.27674652714065934,2.369181961488147
47.86,0.26048423299963586,-2.614545220855376,-0.21297146429496064,2.401573756560415
47.87,0.2734089612979829,-2.5877221522624665,-0.144946979173623,2.4427751730888434
47.88,0.28582805585097865,-2.5618518086060917,-0.07595041527962897,2.4859013933264626
47.89,0.3039342402858644,-2.5239535571843965,-0.0029872033084606107,2.5209663538759357
47.9,0.3122604317269116,-2.5064496227411084,0.07059691424938305,2.5770465369904914
47.91,0.3313697864807244,-2.4660826171776336,0.14761738811843308,2.613700005296067
47.92,0.3427614806945263,-2.4418828965333743,0.22468136908872302,2.6665642656220974
47.93,0.3554087225596945,-2.4148900485361176,0.3043950967594629,2.7192851452955806
47.94,0.37174778555345683,-2.379810603407403,0.38336962305852323,2.763180226465926
47.95,0.3848465890253784,-2.351509445154006,0.46400332534469524,2.8155127704987013
47.96,0.39361797168140544,-2.332464702772539,0.5429969490222384,2.8754616517947773
47.97,0.40968476478445665,-2.2973757160183426,0.6225719612944647,2.9199476773128072
47.98,0.42087067802512385,-2.272782788309003,0.6996267037706655,2.9724094920796684
47.99,0.4291313804427016,-2.254530876812461,0.7762458013668482,3.030776678179309
48.0,0.43634501216955973,-2.2385275331502155,0.8496270115420416,3.088154544692257
48.01,0.44733848503774887,-2.214018164342041,0.9217390539872452,3.135757218329286
48.02,0.4555547855475081,-2.195602005793967,0.9901490873997167,-3.0974342139859026
48.03,0.4615244703329193,-2.182166921084789,1.0566962038492833,-3.0443221822455144
48.04,0.46465273813949826,-2.175107847545202,1.1193489728809667,-2.9887284867534176
48.05,0.46949311619084694,-2.164159450674235,1.1797746083095093,-2.939251248195842
48.06,0.472417401005769,-2.157529594591934,1.2363493676194997,-2.8893063449681526
48.07,0.48281145384413016,-2.1338680252345097,1.2905157545029473,-2.8588015274421297
48.08,0.48196851091252735,-2.1357926480452227,1.3410545504715,-2.806338108662864
48.09,0.48380362819947104,-2.131601365269603,1.3891355466009665,-2.762448395309017
48.1,0.4822769252729308,-2.135088589004857,1.4339410575525904,-2.714155660622139
48.11,0.4932178874834668,-2.110022629479929,1.4763318865003625,-2.696830791199295
48.12,0.4968104770138254,-2.1017531921694386,1.515890837579945,-2.665541277430203
48.13,0.49992762305863214,-2.0945622457473734,1.5531453598530063,-2.635477701579207
48.14,0.5063962691710393,-2.0795917865929328,1.58807730355956,-2.615516217027094
48.15,0.517896189190362,-2.0528130679887857,1.6208655674017323,-2.6095066717890685
48.16,0.5201282539520187,-2.047590436391005,1.6518863586771289,-2.5837085121114525
48.17,0.5349552510091857,-2.012683090862639,1.680960966554055,-2.5895412497628922
48.18,0.5460564212607062,-1.986293410100356,1.7088505991848848,-2.5880412978943457
48.19,0.5817084388665177,-1.8999376710058713,1.735013825732621,-2.648233810441094
48.2,0.5905015064122429,-1.8782324199065612,1.760583298514961,-2.6443695887580643
48.21,0.6235641215570681,-1.7950056779202457,1.7846525596009761,-2.7035270696583646
48.22,0.642067605340844,-1.7472083094281048,1.8087098520429112,-2.7272671457085704
48.23,0.6782990596550393,-1.6507021031676758,1.831483812805291,-2.8009993912066196
48.24,0.7152455967817497,-1.5476417304194559,1.8548025651380753,-2.8807410116220553
48.25,0.7608752418508068,-1.4122709280631922,1.8770323571460068,-2.9938820219703874
48.26,0.79082536148418,-1.3172799284039884,1.9003276718677113,-3.0655777069078867
48.27,0.8215567175493752,-1.2133203586111507,1.9226972248953909,3.1360175835065416
48.28,0.8712009624513475,-1.0263059459547026,1.9466115738864758,2.9729175198411784
48.29,0.897895479299295,-0.9116622071132595,1.96972887395303,2.8813910810662895
48.3,0.9183217606825069,-0.8139533216002621,1.9948286091666012,2.8087819307668633
48.31,0.938162429364185,-0.7070253615779101,2.0192271198922116,2.7262524814701217
48.32,0.9551336606644142,-0.6013711682396599,2.0460078076774972,2.647378975917157
48.33,0.9695833081335032,-0.49454747627497003,2.0721554042576624,2.5667028805326324
48.34,0.9755803089169384,-0.44289710129745397,2.1010528744113524,2.543949975708806
48.35,0.9806366077621922,-0.39422031497376686,2.1293648400504264,2.5235851550241932
48.36,0.9871707251114648,-0.3207092245725645,2.160768535293204,2.4814777598657685
48.37,0.9903887082122552,-0.27751363967284,2.191621265741073,2.469134905413913
48.38,0.9929899113573427,-0.23695221816205692,2.2258868327251946,2.4628390508872515
48.39,0.9956636732842016,-0.18632153498113127,2.2596294218311783,2.4459509568123097
48.4,0.9965199716616613,-0.1669023342300525,2.2970880341301703,2.4639903683602227
48.41,0.9989994373392481,-0.08947534004668795,2.3340494394596214,2.4235247795063093
48.42,0.9990779455219573,-0.08589278015311534,2.3750117430216453,2.4609045231747606
48.43,0.9998651467477732,-0.03284585614482619,2.4155015070166828,2.448347363161509
48.44,0.9999624591921682,-0.017329983893703587,2.4602541915746694,2.477584175468373
48.45,0.9999748825757623,0.014175338976090645,2.5045546871642905,2.4903793481882
48.46,0.9997096152730629,0.04819948397291728,2.553347584565322,2.505148100592405
48.47,0.9989728484743983,0.09065660103154902,2.6016956407179896,2.5110390396864406
48.48,0.9982387039446973,0.11872028724952653,2.6547172169267945,2.535996929677268
48.49,0.9972915332041703,0.1472328852320386,2.7072731619989865,2.560040276766948
48.5,0.9963790377327495,0.17025039460043528,2.764612831861051,2.5943624372606156
48.51,0.9943824307086975,0.21209123882952854,2.8214161320971196,2.609324893267591
48.52,0.9929156332725563,0.2382057476130002,2.8830137656918806,2.6448080180788804
48.53,0.9920986998579142,0.25158262598587194,2.9439273947597706,2.6923447687738986
48.54,0.9897518317918671,0.28657592866167597,3.009514552496165,2.722938623834489
48.55,0.9876177879596819,0.3150599936283882,3.074165690212252,2.759105696583864
48.56,0.9859205414172085,0.3360074013057129,-3.1399755102680698,2.807202395605804
48.57,0.9830028224105415,0.36927548210220956,-3.0722433384439922,2.8416664866333847
48.58,0.9801834951472593,0.3988212823553827,-3.0005730465304,2.8837909782938036
48.59,0.9786107186060038,0.41440047828287147,-2.930714707820128,2.938070121076587
48.6,0.9772304806080511,0.42761156604338063,-2.857536662866064,2.998037078270142
48.61,0.9738211740282587,0.45864018097769965,-2.7867657609856797,3.037779365216207
48.62,0.9717847828363517,0.4762260614831189,-2.7134145924176636,3.093544653278804
48.63,0.9703748622515693,0.48803753333954525,-2.643101577461105,-3.13113911080065
48.64,0.9704707440174596,0.4872431905778294,-2.5709995515437547,-3.058242742121584
48.65,0.9686363918103371,0.5022265571521474,-2.5025249677529455,-3.004751524905093
48.66,0.9683811490284281,0.5042768734376829,-2.433026859541729,-2.937303732979412
48.67,0.9687591334908503,0.5012376738279091,-2.3676305039440093,-2.8688681777719185
48.68,0.9693126280064835,0.49675443960144205,-2.301887705812246,-2.7986421454136883
48.69,0.9697086142842102,0.493522531923535,-2.240557998472703,-2.734080530396238
48.7,0.9717213402262025,0.4767637108664297,-2.179438178794339,-2.656201889660769
48.71,0.9728660768733202,0.4669691820693007,-2.1228652172864284,-2.589834399355729
48.72,0.9746948241928582,0.45088914137404,-2.0669358856244004,-2.5178250269984406
48.73,0.9763113527926051,0.43619048935501814,-2.0155221193502912,-2.4517126087053094
48.74,0.9786262108278544,0.4142498372660982,-1.9650806921592296,-2.379330529425328
48.75,0.9809467864303282,0.39103991648987996,-1.9189849364428297,-2.3100248529327096
48.76,0.9831754115770754,0.367390571858173,-1.874108840380943,-2.241499412239116
48.77,0.9854915616924808,0.3411000690542031,-1.8332988467746232,-2.174398915828826
48.78,0.9869539060756414,0.32341378805505155,-1.7938952530068606,-2.117309041061912
48.79,0.989032061926106,0.2964867106475759,-1.7581939363258752,-2.054680646973451
48.8,0.990418508564324,0.27708239180118927,-1.7240399435652662,-2.0011223353664556
48.81,0.992155008622159,0.2506833892436269,-1.693160920608272,-1.943844309851899
48.82,0.9933623801610133,0.23056410585600448,-1.6639337409238393,-1.8944978467798437
48.83,0.9953963647857628,0.1919827450545979,-1.6375082045608644,-1.8294909496154623
48.84,0.9959720485145124,0.17956967359269968,-1.612808926187894,-1.7923785997805937
48.85,0.9968728372006527,0.15820983579366651,-1.590407849846032,-1.7486176856396984
48.86,0.9975071109824771,0.14124943768769227,-1.5697826907145576,-1.7110321284022498
48.87,0.9982732420166616,0.11755016499011763,-1.55093757875036,-1.6684877437404777
48.88,0.9986882677244417,0.10245073545881556,-1.5338989955236861,-1.6363497309825017
48.89,0.9991812440598176,0.08093788687453807,-1.518122536003329,-1.599060422877867
48.9,0.9994676225562562,0.06526405982314798,-1.504170553563966,-1.569434613387114
48.91,0.9995892894130803,0.0573228543506763,-1.4909767394630609,-1.5482995938137372
48.92,0.9998539782105905,0.03417898105852935,-1.4796193104041684,-1.5137982914626977
48.93,0.9999855223203132,0.010762049849673017,-1.4685414994590968,-1.4793035493087698
48.94,0.9999999855166374,-0.0003403922762159635,-1.4593120111755953,-1.4589716188993793
48.95,0.9999999213208832,0.0007933680997433837,-1.4499171846579442,-1.4507105527576876
48.96,0.9998994821514965,-0.02835764905934823,-1.4423874202325484,-1.4140297711732002
48.97,0.9999099966415926,-0.026833517628585032,-1.4342854227501758,-1.4074519051215908
48.98,0.9997134724598139,-0.0478782810248577,-1.4280730705067162,-1.3801947894818585
48.99,0.9995899521746121,-0.057276581717534705,-1.4209205057151921,-1.3636439239976574
49.0,0.9994410759958932,-0.06687158307535926,-1.415691289915496,-1.3488197068401369
49.01,0.9994505202898335,-0.06630415002797796,-1.4091906223608146,-1.3428864723328366
49.02,0.9990655830441262,-0.08646675729568341,-1.404655934459802,-1.3181891771641185
49.03,0.9989721656330199,-0.09068673504632456,-1.398550938998013,-1.3078642039516886
49.04,0.9986842293052355,-0.10260835592233965,-1.3944622932445694,-1.2918539373222298
49.05,0.9985041641470752,-0.1094059933483362,-1.3885312136329693,-1.279125220284633
49.06,0.9981169284905453,-0.1227570869466923,-1.3846729208742512,-1.261915833927559
49.07,0.997282849053208,-0.14746883939399183,-1.3787206072494218,-1.23125176785543
49.08,0.9970838668000478,-0.15277569462729915,-1.37490186150787,-1.222126166880571
49.09,0.99647402086548,-0.16800126602326632,-1.368751879977435,-1.2007506139541686
49.1,0.9968821310078497,-0.1579744416058015,-1.3647991229777867,-1.2068246813719852
49.11,0.9957080273989084,-0.1853655046939631,-1.3582864950410942,-1.1729209903471312
49.12,0.9953438708001117,-0.1930750517177933,-1.3540365793830886,-1.1609615276652954
49.13,0.9941351301048442,-0.21671385116996794,-1.3470015006441214,-1.1302876494741534
49.14,0.9936666994339408,-0.22521095880022451,-1.342295880827101,-1.1170849220268766
49.15,0.9928524496924283,-0.23926689955924643,-1.3345785282409621,-1.0953116286817157
49.16,0.991991883102299,-0.25327973632675443,-1.329258495105411,-1.0759787587786565
49.17,0.9905837073640829,-0.27467956046126507,-1.3206948663301639,-1.0460153058688988
49.18,0.9899257016633941,-0.28413038098143595,-1.3145977012747443,-1.0304673202933083
49.19,0.9879325835502001,-0.3110210961208187,-1.305016326432546,-0.9939952303117273
49.2,0.9871678689957768,-0.3207449982125124,-1.297972170480139,-0.9772271722676266
49.21,0.9843434126067,-0.35437396763372675,-1.2871914774864852,-0.9328175098527585
49.22,0.9836244981830283,-0.3624405149347738,-1.2790206678717941,-0.9165801529370203
49.23,0.9816930404294458,-0.38328152927269377,-1.2668467505244707,-0.8835652212517769
49.24,0.9789599534494036,-0.41099142495807545,-1.2573573579410295,-0.8463659329829539
49.25,0.9773480824755726,-0.42650164002395274,-1.2435818787635182,-0.8170802387395654
49.26,0.9734601066283243,-0.46180624236240786,-1.232567170699293,-0.7707609283368851
49.27,0.9701233571140057,-0.49011515882307655,-1.2169651208828833,-0.7268499620598067
49.28,0.9669459044858959,-0.5156573542660379,-1.2042006746704346,-0.6885433204043967
49.29,0.9624943331634667,-0.5494905723672994,-1.1865277089844952,-0.6370371366171957
49.3,0.9591447650527786,-0.573665392802772,-1.1717679012542024,-0.5981025084514304
49.31,0.9530617538128193,-0.6152080150730335,-1.1517569688811657,-0.5365489538081323
49.32,0.9494900636201978,-0.6383789926735315,-1.1347305803373406,-0.4963515876638092
49.33,0.9437989970620433,-0.6737089183171472,-1.1120875914757962,-0.43837867315864887
49.34,0.938160888017831,-0.7070342660119293,-1.092492299044834,-0.38545803303290477
49.35,0.9296517772513136,-0.75465948227669,-1.0668906191369656,-0.3122311368602756
49.36,0.9234054402052828,-0.78787219557387,-1.0443862254627856,-0.25651402988891575
49.37,0.9143733930876584,-0.8336775757563861,-1.0154599070387955,-0.18178233128240945
49.38,0.9064692893695537,-0.8719000183939687,-0.9896603248924553,-0.11776030649848651
49.39,0.8969702423768164,-0.9158568663819708,-0.9569962314951097,-0.04113936511313893
49.4,0.8878486954083713,-0.9562956555878235,-0.9274605784099906,0.02883507717783279
49.41,0.8787783994197922,-0.9949999271819141,-0.8905900315713637,0.10440989561055045
49.42,0.8684859927600324,-1.037312846599607,-0.8568138359381963,0.18049901066141094
49.43,0.8569921012231938,-1.0827842798050262,-0.8152053012690564,0.26757897853596974
49.44,0.8479446385991956,-1.1174011256564398,-0.7766139979555249,0.34078712770091485
49.45,0.837531111974147,-1.1560948520956194,-0.7296698931655861,0.4264249589300331
49.46,0.8282440100087087,-1.1896591553830735,-0.685618819328963,0.5040403360541106
49.47,0.8208432360828026,-1.2158209935371516,-0.6326821419623776,0.583138851574774
49.48,0.8131420328270423,-1.2425326229355291,-0.5824705145921785,0.6600621083433507
49.49,0.8074046007934259,-1.2621130855622134,-0.5228509903436798,0.7392620952185337
49.5,0.8039426168938173,-1.273801983588601,-0.46576204852657993,0.8080399350620212
49.51,0.7998508832698424,-1.28749919103134,-0.3987967531966485,0.8887024378346917
49.52,0.7989966577699531,-1.290342973025497,-0.334181622732214,0.956161350293283
49.53,0.8033411741062765,-1.2758232560712688,-0.25934972260488964,1.0164735334663793
49.54,0.8014801060279344,-1.2820603852332624,-0.186775158388099,1.0952852268451634
49.55,0.8085805352468833,-1.258121400679783,-0.10388472319055327,1.1542366774892296
49.56,0.8145887236454188,-1.2375530696165378,-0.023355780380300076,1.2141972892362378
49.57,0.8277740842666982,-1.1913353226515693,0.06719990478019286,1.258535227431762
49.58,0.8346805436137037,-1.1664877040319257,0.15496751345783155,1.3214552174897574
49.59,0.8472511879926024,-1.1200147707064791,0.25194219437046955,1.3719569650769488
49.6,0.8578843124320186,-1.079316596591092,0.3453000745357607,1.4246166711268529
49.61,0.8724117607501352,-1.0213623921822308,0.44646081539049376,1.4678232075727244
49.62,0.883900588972184,-0.9733167315384831,0.5428394650632214,1.5161561966017045
49.63,0.8992193954449309,-0.9056286874277979,0.6451626241705217,1.5507913115983196
49.64,0.9106445003584841,-0.8519102462002222,0.741480415284081,1.5933906614843032
49.65,0.9227712934381813,-0.7911700010955182,0.8417509124580248,1.632920913553543
49.66,0.9354154312058943,-0.7227281128598911,0.9351512518776862,1.6578793647375774
49.67,0.9443234591704375,-0.6705281367190951,1.0307284263879855,1.7012565631070804
49.68,0.9519992503824428,-0.6221881014574454,1.1192701794856106,1.741458280943056
49.69,0.9614915799866579,-0.5568349095245071,1.2085884106034928,1.7654233201279999
49.7,0.9671463079337378,-0.5140830994065664,1.2915146352195064,1.8055977346260728
49.71,0.9748049837436576,-0.44990248746613953,1.3740979025940923,1.8240003900602317
49.72,0.9789670930744724,-0.41092144075748327,1.4516618889761903,1.8625833297336736
49.73,0.9844261693100086,-0.3534337103410125,1.5278066212620318,1.8812403316030444
49.74,0.9863565156206651,-0.33075213512970736,1.6009143314435974,1.9316664665733048
49.75,0.990424007592072,-0.27700274117867446,1.6713176879260674,1.9483204291047418
49.76,0.9915058767030073,-0.26086280886657254,1.7412194343878349,2.0020822432544074
49.77,0.9945425296444995,-0.20904433194023814,1.8067074174016982,2.0157517493419363
49.78,0.9952847434493185,-0.19429805608049233,1.8748187429895824,2.0691167990700747
49.79,0.9974073044350986,-0.14405045463826913,1.9361918863841854,2.0802423410224544
49.8,0.99810560231735,-0.12312582535774917,2.0040283735775386,2.127154198935288
49.81,0.9988435738827057,-0.09619351632819932,2.061988007282322,2.158181523610521
49.82,0.9992375544141381,-0.07810467298581651,2.1311790401608985,2.209283713146715
49.83,0.9994763517818255,-0.06472674413563698,2.186295810494164,2.251022554629801
49.84,0.9998581736886611,-0.03368437785278101,2.25865560946727,2.292339987320051
49.85,0.9999855703684184,-0.010744176574893207,2.3113547145617703,2.3220988911366636
49.86,0.9999778036990685,-0.013325579325361044,2.3890091452127074,2.4023347245380684
49.87,0.9999883010992088,0.009674264251897265,2.4395570531067623,2.429882788854865
49.88,0.9999988580870545,0.0030224667579580597,2.5251480018409636,2.5221255350830054
49.89,0.9998163558755637,0.038330118243717654,2.5736303580494937,2.535300239805776
49.9,0.9999292249505002,0.02379510611313146,2.670657077606312,2.6468619714931805
49.91,0.999776572622893,0.0422786657848375,2.7169378244766134,2.674659158691776
49.92,0.9998975194855465,0.02863316466999206,2.8303818796209095,2.8017487149509175
49.93,0.9997251777467171,0.046890070768458025,2.8740292922731725,2.8271392215047144
49.94,0.9997937702298233,0.040618897968271554,3.0116690579470684,2.971050159978797
49.95,0.9998168113906221,0.03828254982755476,3.0518215516766976,3.013539001849143
49.96,0.9998224297778598,0.03769089837998996,-3.055559867365997,-3.093250765745987
49.97,0.9996775354505903,0.050792273543467374,-3.020456236452585,-3.0712485099960523
49.98,0.9998754735416059,0.03156314850621284,-2.7741490609434267,-2.8057122094496396
49.99,0.9998586223855283,0.033631050637026726,-2.7469844376028805,-2.7806154882399072
50.0,0.9999529068510024,0.01941000126321552,-2.2927394524250717,-2.312149453688287
